cve_entidad,desc_entidad,cve_municipio,desc_municipio,id_indicador,indicador,año,valor,unidad_medida
09,Ciudad de México,0,ESTATAL,1001000001,Superficie continental,2020,1494.31528785,Kilómetros cuadrados
09,Ciudad de México,0,ESTATAL,1002000001,Población total,2020,9209944,Personas
09,Ciudad de México,0,ESTATAL,1002000002,Población total hombres,2020,4404927,Personas
09,Ciudad de México,0,ESTATAL,1002000003,Población total mujeres,2020,4805017,Personas
09,Ciudad de México,0,ESTATAL,1002000004,Porcentaje de población de 15 a 29 años,2020,23.0131501976345,Porcentaje
09,Ciudad de México,0,ESTATAL,1002000005,Porcentaje de hombres de 15 a 29 años,2020,24.1410053852783,Porcentaje
09,Ciudad de México,0,ESTATAL,1002000006,Porcentaje de mujeres de 15 a 29 años,2020,21.9792865841947,Porcentaje
09,Ciudad de México,0,ESTATAL,1002000007,Porcentaje de población de 60 y más años,2020,16.2126896048593,Porcentaje
09,Ciudad de México,0,ESTATAL,1002000008,Porcentaje de hombres de 60 y más años,2020,14.5088888000029,Porcentaje
09,Ciudad de México,0,ESTATAL,1002000009,Porcentaje de mujeres de 60 y más años,2020,17.7745015076537,Porcentaje
09,Ciudad de México,0,ESTATAL,1002000010,Edad mediana,2020,35,Años
09,Ciudad de México,0,ESTATAL,1002000011,Edad mediana hombres,2020,34,Años
09,Ciudad de México,0,ESTATAL,1002000012,Edad mediana mujeres,2020,36,Años
09,Ciudad de México,0,ESTATAL,1002000013,Promedio de hijos nacidos vivos de las mujeres de 12 años y más,2020,1.64521747818877,Promedio
09,Ciudad de México,0,ESTATAL,1002000014,Población en hogares censales,2020,9159392,Personas
09,Ciudad de México,0,ESTATAL,1002000015,Población en hogares familiares,2020,8623417,Personas
09,Ciudad de México,0,ESTATAL,1002000016,Población en hogares no familiares,2020,526837,Personas
09,Ciudad de México,0,ESTATAL,1002000018,Hogares censales,2020,2756319,Hogares
09,Ciudad de México,0,ESTATAL,1002000019,Hogares con jefatura masculina,2020,1657954,Hogares
09,Ciudad de México,0,ESTATAL,1002000020,Hogares con jefatura femenina,2020,1098365,Hogares
09,Ciudad de México,0,ESTATAL,1002000021,Tamaño promedio de los hogares censales,2020,3.32305223016639,Personas
09,Ciudad de México,0,ESTATAL,1002000022,Tamaño promedio de los hogares con jefe hombre,2020,3.46893882459948,Personas
09,Ciudad de México,0,ESTATAL,1002000023,Tamaño promedio de los hogares con jefe mujer,2020,3.10284013055769,Personas
09,Ciudad de México,0,ESTATAL,1002000024,Relación hombres-mujeres,2020,91.6734945994988,Hombres por cada 100 mujeres
09,Ciudad de México,0,ESTATAL,1002000041,Porcentaje de personas de 15 años y más alfabetas,2020,98.1526178379857,Porcentaje
09,Ciudad de México,0,ESTATAL,1002000050,Tasa de alfabetización de las personas de 15 a 24 años,2020,99.2191907070654,Tasa
09,Ciudad de México,0,ESTATAL,1002000055,Población de edad no especificada,2020,9626,Personas
09,Ciudad de México,0,ESTATAL,1002000056,Población de edad no especificada. Hombres,2020,4783,Personas
09,Ciudad de México,0,ESTATAL,1002000057,Población de edad no especificada. Mujeres,2020,4843,Personas
09,Ciudad de México,0,ESTATAL,1002000058,Población de 0 a 4 años,2020,479904,Personas
09,Ciudad de México,0,ESTATAL,1002000059,Población de 0 a 4 años. Hombres,2020,242877,Personas
09,Ciudad de México,0,ESTATAL,1002000060,Población de 0 a 4 años. Mujeres,2020,237027,Personas
09,Ciudad de México,0,ESTATAL,1002000061,Población de 10 a 14 años,2020,608962,Personas
09,Ciudad de México,0,ESTATAL,1002000062,Población de 10 a 14 años. Hombres,2020,309140,Personas
09,Ciudad de México,0,ESTATAL,1002000063,Población de 10 a 14 años. Mujeres,2020,299822,Personas
09,Ciudad de México,0,ESTATAL,1002000064,Población de 100 años y más,2020,1308,Personas
09,Ciudad de México,0,ESTATAL,1002000065,Población de 100 años y más. Hombres,2020,357,Personas
09,Ciudad de México,0,ESTATAL,1002000066,Población de 100 años y más. Mujeres,2020,951,Personas
09,Ciudad de México,0,ESTATAL,1002000067,Población de 15 a 19 años,2020,650389,Personas
09,Ciudad de México,0,ESTATAL,1002000068,Población de 15 a 19 años. Hombres,2020,331109,Personas
09,Ciudad de México,0,ESTATAL,1002000069,Población de 15 a 19 años. Mujeres,2020,319280,Personas
09,Ciudad de México,0,ESTATAL,1002000070,Población de 20 a 24 años,2020,714605,Personas
09,Ciudad de México,0,ESTATAL,1002000071,Población de 20 a 24 años. Hombres,2020,359049,Personas
09,Ciudad de México,0,ESTATAL,1002000072,Población de 20 a 24 años. Mujeres,2020,355556,Personas
09,Ciudad de México,0,ESTATAL,1002000073,Población de 25 a 29 años,2020,752289,Personas
09,Ciudad de México,0,ESTATAL,1002000074,Población de 25 a 29 años. Hombres,2020,372081,Personas
09,Ciudad de México,0,ESTATAL,1002000075,Población de 25 a 29 años. Mujeres,2020,380208,Personas
09,Ciudad de México,0,ESTATAL,1002000076,Población de 30 a 34 años,2020,743611,Personas
09,Ciudad de México,0,ESTATAL,1002000077,Población de 30 a 34 años. Hombres,2020,363448,Personas
09,Ciudad de México,0,ESTATAL,1002000078,Población de 30 a 34 años. Mujeres,2020,380163,Personas
09,Ciudad de México,0,ESTATAL,1002000079,Población de 35 a 39 años,2020,705850,Personas
09,Ciudad de México,0,ESTATAL,1002000080,Población de 35 a 39 años. Hombres,2020,340545,Personas
09,Ciudad de México,0,ESTATAL,1002000081,Población de 35 a 39 años. Mujeres,2020,365305,Personas
09,Ciudad de México,0,ESTATAL,1002000082,Población de 40 a 44 años,2020,670307,Personas
09,Ciudad de México,0,ESTATAL,1002000083,Población de 40 a 44 años. Hombres,2020,317312,Personas
09,Ciudad de México,0,ESTATAL,1002000084,Población de 40 a 44 años. Mujeres,2020,352995,Personas
09,Ciudad de México,0,ESTATAL,1002000085,Población de 45 a 49 años,2020,668945,Personas
09,Ciudad de México,0,ESTATAL,1002000086,Población de 45 a 49 años. Hombres,2020,313846,Personas
09,Ciudad de México,0,ESTATAL,1002000087,Población de 45 a 49 años. Mujeres,2020,355099,Personas
09,Ciudad de México,0,ESTATAL,1002000088,Población de 5 a 9 años,2020,563907,Personas
09,Ciudad de México,0,ESTATAL,1002000089,Población de 5 a 9 años. Hombres,2020,286280,Personas
09,Ciudad de México,0,ESTATAL,1002000090,Población de 5 a 9 años. Mujeres,2020,277627,Personas
09,Ciudad de México,0,ESTATAL,1002000091,Población de 50 a 54 años,2020,623483,Personas
09,Ciudad de México,0,ESTATAL,1002000092,Población de 50 a 54 años. Hombres,2020,286394,Personas
09,Ciudad de México,0,ESTATAL,1002000093,Población de 50 a 54 años. Mujeres,2020,337089,Personas
09,Ciudad de México,0,ESTATAL,1002000094,Población de 55 a 59 años,2020,526447,Personas
09,Ciudad de México,0,ESTATAL,1002000095,Población de 55 a 59 años. Hombres,2020,239651,Número de personas
09,Ciudad de México,0,ESTATAL,1002000096,Población de 55 a 59 años. Mujeres,2020,286796,Número de personas
09,Ciudad de México,0,ESTATAL,1002000097,Población de 60 a 64 años,2020,469514,Personas
09,Ciudad de México,0,ESTATAL,1002000098,Población de 60 a 64 años. Hombres,2020,209065,Número de personas
09,Ciudad de México,0,ESTATAL,1002000099,Población de 60 a 64 años. Mujeres,2020,260449,Número de personas
09,Ciudad de México,0,ESTATAL,1002000100,Población de 65 a 69 años,2020,356196,Personas
09,Ciudad de México,0,ESTATAL,1002000101,Población de 65 a 69 años. Hombres,2020,157245,Número de personas
09,Ciudad de México,0,ESTATAL,1002000102,Población de 65 a 69 años. Mujeres,2020,198951,Número de personas
09,Ciudad de México,0,ESTATAL,1002000103,Población de 70 a 74 años,2020,267744,Personas
09,Ciudad de México,0,ESTATAL,1002000104,Población de 70 a 74 años. Hombres,2020,115130,Número de personas
09,Ciudad de México,0,ESTATAL,1002000105,Población de 70 a 74 años. Mujeres,2020,152614,Número de personas
09,Ciudad de México,0,ESTATAL,1002000106,Población de 75 a 79 años,2020,175215,Personas
09,Ciudad de México,0,ESTATAL,1002000107,Población de 75 a 79 años. Hombres,2020,74210,Número de personas
09,Ciudad de México,0,ESTATAL,1002000108,Población de 75 a 79 años. Mujeres,2020,101005,Número de personas
09,Ciudad de México,0,ESTATAL,1002000109,Población de 80 a 84 años,2020,117480,Personas
09,Ciudad de México,0,ESTATAL,1002000110,Población de 80 a 84 años. Hombres,2020,46094,Número de personas
09,Ciudad de México,0,ESTATAL,1002000111,Población de 80 a 84 años. Mujeres,2020,71386,Número de personas
09,Ciudad de México,0,ESTATAL,1002000112,Población de 85 a 89 años,2020,66316,Personas
09,Ciudad de México,0,ESTATAL,1002000113,Población de 85 a 89 años. Hombres,2020,24278,Número de personas
09,Ciudad de México,0,ESTATAL,1002000114,Población de 85 a 89 años. Mujeres,2020,42038,Número de personas
09,Ciudad de México,0,ESTATAL,1002000115,Población de 90 a 94 años,2020,28780,Personas
09,Ciudad de México,0,ESTATAL,1002000116,Población de 90 a 94 años. Hombres,2020,9308,Número de personas
09,Ciudad de México,0,ESTATAL,1002000117,Población de 90 a 94 años. Mujeres,2020,19472,Número de personas
09,Ciudad de México,0,ESTATAL,1002000118,Población de 95 a 99 años,2020,9066,Personas
09,Ciudad de México,0,ESTATAL,1002000119,Población de 95 a 99 años. Hombres,2020,2725,Número de personas
09,Ciudad de México,0,ESTATAL,1002000120,Población de 95 a 99 años. Mujeres,2020,6341,Número de personas
09,Ciudad de México,0,ESTATAL,1002000127,Relación de dependencia,2020,40.991534670459,Personas dependientes por cada 100 personas en edad de trabajar
09,Ciudad de México,0,ESTATAL,1003000001,Total de viviendas particulares habitadas,2020,2756319,Viviendas
09,Ciudad de México,0,ESTATAL,1003000011,Viviendas particulares habitadas,2020,2604348,Número de Viviendas
09,Ciudad de México,0,ESTATAL,1003000015,Promedio de ocupantes en viviendas particulares habitadas,2020,3.32369741829081,Promedio
09,Ciudad de México,0,ESTATAL,1003000017,Viviendas particulares habitadas que disponen de energía eléctrica,2020,2746872,Viviendas
09,Ciudad de México,0,ESTATAL,1003000018,Viviendas particulares habitadas que disponen de agua de la red pública en el ámbito de la vivienda,2020,2719720,Viviendas
09,Ciudad de México,0,ESTATAL,1003000019,Viviendas particulares habitadas que disponen de drenaje,2020,2744306,Viviendas
09,Ciudad de México,0,ESTATAL,1003000020,Viviendas particulares habitadas que disponen de excusado o sanitario,2020,2743801,Viviendas
09,Ciudad de México,0,ESTATAL,1003000023,Viviendas particulares habitadas que disponen de lavadora,2020,2279427,Viviendas
09,Ciudad de México,0,ESTATAL,1003000024,Viviendas particulares habitadas que disponen de computadora,2020,1649403,Viviendas
09,Ciudad de México,0,ESTATAL,1004000001,Población derechohabiente a servicios de salud,2020,6689012,Personas
09,Ciudad de México,0,ESTATAL,1005000012,Población de 5 años y más que asiste a la escuela,2020,2113980,Personas
09,Ciudad de México,0,ESTATAL,1005000038,Grado promedio de escolaridad de la población de 15 y más años,2020,11.4820394079325,Años de escolaridad
09,Ciudad de México,0,ESTATAL,1005000039,Población de 5 años y más hablante de lengua indígena,2020,124540,Personas
09,Ciudad de México,0,ESTATAL,3104003001,Porcentaje de población inmigrante (migración reciente),2020,3.57436060970913,Porcentaje
09,Ciudad de México,0,ESTATAL,3105001001,Densidad de población,2020,6163.32046850109,Habitantes por kilómetro cuadrado
09,Ciudad de México,0,ESTATAL,3105004001,Porcentaje de población en localidades de menos de 2 500 habitantes,2020,0.698288719236512,Porcentaje
09,Ciudad de México,0,ESTATAL,3108001001,Porcentaje de analfabetas total,2020,1.42356223116258,Porcentaje
09,Ciudad de México,0,ESTATAL,3108001002,Porcentaje de analfabetas hombres,2020,0.945548756024613,Porcentaje
09,Ciudad de México,0,ESTATAL,3108001003,Porcentaje de analfabetas mujeres,2020,1.85074232919805,Porcentaje
09,Ciudad de México,0,ESTATAL,3114004001,Porcentaje de viviendas con piso de tierra,2020,0.588590308225985,Porcentaje
09,Ciudad de México,0,ESTATAL,3114006001,Porcentaje de viviendas con electricidad,2020,99.8075336216635,Porcentaje
09,Ciudad de México,0,ESTATAL,6200031290,Porcentaje de viviendas particulares habitadas con disponibilidad de drenaje,2020,99.7142980681782,Porcentaje
09,Ciudad de México,0,ESTATAL,6200031291,Porcentaje de viviendas particulares habitadas con disponibilidad de excusado,2020,99.6959489043006,Porcentaje
09,Ciudad de México,0,ESTATAL,6200108938,Porcentaje de viviendas con techos de materiales resistentes,2020,94.5980168795831,Porcentaje
09,Ciudad de México,0,ESTATAL,6200205238,Población de 8 a 14 años que sabe leer y escribir,2020,821303,Personas
09,Ciudad de México,0,ESTATAL,6200205243,Viviendas habitadas,2020,2757433,Viviendas
09,Ciudad de México,0,ESTATAL,6200205244,Viviendas que son cuarto de azotea,2020,3732,Viviendas
09,Ciudad de México,0,ESTATAL,6200205245,Viviendas móviles,2020,102,Viviendas
09,Ciudad de México,0,ESTATAL,6200205246,Viviendas que son departamento en edificio o vivienda en vecindad,2020,890555,Viviendas
09,Ciudad de México,0,ESTATAL,6200205247,Viviendas que son refugio,2020,436,Viviendas
09,Ciudad de México,0,ESTATAL,6200205248,Viviendas colectivas,2020,1114,Viviendas
09,Ciudad de México,0,ESTATAL,6200205249,Viviendas que son casa independiente o local no construido para habitación,2020,806142,Viviendas
09,Ciudad de México,0,ESTATAL,6200205251,Promedio de hijos nacidos vivos de las mujeres de 12 años y más casada sólo religiosamente,2020,2.61466449414901,Promedio
09,Ciudad de México,0,ESTATAL,6200205252,Población de 5 años y más inmigrante,2020,308686,Personas
09,Ciudad de México,0,ESTATAL,6200205253,Población total sin limitación en la actividad,2020,7489519,Personas
09,Ciudad de México,0,ESTATAL,6200205254,Población total que no especificó limitación en la actividad,2020,16598,Personas
09,Ciudad de México,0,ESTATAL,6200205255,Porcentaje de la población migrante internacional destino otro país,2020,55.991958843111,Porcentaje
09,Ciudad de México,0,ESTATAL,6200205256,Población de 5 años y más con religión no especificada,2020,14840,Personas
09,Ciudad de México,0,ESTATAL,6200205257,Población de 5 años y más católica,2020,6634532,Personas
09,Ciudad de México,0,ESTATAL,6200205258,Promedio de hijos nacidos vivos de las mujeres de 12 años y más solteras,2020,0.34402298995886,Promedio
09,Ciudad de México,0,ESTATAL,6200205259,Población nacida en otro país residente en México,2020,104629,Personas
09,Ciudad de México,0,ESTATAL,6200205260,Población con limitación en la actividad para escuchar,2020,258902,Personas
09,Ciudad de México,0,ESTATAL,6200205261,Población con limitación en la actividad para hablar o comunicarse,2020,58899,Personas
09,Ciudad de México,0,ESTATAL,6200205263,Población con limitación en la actividad para caminar o moverse,2020,370714,Personas
09,Ciudad de México,0,ESTATAL,6200205264,Porcentaje de la población migrante internacional destino no especificado,2020,7.61964463274394,Porcentaje
09,Ciudad de México,0,ESTATAL,6200205265,Promedio de hijos nacidos vivos de las mujeres de 12 años y más que no especificó estado conyugal,2020,1.64435146443515,Promedio
09,Ciudad de México,0,ESTATAL,6200205266,Promedio de hijos nacidos vivos de las mujeres de 12 años y más casada civil y religiosamente,2020,2.49111202079871,Promedio
09,Ciudad de México,0,ESTATAL,6200205267,Promedio de hijos nacidos vivos de las mujeres de 12 años y más separadas,2020,2.28403758124397,Promedio
09,Ciudad de México,0,ESTATAL,6200205268,Población nacida en otro país residente en México hombres,2020,51793,Personas
09,Ciudad de México,0,ESTATAL,6200205269,Población con limitación en la actividad para atender el cuidado personal,2020,55719,Personas
09,Ciudad de México,0,ESTATAL,6200205270,Población con limitación en la actividad para poner atención o aprender,2020,226966,Personas
09,Ciudad de México,0,ESTATAL,6200205271,Población con limitación en la actividad,2020,1141218,Personas
09,Ciudad de México,0,ESTATAL,6200205272,Porcentaje de población nacida en otro país residente en México,2020,1.13604382393639,Porcentaje
09,Ciudad de México,0,ESTATAL,6200205273,Población de 5 años y más con religión distinta de católica,2020,1125620,Personas
09,Ciudad de México,0,ESTATAL,6200205274,Porcentaje de población masculina nacida en otro país residente en México,2020,1.17579701093798,Porcentaje
09,Ciudad de México,0,ESTATAL,6200205275,Promedio de hijos nacidos vivos de las mujeres de 12 años y más divorciadas,2020,2.06608867300137,Promedio
09,Ciudad de México,0,ESTATAL,6200205276,Promedio de hijos nacidos vivos de las mujeres de 12 años y más en unión libre,2020,1.77509058734305,Promedio
09,Ciudad de México,0,ESTATAL,6200205277,Población de 5 años y más emigrante,2020,557181,Personas
09,Ciudad de México,0,ESTATAL,6200205279,Promedio de hijos nacidos vivos de las mujeres de 12 años y más casada sólo por lo civil,2020,2.08395378438282,Promedio
09,Ciudad de México,0,ESTATAL,6200205280,Población con limitación en la actividad para ver,2020,731537,Personas
09,Ciudad de México,0,ESTATAL,6200205282,Porcentaje de población femenina nacida en otro país residente en México,2020,1.09960068819736,Porcentaje
09,Ciudad de México,0,ESTATAL,6200205283,Promedio de hijos nacidos vivos de las mujeres de 12 años y más viudas,2020,3.9151484510357,Promedio
09,Ciudad de México,0,ESTATAL,6200205284,Población nacida en otro país residente en México mujeres,2020,52836,Personas
09,Ciudad de México,0,ESTATAL,6200205285,Porcentaje de la población migrante internacional destino Estados Unidos de América,2020,36.3883965241451,Porcentaje
09,Ciudad de México,0,ESTATAL,6200205286,Población con limitación en la actividad mental,2020,142955,Personas
09,Ciudad de México,0,ESTATAL,6200205288,Índice de masculinidad de la población nacida en otro país residente en México,2020,98.0259671436142,Índice
09,Ciudad de México,0,ESTATAL,6200205289,Población de 5 años y más sin religión,2020,945422,Personas
09,Ciudad de México,0,ESTATAL,6200240300,Porcentaje de hombres de 0 a 4 años,2020,2.63987614341156,Porcentaje
09,Ciudad de México,0,ESTATAL,6200240301,Población católica,2020,6988.016,Miles DE personas
09,Ciudad de México,0,ESTATAL,6200240302,Porcentaje de la población de 60 a 84 años con limitación en la actividad,2020,30.203102263898,Porcentaje
09,Ciudad de México,0,ESTATAL,6200240304,Tasa de monolingüismo de la población de 5 años y más hablante de Tojolabal,2020,2.54237288135593,Porcentaje
09,Ciudad de México,0,ESTATAL,6200240305,Porcentaje de la población que profesa la religión católica,2020,75.8746850143714,Porcentaje
09,Ciudad de México,0,ESTATAL,6200240310,Porcentaje de mujeres de 75 a 79 años,2020,1.09784248761836,Porcentaje
09,Ciudad de México,0,ESTATAL,6200240311,Porcentaje de hombres de 10 a 14 años,2020,3.36010124867423,Porcentaje
09,Ciudad de México,0,ESTATAL,6200240312,Porcentaje de mujeres de 5 a 9 años,2020,3.01758047928343,Porcentaje
09,Ciudad de México,0,ESTATAL,6200240314,Porcentaje de la población de 15 años y más con instrucción media superior,2020,27.6397689579857,Porcentaje
09,Ciudad de México,0,ESTATAL,6200240315,Porcentaje de la población con limitación mental,2020,1.60027233342889,Porcentaje
09,Ciudad de México,0,ESTATAL,6200240316,Tasa de monolingüismo de la población de 5 años y más hablante de Maya,2020,0.25624599615631,Porcentaje
09,Ciudad de México,0,ESTATAL,6200240318,Población de 5 años y más hablante de Tzeltal  (Tseltal),2020,2162,Personas
09,Ciudad de México,0,ESTATAL,6200240319,Tasa de monolingüismo de la población de 5 años y más hablante de Mazateco,2020,1.2408956029134,Porcentaje
09,Ciudad de México,0,ESTATAL,6200240320,Población de 5 años y más hablante de Lenguas chinantecas,2020,3596,Personas
09,Ciudad de México,0,ESTATAL,6200240323,Porcentaje de la población derechohabiente en el Seguro popular,2020,17.9970375296083,Porcentaje
09,Ciudad de México,0,ESTATAL,6200240325,Tasa de monolingüismo de la población de 5 años y más hablante de Náhuatl,2020,0.5388780153021,Porcentaje
09,Ciudad de México,0,ESTATAL,6200240326,Población de 5 años y más hablante de Lenguas zapotecas,2020,9375,Personas
09,Ciudad de México,0,ESTATAL,6200240328,Porcentaje de mujeres de 55 a 59 años,2020,3.117240078006,Porcentaje
09,Ciudad de México,0,ESTATAL,6200240330,Porcentaje de hombres de 75 a 79 años,2020,0.806602554389968,Porcentaje
09,Ciudad de México,0,ESTATAL,6200240331,Población de 5 años y más hablante de Maya,2020,1561,Personas
09,Ciudad de México,0,ESTATAL,6200240332,Población de 5 años y más hablante de Otomí,2020,11717,Personas
09,Ciudad de México,0,ESTATAL,6200240334,Población de 5 años y más hablante de Tojolabal,2020,118,Personas
09,Ciudad de México,0,ESTATAL,6200240341,Porcentaje de mujeres de 40 a 44 años,2020,3.83676955513929,Porcentaje
09,Ciudad de México,0,ESTATAL,6200240342,Porcentaje de mujeres de 70 a 74 años,2020,1.65879048963308,Porcentaje
09,Ciudad de México,0,ESTATAL,6200240343,Porcentaje de hombres de 15 a 19 años,2020,3.5988864732719,Porcentaje
09,Ciudad de México,0,ESTATAL,6200240344,Porcentaje de mujeres de 85 años y más,2020,0.747821977457736,Porcentaje
09,Ciudad de México,0,ESTATAL,6200240345,Población de 5 años y más hablante de Mixe,2020,3725,Personas
09,Ciudad de México,0,ESTATAL,6200240354,Porcentaje de mujeres de 10 a 14 años,2020,3.25882214071296,Porcentaje
09,Ciudad de México,0,ESTATAL,6200240356,Porcentaje de mujeres de 20 a 24 años,2020,3.86460554950383,Porcentaje
09,Ciudad de México,0,ESTATAL,6200240357,Porcentaje de hombres de 35 a 39 años,2020,3.70144814559671,Porcentaje
09,Ciudad de México,0,ESTATAL,6200240358,Porcentaje de la población de 0 a 14 años con limitación en la actividad,2020,4.57564347917107,Porcentaje
09,Ciudad de México,0,ESTATAL,6200240361,Población de 5 años y más hablante de Mazahua,2020,7872,Personas
09,Ciudad de México,0,ESTATAL,6200240364,Tasa de monolingüismo de la población de 5 años y más hablante de Chatino,2020,0,Porcentaje
09,Ciudad de México,0,ESTATAL,6200240365,Porcentaje de la población de 15 años y más con instrucción superior,2020,34.6380975535754,Porcentaje
09,Ciudad de México,0,ESTATAL,6200240366,Tasa de monolingüismo de la población de 5 años y más hablante de Lenguas mixtecas,2020,1.09755216983175,Porcentaje
09,Ciudad de México,0,ESTATAL,6200240367,Porcentaje de la población con limitación para hablar o comunicarse,2020,4.90669622825771,Porcentaje
09,Ciudad de México,0,ESTATAL,6200240368,Porcentaje de la población de 15 años y más con instrucción no especificada,2020,0.187478179990977,Porcentaje
09,Ciudad de México,0,ESTATAL,6200240377,Porcentaje de mujeres de 45 a 49 años,2020,3.85963832989251,Porcentaje
09,Ciudad de México,0,ESTATAL,6200240378,Porcentaje de mujeres de 0 a 4 años,2020,2.57629138471083,Porcentaje
09,Ciudad de México,0,ESTATAL,6200240379,Porcentaje de mujeres de 80 a 84 años,2020,0.775907963181273,Porcentaje
09,Ciudad de México,0,ESTATAL,6200240381,Tasa de monolingüismo de la población de 5 años y más hablante de Tzotzil (Tsotsil),2020,2.41423125794155,Porcentaje
09,Ciudad de México,0,ESTATAL,6200240384,Porcentaje de mujeres de 15 a 19 años,2020,3.47031483042217,Porcentaje
09,Ciudad de México,0,ESTATAL,6200240386,Población de 5 años y más hablante de Lenguas mixtecas,2020,13849,Personas
09,Ciudad de México,0,ESTATAL,6200240388,Porcentaje de hombres de 65 a 69 años,2020,1.70912570630711,Porcentaje
09,Ciudad de México,0,ESTATAL,6200240389,Tasa de crecimiento promedio anual de las viviendas particulares habitadas,2020,1.20182819346051,Tasa
09,Ciudad de México,0,ESTATAL,6200240390,Porcentaje de la población con discapacidad por accidente,2020,12.091418839738,Porcentaje
09,Ciudad de México,0,ESTATAL,6200240395,"Viviendas, de cada cien que cuentan con electricidad, agua y drenaje",2020,98.678714860897,Porcentaje
09,Ciudad de México,0,ESTATAL,6200240396,Porcentaje de la población de 30 a 59 años con limitación en la actividad,2020,11.9122499805136,Porcentaje
09,Ciudad de México,0,ESTATAL,6200240397,Tasa de monolingüismo de la población de 5 años y más hablante de Chol (Ch''ol),2020,0.88495575221238,Porcentaje
09,Ciudad de México,0,ESTATAL,6200240398,Tasa de monolingüismo de la población de 5 años y más hablante de Totonaca (Totonaco),2020,0.68493150684931,Porcentaje
09,Ciudad de México,0,ESTATAL,6200240407,Índice de envejecimiento,2020,90.2494776959691,Porcentaje
09,Ciudad de México,0,ESTATAL,6200240410,Porcentaje de hombres de 60 a 64 años,2020,2.27236710731086,Porcentaje
09,Ciudad de México,0,ESTATAL,6200240411,Porcentaje de hombres de 85 años y más,2020,0.398551441374092,Porcentaje
09,Ciudad de México,0,ESTATAL,6200240413,Tasa de monolingüismo de la población de 5 años y más hablante de Huasteco,2020,0.54151624548736,Porcentaje
09,Ciudad de México,0,ESTATAL,6200240414,"Porcentaje de la población derechohabiente en PEMEX, SDN o SM",2020,1.56187490768442,Porcentaje
09,Ciudad de México,0,ESTATAL,6200240416,Porcentaje de la población usuaria de servicios de salud en instituciones de servicios médicos privados,2020,6.64014356679282,Porcentaje
09,Ciudad de México,0,ESTATAL,6200240421,Porcentaje de la población derechohabiente en el ISSSTE,2020,17.0478390530619,Porcentaje
09,Ciudad de México,0,ESTATAL,6200240423,Porcentaje de hombres de 40 a 44 años,2020,3.44892426544387,Porcentaje
09,Ciudad de México,0,ESTATAL,6200240424,Tasa de monolingüismo de la población de 5 años y más hablante de Mixe,2020,1.20805369127516,Porcentaje
09,Ciudad de México,0,ESTATAL,6200240425,Porcentaje de hombres de 70 a 74 años,2020,1.25136978960945,Porcentaje
09,Ciudad de México,0,ESTATAL,6200240426,Porcentaje de mujeres de 60 a 64 años,2020,2.83086954168323,Porcentaje
09,Ciudad de México,0,ESTATAL,6200240427,Porcentaje de mujeres de 65 a 69 años,2020,2.16243612449048,Porcentaje
09,Ciudad de México,0,ESTATAL,6200240428,Tasa de monolingüismo de la población de 5 años y más hablante de Otomí,2020,1.06682597934624,Porcentaje
09,Ciudad de México,0,ESTATAL,6200240430,Porcentaje de la población con limitación para caminar y moverse,2020,32.4840652706144,Porcentaje
09,Ciudad de México,0,ESTATAL,6200240431,Población de 5 años y más hablante de Purépecha (Tarasco),2020,1578,Personas
09,Ciudad de México,0,ESTATAL,6200240432,Tasa de monolingüismo de la población de 5 años y más hablante de Zoque,2020,0.60240963855421,Porcentaje
09,Ciudad de México,0,ESTATAL,6200240433,Tasa de monolingüismo de la población de 5 años y más hablante de Lenguas zapotecas,2020,0.544,Porcentaje
09,Ciudad de México,0,ESTATAL,6200240434,Población de 5 años y más hablante de Chatino,2020,60,Personas
09,Ciudad de México,0,ESTATAL,6200240435,Porcentaje de la población con limitación para atender el cuidado personal,2020,4.88241510386272,Porcentaje
09,Ciudad de México,0,ESTATAL,6200240443,Porcentaje de mujeres de 35 a 39 años,2020,3.97056927814886,Porcentaje
09,Ciudad de México,0,ESTATAL,6200240444,Porcentaje de hombres de 55 a 59 años,2020,2.60481213801523,Porcentaje
09,Ciudad de México,0,ESTATAL,6200240445,Porcentaje de hombres de 5 a 9 años,2020,3.11163157621291,Porcentaje
09,Ciudad de México,0,ESTATAL,6200240447,Porcentaje de la población de 15 años y más sin instrucción,2020,2.15280597863279,Porcentaje
09,Ciudad de México,0,ESTATAL,6200240449,Tasa de monolingüismo de la población de 5 años y más hablante de lengua indígena,2020,0.81580215191906,Porcentaje
09,Ciudad de México,0,ESTATAL,6200240450,Porcentaje de la población con limitación para ver,2020,64.1014249687614,Porcentaje
09,Ciudad de México,0,ESTATAL,6200240451,Población de 5 años y más hablante de Tarahumara,2020,119,Personas
09,Ciudad de México,0,ESTATAL,6200240452,Población de 5 años y más hablante de Chol (Ch''ol),2020,226,Personas
09,Ciudad de México,0,ESTATAL,6200240453,Población de 5 años y más hablante de Totonaca (Totonaco),2020,6132,Personas
09,Ciudad de México,0,ESTATAL,6200240454,Tasa de monolingüismo de la población de 5 años y más hablante de Mazahua,2020,0.86382113821138,Porcentaje
09,Ciudad de México,0,ESTATAL,6200240458,Porcentaje de la población con discapacidad por edad avanzada,2020,28.7138903643567,Porcentaje
09,Ciudad de México,0,ESTATAL,6200240459,Porcentaje de la población con discapacidad por nacimiento,2020,13.4734901485825,Porcentaje
09,Ciudad de México,0,ESTATAL,6200240466,Población de 5 años y más hablante de Tlapaneco,2020,1984,Personas
09,Ciudad de México,0,ESTATAL,6200240471,Porcentaje de la población derechohabiente en el IMSS,2020,58.0286744888483,Porcentaje
09,Ciudad de México,0,ESTATAL,6200240475,Porcentaje de hombres de 80 a 84 años,2020,0.501004421803681,Porcentaje
09,Ciudad de México,0,ESTATAL,6200240477,Porcentaje de la población de 85 y más con limitación en la actividad,2020,31.6592395941974,Porcentaje
09,Ciudad de México,0,ESTATAL,6200240478,Porcentaje de la población con limitación para escuchar,2020,22.6864630596433,Porcentaje
09,Ciudad de México,0,ESTATAL,6200240479,Porcentaje de la población con limitación para poner atención o aprender,2020,19.888049434902,Porcentaje
09,Ciudad de México,0,ESTATAL,6200240480,Población de 5 años y más hablante de Huasteco,2020,554,Personas
09,Ciudad de México,0,ESTATAL,6200240481,Población de 5 años y más hablante de Tzotzil (Tsotsil),2020,787,Personas
09,Ciudad de México,0,ESTATAL,6200240486,Porcentaje de hombres de 25 a 29 años,2020,4.0442189063465,Porcentaje
09,Ciudad de México,0,ESTATAL,6200240488,Porcentaje de la población de 15 a 29 años con limitación en la actividad,2020,6.81694416854053,Porcentaje
09,Ciudad de México,0,ESTATAL,6200240493,Porcentaje de la población de 5 años y más hablante de lengua indígena,2020,1.42814320512765,Porcentaje
09,Ciudad de México,0,ESTATAL,6200240495,Porcentaje de la población con discapacidad por otra causa,2020,9.88262624550729,Porcentaje
09,Ciudad de México,0,ESTATAL,6200240496,Población de 5 años y más hablante de Náhuatl,2020,39341,Personas
09,Ciudad de México,0,ESTATAL,6200240497,Población no católica,2020,723491,Miles DE personas
09,Ciudad de México,0,ESTATAL,6200240499,Porcentaje de la población que profesa la religión protestante y evangélica,2020,7.25570101186283,Porcentaje
09,Ciudad de México,0,ESTATAL,6200240507,Porcentaje de mujeres de 50 a 54 años,2020,3.66388422661043,Porcentaje
09,Ciudad de México,0,ESTATAL,6200240509,Tasa de monolingüismo de la población de 5 años y más hablante de Tarahumara,2020,0,Porcentaje
09,Ciudad de México,0,ESTATAL,6200240518,Porcentaje de hombres de 30 a 34 años,2020,3.95038519320745,Porcentaje
09,Ciudad de México,0,ESTATAL,6200240520,Porcentaje de hombres de 20 a 24 años,2020,3.90257162850241,Porcentaje
09,Ciudad de México,0,ESTATAL,6200240521,Población de 5 años y más hablante de Zoque,2020,166,Personas
09,Ciudad de México,0,ESTATAL,6200240522,Tasa de monolingüismo de la población de 5 años y más hablante de Purépecha (Tarasco),2020,0.38022813688212,Porcentaje
09,Ciudad de México,0,ESTATAL,6200240532,Porcentaje de hombres de 45 a 49 años,2020,3.41125165456237,Porcentaje
09,Ciudad de México,0,ESTATAL,6200240533,Porcentaje de hombres de 50 a 54 años,2020,3.11287066381836,Porcentaje
09,Ciudad de México,0,ESTATAL,6200240534,Tasa de monolingüismo de la población de 5 años y más hablante de Resto de lenguas,2020,0.96033402922755,Porcentaje
09,Ciudad de México,0,ESTATAL,6200240535,Población de 5 años y más hablante de Mazateco,2020,14828,Personas
09,Ciudad de México,0,ESTATAL,6200240536,Tasa de monolingüismo de la población de 5 años y más hablante de Tlapaneco,2020,0.35282258064516,Porcentaje
09,Ciudad de México,0,ESTATAL,6200240537,Tasa de monolingüismo de la población de 5 años y más hablante de Tzeltal (Tseltal),2020,0.78630897317298,Porcentaje
09,Ciudad de México,0,ESTATAL,6200240538,Población de 5 años y más hablante del Resto de lenguas,2020,4790,Personas
09,Ciudad de México,0,ESTATAL,6200240539,Tasa de monolingüismo de la población de 5 años y más hablante de Lenguas chinantecas,2020,0.80645161290322,Porcentaje
09,Ciudad de México,0,ESTATAL,6200240540,Porcentaje de la población con discapacidad por enfermedad,2020,44.2587306934745,Porcentaje
09,Ciudad de México,0,ESTATAL,6200240548,Porcentaje de mujeres de 25 a 29 años,2020,4.13255280958767,Porcentaje
09,Ciudad de México,0,ESTATAL,6200240549,Porcentaje de mujeres de 30 a 34 años,2020,4.1320636960592,Porcentaje
09,Ciudad de México,0,ESTATAL,6205370864,Porcentaje de población que se considera afrodescendiente,2020,2.02948030954368,Porcentaje
09,Ciudad de México,0,ESTATAL,6207019007,Porcentaje de la población de 12 años y más viuda,2020,5.43900011862802,Porcentaje
09,Ciudad de México,0,ESTATAL,6207019009,Porcentaje de la población de 12 años y más casada,2020,29.9059351785655,Porcentaje
09,Ciudad de México,0,ESTATAL,6207019010,Porcentaje de población de 25 años y más alfabeta,2020,97.9171380874982,Porcentaje
09,Ciudad de México,0,ESTATAL,6207019011,Porcentaje de la población de 12 años y más soltera,2020,38.121778551169,Porcentaje
09,Ciudad de México,0,ESTATAL,6207019012,Porcentaje de la población de 12 años y más separada,2020,6.12320208744894,Porcentaje
09,Ciudad de México,0,ESTATAL,6207019016,Porcentaje de la población de 12 años y más divorciada,2020,3.09961507164615,Porcentaje
09,Ciudad de México,0,ESTATAL,6207019017,Porcentaje de población afiliada a otra institución,2020,1.39159564970133,Porcentaje
09,Ciudad de México,0,ESTATAL,6207019018,Porcentaje de población afiliada a servicios de salud,2020,72.6281506163338,Porcentaje
09,Ciudad de México,0,ESTATAL,6207019019,Porcentaje de la población de 12 años y más en unión libre,2020,17.2306509040049,Porcentaje
09,Ciudad de México,0,ESTATAL,6207019020,Porcentaje de población de 15 años y más sin escolaridad,2020,2.00791118171538,Porcentaje
09,Ciudad de México,0,ESTATAL,6207019022,Porcentaje de viviendas particulares habitadas propias,2020,55.585481713785,Porcentaje
09,Ciudad de México,0,ESTATAL,6207019023,Porcentaje de hijos fallecidos de las mujeres de 15 a 49 años,2020,3.20487897368326,Porcentaje
09,Ciudad de México,0,ESTATAL,6207019024,Porcentaje de la población de 3 a 5 años que asiste a la escuela,2020,71.9629964732168,Porcentaje
09,Ciudad de México,0,ESTATAL,6207019026,Porcentaje de la población de 6 a 11 años que asiste a la escuela,2020,95.3548733554104,Porcentaje
09,Ciudad de México,0,ESTATAL,6207019028,Porcentaje de la población de 12 a 14 años que asiste a la escuela,2020,93.4366795849481,Porcentaje
09,Ciudad de México,0,ESTATAL,6207019029,Porcentaje de la población de 15 a 24 años que asiste a la escuela,2020,55.2533564250099,Porcentaje
09,Ciudad de México,0,ESTATAL,6207019030,Porcentaje de población de 12 años y más económicamente activa,2020,64.4300125614317,Porcentaje
09,Ciudad de México,0,ESTATAL,6207019031,Porcentaje de población de 15 años y más con escolaridad básica,2020,35.5267441267326,Porcentaje
09,Ciudad de México,0,ESTATAL,6207019034,Porcentaje de población de 3 años y más hablante de lengua indígena,2020,1.40099250355445,Porcentaje
09,Ciudad de México,0,ESTATAL,6207019035,Porcentaje de la población de 12 años y más No Económicamente Activa,2020,35.3556863566024,Porcentaje
09,Ciudad de México,0,ESTATAL,6207019036,Promedio de hijos nacidos vivos de las mujeres de 15 a 49 años EI2015,2020,1.08185418349333,Promedio
09,Ciudad de México,0,ESTATAL,6207019039,Porcentaje de la población de 12 años y más económicamente activa ocupada,2020,97.7551183274683,Porcentaje
09,Ciudad de México,0,ESTATAL,6207019040,Porcentaje de la población femenina de 12 años y más económicamente activa,2020,45.4216574767199,Porcentaje
09,Ciudad de México,0,ESTATAL,6207019042,Porcentaje de viviendas particulares habitadas que disponen de Internet,2020,75.7277623576168,Porcentaje
09,Ciudad de México,0,ESTATAL,6207019043,Porcentaje de la población masculina de 12 años y más económicamente activa,2020,54.5783425232801,Porcentaje
09,Ciudad de México,0,ESTATAL,6207019046,Porcentaje de viviendas particulares habitadas que disponen de computadora,2020,59.9310216778112,Porcentaje
09,Ciudad de México,0,ESTATAL,6207019047,Porcentaje de la población de 12 años y más no económicamente activa que estudia,2020,37.1352032585108,Porcentaje
09,Ciudad de México,0,ESTATAL,6207019050,Porcentaje de viviendas particulares habitadas que disponen de teléfono fijo,2020,68.9734169667633,Porcentaje
09,Ciudad de México,0,ESTATAL,6207019051,Porcentaje de la población de 12 años y más sin especificar su situación conyugal,2020,0.0798180885374378,Porcentaje
09,Ciudad de México,0,ESTATAL,6207019054,Porcentaje de la población femenina de 12 años y más económicamente activa ocupada,2020,98.1633379883746,Porcentaje
09,Ciudad de México,0,ESTATAL,6207019055,Porcentaje de viviendas particulares habitadas que disponen de teléfono celular,2020,92.1645073394839,Porcentaje
09,Ciudad de México,0,ESTATAL,6207019056,Porcentaje de la población masculina de 12 años y más económicamente activa ocupada,2020,97.4153862514155,Porcentaje
09,Ciudad de México,0,ESTATAL,6207019057,Porcentaje de viviendas particulares habitadas que disponen de televisión de paga,2020,46.9015892556017,Porcentaje
09,Ciudad de México,0,ESTATAL,6207019058,Porcentaje de población de 3 años y más hablante de lengua indígena que no habla español,2020,0.824590700981998,Porcentaje
09,Ciudad de México,0,ESTATAL,6207019059,Porcentaje de población de 12 años con condición de actividad económica no especificada,2020,0.2143010819659,Porcentaje
09,Ciudad de México,0,ESTATAL,6207019060,Porcentaje de la población de 12 años y más no económicamente activa que es pensionada o jubilada,2020,16.7677239055964,Porcentaje
09,Ciudad de México,0,ESTATAL,6207019063,Porcentaje de superficie en el ámbito geográfico de referencia respecto a la unidad geográfica superior,2020,0.0762154302838624,Porcentaje
09,Ciudad de México,0,ESTATAL,6207019064,Porcentaje de la población de 12 años y más no económicamente activa que se dedica a los quehaceres del hogar,2020,34.3337458045672,Porcentaje
09,Ciudad de México,0,ESTATAL,6207019065,Porcentaje de la población de 12 años y más no económicamente activa que realiza otras actividades no económicas,2020,8.96337033901848,Porcentaje
09,Ciudad de México,0,ESTATAL,6207019070,Porcentaje de la población de 12 años y más no económicamente activa con alguna limitación física o mental que les impide trabajar,2020,2.79995669230706,Porcentaje
09,Ciudad de México,0,ESTATAL,6207020032,Porcentaje de hombres,2020,47.8279455336536,Porcentaje
09,Ciudad de México,0,ESTATAL,6207020033,Porcentaje de mujeres,2020,52.1720544663464,Porcentaje
09,Ciudad de México,0,ESTATAL,6207020035,Promedio de ocupantes por cuarto (Índice de hacinamiento),2020,0.804541609006259,Promedio
09,Ciudad de México,0,ESTATAL,6207049066,Población de 6 a 14 años que sabe leer y escribir,2020,984731,Porcentaje
09,Ciudad de México,0,ESTATAL,6207049067,Población de 6 a 14 años que no sabe leer y escribir,2020,69130,Porcentaje
09,Ciudad de México,0,ESTATAL,6207049068,Porcentaje de la población de 3 años y más que asiste a la escuela,2020,25.115795999336,Porcentaje
09,Ciudad de México,0,ESTATAL,6207049069,Porcentaje de la población de 3 años y más que no asiste a la escuela,2020,74.5202905083942,Porcentaje
09,Ciudad de México,0,ESTATAL,6207049070,Población de 6 a 14 años que no especificó si sabe o no leer y escribir,2020,6819,Porcentaje
09,Ciudad de México,0,ESTATAL,6207049071,Porcentaje de la población de 3 años y más que no especificó si asiste o no a la escuela,2020,0.363913492269875,Porcentaje
09,Ciudad de México,0,ESTATAL,6207051593,Porcentaje de población de 6 a 14 años que no asiste a la escuela,2020,5.242769,Porcentaje
09,Ciudad de México,0,ESTATAL,6207068394,Porcentaje de viviendas con agua entubada dentro de la vivienda,2020,90.5284522861786,Porcentaje
09,Ciudad de México,0,ESTATAL,6207129629,Porcentaje de la población nacional/estatal que representa,2020,7.30866589896375,Porcentaje
09,Ciudad de México,0,ESTATAL,6207129630,Promedio de ocupantes por dormitorio,2020,1.58352903946202,Promedio
09,Ciudad de México,0,ESTATAL,6207129631,Porcentaje de viviendas particulares habitadas que disponen de tinaco,2020,84.6168240395121,Porcentaje
09,Ciudad de México,0,ESTATAL,6207129632,Porcentaje de viviendas particulares habitadas que disponen de cisterna o aljibe,2020,60.5146340940545,Porcentaje
09,Ciudad de México,0,ESTATAL,6207129635,Porcentaje de viviendas particulares habitadas que disponen de Automóvil o camioneta,2020,46.8489035375371,Porcentaje
09,Ciudad de México,0,ESTATAL,6207129636,Porcentaje de viviendas particulares habitadas que disponen de motocicleta o motoneta,2020,7.79566952465492,Porcentaje
09,Ciudad de México,0,ESTATAL,6207129637,Porcentaje de viviendas particulares habitadas que disponen de bicicleta como medio de transporte,2020,19.9969187938677,Porcentaje
09,Ciudad de México,0,ESTATAL,6207129638,Porcentaje de la población con algún tipo de  discapacidad,2020,5.35930511629604,Porcentaje
09,Ciudad de México,0,ESTATAL,6207129639,Porcentaje de la población entre 0 y 17 años con algún tipo de  discapacidad,2020,1.98438124667766,Porcentaje
09,Ciudad de México,0,ESTATAL,6207129640,Porcentaje de la población entre 18 y 29 años con algún tipo de  discapacidad,2020,2.02093321239868,Porcentaje
09,Ciudad de México,0,ESTATAL,6207129641,Porcentaje de la población entre 30 y 59 años con algún tipo de  discapacidad,2020,3.70460079778746,Porcentaje
09,Ciudad de México,0,ESTATAL,6207129642,Porcentaje de la población de 60 años y más con algún tipo de  discapacidad,2020,18.2501027407133,Porcentaje
09,Ciudad de México,0,ESTATAL,6207129643,Porcentaje de la población de 5 y más años migrante según causa: Trabajo,2020,28.0007149740433,Porcentaje
09,Ciudad de México,0,ESTATAL,6207129644,Porcentaje de la población de 5 y más años migrante según causa: Familiar,2020,37.0365880195219,Porcentaje
09,Ciudad de México,0,ESTATAL,6207129645,Porcentaje de la población de 5 y más años migrante según causa: Educativa,2020,8.88837079175604,Porcentaje
09,Ciudad de México,0,ESTATAL,6207129646,Porcentaje de la población de 5 y más años migrante según causa: Inseguridad delictiva o violencia,2020,4.15695234542572,Porcentaje
09,Ciudad de México,0,ESTATAL,6207129647,Porcentaje de la población de 5 y más años migrante según causa: Otra causa,2020,19.0598091330163,Porcentaje
09,Ciudad de México,0,ESTATAL,6207129648,Promedio de hijos nacidos vivos por grupo de edad: 15-19,2020,0.0652123462520306,Promedio
09,Ciudad de México,0,ESTATAL,6207129649,Promedio de hijos nacidos vivos por grupo de edad: 20-24,2020,0.375114382167363,Promedio
09,Ciudad de México,0,ESTATAL,6207129650,Promedio de hijos nacidos vivos por grupo de edad: 25-29,2020,0.762355642388082,Promedio
09,Ciudad de México,0,ESTATAL,6207129651,Promedio de hijos nacidos vivos por grupo de edad: 30-34,2020,1.13046363370646,Promedio
09,Ciudad de México,0,ESTATAL,6207129652,Promedio de hijos nacidos vivos por grupo de edad: 35-39,2020,1.49308874468365,Promedio
09,Ciudad de México,0,ESTATAL,6207129653,Promedio de hijos nacidos vivos por grupo de edad: 40-44,2020,1.75179635794452,Promedio
09,Ciudad de México,0,ESTATAL,6207129654,Promedio de hijos nacidos vivos por grupo de edad: 45-49,2020,1.9041410178358,Promedio
09,Ciudad de México,0,ESTATAL,6207129812,Porcentaje de viviendas particulares habitadas que disponen de refrigerador,2020,93.7482763594823,Porcentaje
09,Ciudad de México,0,ESTATAL,6207129813,Porcentaje de viviendas particulares habitadas que disponen de lavadora,2020,82.8229298418811,Porcentaje
09,Ciudad de México,0,ESTATAL,6207129818,Porcentaje de la población derechohabiente en Instituto de Salud para el Bienestar (IMSS-PROSPERA o IMSS-BIENESTAR),2020,0.316309792836371,Porcentaje
09,Ciudad de México,0,ESTATAL,6207129822,Ubicación geográfica con la mayor cantidad de pobladores. Primer lugar,2020,90070000,No aplica
09,Ciudad de México,0,ESTATAL,6207129825,Población de la ubicación geográfica con la mayor cantidad de pobladores. Primer lugar,2020,1835486,Personas
09,Ciudad de México,0,ESTATAL,6207129828,Lengua indígena más frecuente. Descripción. Primer lugar,2020,211,No aplica
09,Ciudad de México,0,ESTATAL,6207129830,Lengua indígena más frecuente. Porcentaje. Primer lugar,2020,32.0734174541141,Porcentaje
09,Ciudad de México,0,ESTATAL,6207129840,Total de áreas geográficas,2020,16,Municipios
09,Ciudad de México,0,ESTATAL,6207133068,Población que se considera afrodescendiente,2020,186914,Absolutos
09,Ciudad de México,002,Azcapotzalco,1001000001,Superficie continental,2020,33.52289134,Kilómetros cuadrados
09,Ciudad de México,002,Azcapotzalco,1002000001,Población total,2020,432205,Personas
09,Ciudad de México,002,Azcapotzalco,1002000002,Población total hombres,2020,204950,Personas
09,Ciudad de México,002,Azcapotzalco,1002000003,Población total mujeres,2020,227255,Personas
09,Ciudad de México,002,Azcapotzalco,1002000004,Porcentaje de población de 15 a 29 años,2020,21.7311967395332,Porcentaje
09,Ciudad de México,002,Azcapotzalco,1002000005,Porcentaje de hombres de 15 a 29 años,2020,22.9850367244882,Porcentaje
09,Ciudad de México,002,Azcapotzalco,1002000006,Porcentaje de mujeres de 15 a 29 años,2020,20.6005143742954,Porcentaje
09,Ciudad de México,002,Azcapotzalco,1002000007,Porcentaje de población de 60 y más años,2020,18.2127639866617,Porcentaje
09,Ciudad de México,002,Azcapotzalco,1002000008,Porcentaje de hombres de 60 y más años,2020,16.1573097358962,Porcentaje
09,Ciudad de México,002,Azcapotzalco,1002000009,Porcentaje de mujeres de 60 y más años,2020,20.0663225760992,Porcentaje
09,Ciudad de México,002,Azcapotzalco,1002000010,Edad mediana,2020,37,Años
09,Ciudad de México,002,Azcapotzalco,1002000011,Edad mediana hombres,2020,35,Años
09,Ciudad de México,002,Azcapotzalco,1002000012,Edad mediana mujeres,2020,39,Años
09,Ciudad de México,002,Azcapotzalco,1002000013,Promedio de hijos nacidos vivos de las mujeres de 12 años y más,2020,1.59612110075251,Promedio
09,Ciudad de México,002,Azcapotzalco,1002000014,Población en hogares censales,2020,431347,Personas
09,Ciudad de México,002,Azcapotzalco,1002000015,Población en hogares familiares,2020,405641,Personas
09,Ciudad de México,002,Azcapotzalco,1002000016,Población en hogares no familiares,2020,25381,Personas
09,Ciudad de México,002,Azcapotzalco,1002000018,Hogares censales,2020,134168,Hogares
09,Ciudad de México,002,Azcapotzalco,1002000019,Hogares con jefatura masculina,2020,79618,Hogares
09,Ciudad de México,002,Azcapotzalco,1002000020,Hogares con jefatura femenina,2020,54550,Hogares
09,Ciudad de México,002,Azcapotzalco,1002000021,Tamaño promedio de los hogares censales,2020,3.21497674557271,Personas
09,Ciudad de México,002,Azcapotzalco,1002000022,Tamaño promedio de los hogares con jefe hombre,2020,3.35196814790625,Personas
09,Ciudad de México,002,Azcapotzalco,1002000023,Tamaño promedio de los hogares con jefe mujer,2020,3.01503208065995,Personas
09,Ciudad de México,002,Azcapotzalco,1002000024,Relación hombres-mujeres,2020,90.1850344326858,Hombres por cada 100 mujeres
09,Ciudad de México,002,Azcapotzalco,1002000041,Porcentaje de personas de 15 años y más alfabetas,2020,98.836707481036,Porcentaje
09,Ciudad de México,002,Azcapotzalco,1002000050,Tasa de alfabetización de las personas de 15 a 24 años,2020,99.4178906105419,Tasa
09,Ciudad de México,002,Azcapotzalco,1002000055,Población de edad no especificada,2020,365,Personas
09,Ciudad de México,002,Azcapotzalco,1002000056,Población de edad no especificada. Hombres,2020,182,Personas
09,Ciudad de México,002,Azcapotzalco,1002000057,Población de edad no especificada. Mujeres,2020,183,Personas
09,Ciudad de México,002,Azcapotzalco,1002000058,Población de 0 a 4 años,2020,21060,Personas
09,Ciudad de México,002,Azcapotzalco,1002000059,Población de 0 a 4 años. Hombres,2020,10794,Personas
09,Ciudad de México,002,Azcapotzalco,1002000060,Población de 0 a 4 años. Mujeres,2020,10266,Personas
09,Ciudad de México,002,Azcapotzalco,1002000061,Población de 10 a 14 años,2020,25886,Personas
09,Ciudad de México,002,Azcapotzalco,1002000062,Población de 10 a 14 años. Hombres,2020,13219,Personas
09,Ciudad de México,002,Azcapotzalco,1002000063,Población de 10 a 14 años. Mujeres,2020,12667,Personas
09,Ciudad de México,002,Azcapotzalco,1002000064,Población de 100 años y más,2020,78,Personas
09,Ciudad de México,002,Azcapotzalco,1002000065,Población de 100 años y más. Hombres,2020,14,Personas
09,Ciudad de México,002,Azcapotzalco,1002000066,Población de 100 años y más. Mujeres,2020,64,Personas
09,Ciudad de México,002,Azcapotzalco,1002000067,Población de 15 a 19 años,2020,27983,Personas
09,Ciudad de México,002,Azcapotzalco,1002000068,Población de 15 a 19 años. Hombres,2020,14272,Personas
09,Ciudad de México,002,Azcapotzalco,1002000069,Población de 15 a 19 años. Mujeres,2020,13711,Personas
09,Ciudad de México,002,Azcapotzalco,1002000070,Población de 20 a 24 años,2020,31456,Personas
09,Ciudad de México,002,Azcapotzalco,1002000071,Población de 20 a 24 años. Hombres,2020,15895,Personas
09,Ciudad de México,002,Azcapotzalco,1002000072,Población de 20 a 24 años. Mujeres,2020,15561,Personas
09,Ciudad de México,002,Azcapotzalco,1002000073,Población de 25 a 29 años,2020,34405,Personas
09,Ciudad de México,002,Azcapotzalco,1002000074,Población de 25 a 29 años. Hombres,2020,16899,Personas
09,Ciudad de México,002,Azcapotzalco,1002000075,Población de 25 a 29 años. Mujeres,2020,17506,Personas
09,Ciudad de México,002,Azcapotzalco,1002000076,Población de 30 a 34 años,2020,34905,Personas
09,Ciudad de México,002,Azcapotzalco,1002000077,Población de 30 a 34 años. Hombres,2020,17047,Personas
09,Ciudad de México,002,Azcapotzalco,1002000078,Población de 30 a 34 años. Mujeres,2020,17858,Personas
09,Ciudad de México,002,Azcapotzalco,1002000079,Población de 35 a 39 años,2020,33162,Personas
09,Ciudad de México,002,Azcapotzalco,1002000080,Población de 35 a 39 años. Hombres,2020,15868,Personas
09,Ciudad de México,002,Azcapotzalco,1002000081,Población de 35 a 39 años. Mujeres,2020,17294,Personas
09,Ciudad de México,002,Azcapotzalco,1002000082,Población de 40 a 44 años,2020,31245,Personas
09,Ciudad de México,002,Azcapotzalco,1002000083,Población de 40 a 44 años. Hombres,2020,14624,Personas
09,Ciudad de México,002,Azcapotzalco,1002000084,Población de 40 a 44 años. Mujeres,2020,16621,Personas
09,Ciudad de México,002,Azcapotzalco,1002000085,Población de 45 a 49 años,2020,31859,Personas
09,Ciudad de México,002,Azcapotzalco,1002000086,Población de 45 a 49 años. Hombres,2020,14810,Personas
09,Ciudad de México,002,Azcapotzalco,1002000087,Población de 45 a 49 años. Mujeres,2020,17049,Personas
09,Ciudad de México,002,Azcapotzalco,1002000088,Población de 5 a 9 años,2020,23420,Personas
09,Ciudad de México,002,Azcapotzalco,1002000089,Población de 5 a 9 años. Hombres,2020,11950,Personas
09,Ciudad de México,002,Azcapotzalco,1002000090,Población de 5 a 9 años. Mujeres,2020,11470,Personas
09,Ciudad de México,002,Azcapotzalco,1002000091,Población de 50 a 54 años,2020,31135,Personas
09,Ciudad de México,002,Azcapotzalco,1002000092,Población de 50 a 54 años. Hombres,2020,14313,Personas
09,Ciudad de México,002,Azcapotzalco,1002000093,Población de 50 a 54 años. Mujeres,2020,16822,Personas
09,Ciudad de México,002,Azcapotzalco,1002000094,Población de 55 a 59 años,2020,26674,Personas
09,Ciudad de México,002,Azcapotzalco,1002000095,Población de 55 a 59 años. Hombres,2020,11992,Número de personas
09,Ciudad de México,002,Azcapotzalco,1002000096,Población de 55 a 59 años. Mujeres,2020,14682,Número de personas
09,Ciudad de México,002,Azcapotzalco,1002000097,Población de 60 a 64 años,2020,23787,Personas
09,Ciudad de México,002,Azcapotzalco,1002000098,Población de 60 a 64 años. Hombres,2020,10497,Número de personas
09,Ciudad de México,002,Azcapotzalco,1002000099,Población de 60 a 64 años. Mujeres,2020,13290,Número de personas
09,Ciudad de México,002,Azcapotzalco,1002000100,Población de 65 a 69 años,2020,18059,Personas
09,Ciudad de México,002,Azcapotzalco,1002000101,Población de 65 a 69 años. Hombres,2020,7906,Número de personas
09,Ciudad de México,002,Azcapotzalco,1002000102,Población de 65 a 69 años. Mujeres,2020,10153,Número de personas
09,Ciudad de México,002,Azcapotzalco,1002000103,Población de 70 a 74 años,2020,14232,Personas
09,Ciudad de México,002,Azcapotzalco,1002000104,Población de 70 a 74 años. Hombres,2020,5925,Número de personas
09,Ciudad de México,002,Azcapotzalco,1002000105,Población de 70 a 74 años. Mujeres,2020,8307,Número de personas
09,Ciudad de México,002,Azcapotzalco,1002000106,Población de 75 a 79 años,2020,9631,Personas
09,Ciudad de México,002,Azcapotzalco,1002000107,Población de 75 a 79 años. Hombres,2020,3966,Número de personas
09,Ciudad de México,002,Azcapotzalco,1002000108,Población de 75 a 79 años. Mujeres,2020,5665,Número de personas
09,Ciudad de México,002,Azcapotzalco,1002000109,Población de 80 a 84 años,2020,6845,Personas
09,Ciudad de México,002,Azcapotzalco,1002000110,Población de 80 a 84 años. Hombres,2020,2628,Número de personas
09,Ciudad de México,002,Azcapotzalco,1002000111,Población de 80 a 84 años. Mujeres,2020,4217,Número de personas
09,Ciudad de México,002,Azcapotzalco,1002000112,Población de 85 a 89 años,2020,3794,Personas
09,Ciudad de México,002,Azcapotzalco,1002000113,Población de 85 a 89 años. Hombres,2020,1413,Número de personas
09,Ciudad de México,002,Azcapotzalco,1002000114,Población de 85 a 89 años. Mujeres,2020,2381,Número de personas
09,Ciudad de México,002,Azcapotzalco,1002000115,Población de 90 a 94 años,2020,1689,Personas
09,Ciudad de México,002,Azcapotzalco,1002000116,Población de 90 a 94 años. Hombres,2020,564,Número de personas
09,Ciudad de México,002,Azcapotzalco,1002000117,Población de 90 a 94 años. Mujeres,2020,1125,Número de personas
09,Ciudad de México,002,Azcapotzalco,1002000118,Población de 95 a 99 años,2020,535,Personas
09,Ciudad de México,002,Azcapotzalco,1002000119,Población de 95 a 99 años. Hombres,2020,172,Número de personas
09,Ciudad de México,002,Azcapotzalco,1002000120,Población de 95 a 99 años. Mujeres,2020,363,Número de personas
09,Ciudad de México,002,Azcapotzalco,1002000127,Relación de dependencia,2020,40.8429573629126,Personas dependientes por cada 100 personas en edad de trabajar
09,Ciudad de México,002,Azcapotzalco,1003000001,Total de viviendas particulares habitadas,2020,134168,Viviendas
09,Ciudad de México,002,Azcapotzalco,1003000011,Viviendas particulares habitadas,2020,130090,Número de Viviendas
09,Ciudad de México,002,Azcapotzalco,1003000015,Promedio de ocupantes en viviendas particulares habitadas,2020,3.21583732700318,Promedio
09,Ciudad de México,002,Azcapotzalco,1003000017,Viviendas particulares habitadas que disponen de energía eléctrica,2020,133798,Viviendas
09,Ciudad de México,002,Azcapotzalco,1003000018,Viviendas particulares habitadas que disponen de agua de la red pública en el ámbito de la vivienda,2020,133597,Viviendas
09,Ciudad de México,002,Azcapotzalco,1003000019,Viviendas particulares habitadas que disponen de drenaje,2020,133748,Viviendas
09,Ciudad de México,002,Azcapotzalco,1003000020,Viviendas particulares habitadas que disponen de excusado o sanitario,2020,133617,Viviendas
09,Ciudad de México,002,Azcapotzalco,1003000023,Viviendas particulares habitadas que disponen de lavadora,2020,115721,Viviendas
09,Ciudad de México,002,Azcapotzalco,1003000024,Viviendas particulares habitadas que disponen de computadora,2020,86856,Viviendas
09,Ciudad de México,002,Azcapotzalco,1004000001,Población derechohabiente a servicios de salud,2020,341302,Personas
09,Ciudad de México,002,Azcapotzalco,1005000012,Población de 5 años y más que asiste a la escuela,2020,95368,Personas
09,Ciudad de México,002,Azcapotzalco,1005000038,Grado promedio de escolaridad de la población de 15 y más años,2020,11.908857698313,Años de escolaridad
09,Ciudad de México,002,Azcapotzalco,1005000039,Población de 5 años y más hablante de lengua indígena,2020,3199,Personas
09,Ciudad de México,002,Azcapotzalco,3104003001,Porcentaje de población inmigrante (migración reciente),2020,5.02179083245135,Porcentaje
09,Ciudad de México,002,Azcapotzalco,3105001001,Densidad de población,2020,12892.8318150257,Habitantes por kilómetro cuadrado
09,Ciudad de México,002,Azcapotzalco,3105004001,Porcentaje de población en localidades de menos de 2 500 habitantes,2020,0,Porcentaje
09,Ciudad de México,002,Azcapotzalco,3108001001,Porcentaje de analfabetas total,2020,1.01667063191267,Porcentaje
09,Ciudad de México,002,Azcapotzalco,3108001002,Porcentaje de analfabetas hombres,2020,0.602470305974349,Porcentaje
09,Ciudad de México,002,Azcapotzalco,3108001003,Porcentaje de analfabetas mujeres,2020,1.37956806751475,Porcentaje
09,Ciudad de México,002,Azcapotzalco,3114004001,Porcentaje de viviendas con piso de tierra,2020,0.249324435287619,Porcentaje
09,Ciudad de México,002,Azcapotzalco,3114006001,Porcentaje de viviendas con electricidad,2020,99.8775772233917,Porcentaje
09,Ciudad de México,002,Azcapotzalco,6200031290,Porcentaje de viviendas particulares habitadas con disponibilidad de drenaje,2020,99.8402532061331,Porcentaje
09,Ciudad de México,002,Azcapotzalco,6200031291,Porcentaje de viviendas particulares habitadas con disponibilidad de excusado,2020,99.7424642809155,Porcentaje
09,Ciudad de México,002,Azcapotzalco,6200108938,Porcentaje de viviendas con techos de materiales resistentes,2020,94.4907838814519,Porcentaje
09,Ciudad de México,002,Azcapotzalco,6200205238,Población de 8 a 14 años que sabe leer y escribir,2020,34638,Personas
09,Ciudad de México,002,Azcapotzalco,6200205244,Viviendas que son cuarto de azotea,2020,45,Viviendas
09,Ciudad de México,002,Azcapotzalco,6200205245,Viviendas móviles,2020,5,Viviendas
09,Ciudad de México,002,Azcapotzalco,6200205246,Viviendas que son departamento en edificio o vivienda en vecindad,2020,58451,Viviendas
09,Ciudad de México,002,Azcapotzalco,6200205247,Viviendas que son refugio,2020,30,Viviendas
09,Ciudad de México,002,Azcapotzalco,6200205248,Viviendas colectivas,2020,36,Viviendas
09,Ciudad de México,002,Azcapotzalco,6200205249,Viviendas que son casa independiente o local no construido para habitación,2020,27457,Viviendas
09,Ciudad de México,002,Azcapotzalco,6200205251,Promedio de hijos nacidos vivos de las mujeres de 12 años y más casada sólo religiosamente,2020,2.40031897926635,Promedio
09,Ciudad de México,002,Azcapotzalco,6200205252,Población de 5 años y más inmigrante,2020,33251,Personas
09,Ciudad de México,002,Azcapotzalco,6200205253,Población total sin limitación en la actividad,2020,348220,Personas
09,Ciudad de México,002,Azcapotzalco,6200205254,Población total que no especificó limitación en la actividad,2020,472,Personas
09,Ciudad de México,002,Azcapotzalco,6200205255,Porcentaje de la población migrante internacional destino otro país,2020,45.0675675675676,Porcentaje
09,Ciudad de México,002,Azcapotzalco,6200205256,Población de 5 años y más con religión no especificada,2020,515,Personas
09,Ciudad de México,002,Azcapotzalco,6200205257,Población de 5 años y más católica,2020,319748,Personas
09,Ciudad de México,002,Azcapotzalco,6200205258,Promedio de hijos nacidos vivos de las mujeres de 12 años y más solteras,2020,0.366459793483495,Promedio
09,Ciudad de México,002,Azcapotzalco,6200205259,Población nacida en otro país residente en México,2020,2819,Personas
09,Ciudad de México,002,Azcapotzalco,6200205260,Población con limitación en la actividad para escuchar,2020,13668,Personas
09,Ciudad de México,002,Azcapotzalco,6200205261,Población con limitación en la actividad para hablar o comunicarse,2020,2857,Personas
09,Ciudad de México,002,Azcapotzalco,6200205263,Población con limitación en la actividad para caminar o moverse,2020,19192,Personas
09,Ciudad de México,002,Azcapotzalco,6200205264,Porcentaje de la población migrante internacional destino no especificado,2020,8.17567567567568,Porcentaje
09,Ciudad de México,002,Azcapotzalco,6200205265,Promedio de hijos nacidos vivos de las mujeres de 12 años y más que no especificó estado conyugal,2020,0.333333333333333,Promedio
09,Ciudad de México,002,Azcapotzalco,6200205266,Promedio de hijos nacidos vivos de las mujeres de 12 años y más casada civil y religiosamente,2020,2.43405806887238,Promedio
09,Ciudad de México,002,Azcapotzalco,6200205267,Promedio de hijos nacidos vivos de las mujeres de 12 años y más separadas,2020,2.19247594050744,Promedio
09,Ciudad de México,002,Azcapotzalco,6200205268,Población nacida en otro país residente en México hombres,2020,1381,Personas
09,Ciudad de México,002,Azcapotzalco,6200205269,Población con limitación en la actividad para atender el cuidado personal,2020,2920,Personas
09,Ciudad de México,002,Azcapotzalco,6200205270,Población con limitación en la actividad para poner atención o aprender,2020,11463,Personas
09,Ciudad de México,002,Azcapotzalco,6200205271,Población con limitación en la actividad,2020,56564,Personas
09,Ciudad de México,002,Azcapotzalco,6200205272,Porcentaje de población nacida en otro país residente en México,2020,0.652236785784524,Porcentaje
09,Ciudad de México,002,Azcapotzalco,6200205273,Población de 5 años y más con religión distinta de católica,2020,47688,Personas
09,Ciudad de México,002,Azcapotzalco,6200205274,Porcentaje de población masculina nacida en otro país residente en México,2020,0.673822883630154,Porcentaje
09,Ciudad de México,002,Azcapotzalco,6200205275,Promedio de hijos nacidos vivos de las mujeres de 12 años y más divorciadas,2020,2.01685731487056,Promedio
09,Ciudad de México,002,Azcapotzalco,6200205276,Promedio de hijos nacidos vivos de las mujeres de 12 años y más en unión libre,2020,1.5718794210469,Promedio
09,Ciudad de México,002,Azcapotzalco,6200205277,Población de 5 años y más emigrante,2020,38281,Personas
09,Ciudad de México,002,Azcapotzalco,6200205279,Promedio de hijos nacidos vivos de las mujeres de 12 años y más casada sólo por lo civil,2020,1.96752748657632,Promedio
09,Ciudad de México,002,Azcapotzalco,6200205280,Población con limitación en la actividad para ver,2020,36011,Personas
09,Ciudad de México,002,Azcapotzalco,6200205282,Porcentaje de población femenina nacida en otro país residente en México,2020,0.632769356009769,Porcentaje
09,Ciudad de México,002,Azcapotzalco,6200205283,Promedio de hijos nacidos vivos de las mujeres de 12 años y más viudas,2020,3.89980081885582,Promedio
09,Ciudad de México,002,Azcapotzalco,6200205284,Población nacida en otro país residente en México mujeres,2020,1438,Personas
09,Ciudad de México,002,Azcapotzalco,6200205285,Porcentaje de la población migrante internacional destino Estados Unidos de América,2020,46.7567567567568,Porcentaje
09,Ciudad de México,002,Azcapotzalco,6200205286,Población con limitación en la actividad mental,2020,6235,Personas
09,Ciudad de México,002,Azcapotzalco,6200205288,Índice de masculinidad de la población nacida en otro país residente en México,2020,96.0361613351878,Índice
09,Ciudad de México,002,Azcapotzalco,6200205289,Población de 5 años y más sin religión,2020,42829,Personas
09,Ciudad de México,002,Azcapotzalco,6200240300,Porcentaje de hombres de 0 a 4 años,2020,2.49953686550574,Porcentaje
09,Ciudad de México,002,Azcapotzalco,6200240301,Población católica,2020,335.663,Miles DE personas
09,Ciudad de México,002,Azcapotzalco,6200240302,Porcentaje de la población de 60 a 84 años con limitación en la actividad,2020,30.9631446922292,Porcentaje
09,Ciudad de México,002,Azcapotzalco,6200240304,Tasa de monolingüismo de la población de 5 años y más hablante de Tojolabal,2020,0,Porcentaje
09,Ciudad de México,002,Azcapotzalco,6200240305,Porcentaje de la población que profesa la religión católica,2020,77.6629145891417,Porcentaje
09,Ciudad de México,002,Azcapotzalco,6200240310,Porcentaje de mujeres de 75 a 79 años,2020,1.31182845498333,Porcentaje
09,Ciudad de México,002,Azcapotzalco,6200240311,Porcentaje de hombres de 10 a 14 años,2020,3.06108743979252,Porcentaje
09,Ciudad de México,002,Azcapotzalco,6200240312,Porcentaje de mujeres de 5 a 9 años,2020,2.65607632456465,Porcentaje
09,Ciudad de México,002,Azcapotzalco,6200240314,Porcentaje de la población de 15 años y más con instrucción media superior,2020,28.2285862883638,Porcentaje
09,Ciudad de México,002,Azcapotzalco,6200240315,Porcentaje de la población con limitación mental,2020,1.48432589940389,Porcentaje
09,Ciudad de México,002,Azcapotzalco,6200240316,Tasa de monolingüismo de la población de 5 años y más hablante de Maya,2020,0,Porcentaje
09,Ciudad de México,002,Azcapotzalco,6200240318,Población de 5 años y más hablante de Tzeltal  (Tseltal),2020,21,Personas
09,Ciudad de México,002,Azcapotzalco,6200240319,Tasa de monolingüismo de la población de 5 años y más hablante de Mazateco,2020,0,Porcentaje
09,Ciudad de México,002,Azcapotzalco,6200240320,Población de 5 años y más hablante de Lenguas chinantecas,2020,51,Personas
09,Ciudad de México,002,Azcapotzalco,6200240323,Porcentaje de la población derechohabiente en el Seguro popular,2020,10.069967360285,Porcentaje
09,Ciudad de México,002,Azcapotzalco,6200240325,Tasa de monolingüismo de la población de 5 años y más hablante de Náhuatl,2020,0.28355387523629,Porcentaje
09,Ciudad de México,002,Azcapotzalco,6200240326,Población de 5 años y más hablante de Lenguas zapotecas,2020,415,Personas
09,Ciudad de México,002,Azcapotzalco,6200240328,Porcentaje de mujeres de 55 a 59 años,2020,3.39987032234161,Porcentaje
09,Ciudad de México,002,Azcapotzalco,6200240330,Porcentaje de hombres de 75 a 79 años,2020,0.918395702111893,Porcentaje
09,Ciudad de México,002,Azcapotzalco,6200240331,Población de 5 años y más hablante de Maya,2020,69,Personas
09,Ciudad de México,002,Azcapotzalco,6200240332,Población de 5 años y más hablante de Otomí,2020,429,Personas
09,Ciudad de México,002,Azcapotzalco,6200240334,Población de 5 años y más hablante de Tojolabal,2020,4,Personas
09,Ciudad de México,002,Azcapotzalco,6200240341,Porcentaje de mujeres de 40 a 44 años,2020,3.8488792145239,Porcentaje
09,Ciudad de México,002,Azcapotzalco,6200240342,Porcentaje de mujeres de 70 a 74 años,2020,1.923629121897,Porcentaje
09,Ciudad de México,002,Azcapotzalco,6200240343,Porcentaje de hombres de 15 a 19 años,2020,3.3049277510189,Porcentaje
09,Ciudad de México,002,Azcapotzalco,6200240344,Porcentaje de mujeres de 85 años y más,2020,0.910753982956651,Porcentaje
09,Ciudad de México,002,Azcapotzalco,6200240345,Población de 5 años y más hablante de Mixe,2020,86,Personas
09,Ciudad de México,002,Azcapotzalco,6200240354,Porcentaje de mujeres de 10 a 14 años,2020,2.93326231937755,Porcentaje
09,Ciudad de México,002,Azcapotzalco,6200240356,Porcentaje de mujeres de 20 a 24 años,2020,3.60341793256762,Porcentaje
09,Ciudad de México,002,Azcapotzalco,6200240357,Porcentaje de hombres de 35 a 39 años,2020,3.67450907743609,Porcentaje
09,Ciudad de México,002,Azcapotzalco,6200240358,Porcentaje de la población de 0 a 14 años con limitación en la actividad,2020,4.33732200210329,Porcentaje
09,Ciudad de México,002,Azcapotzalco,6200240361,Población de 5 años y más hablante de Mazahua,2020,162,Personas
09,Ciudad de México,002,Azcapotzalco,6200240364,Tasa de monolingüismo de la población de 5 años y más hablante de Chatino,2020,0,Porcentaje
09,Ciudad de México,002,Azcapotzalco,6200240365,Porcentaje de la población de 15 años y más con instrucción superior,2020,39.1217625610694,Porcentaje
09,Ciudad de México,002,Azcapotzalco,6200240366,Tasa de monolingüismo de la población de 5 años y más hablante de Lenguas mixtecas,2020,1.74672489082969,Porcentaje
09,Ciudad de México,002,Azcapotzalco,6200240367,Porcentaje de la población con limitación para hablar o comunicarse,2020,4.80617404417635,Porcentaje
09,Ciudad de México,002,Azcapotzalco,6200240368,Porcentaje de la población de 15 años y más con instrucción no especificada,2020,0.149941627890249,Porcentaje
09,Ciudad de México,002,Azcapotzalco,6200240377,Porcentaje de mujeres de 45 a 49 años,2020,3.94798999629492,Porcentaje
09,Ciudad de México,002,Azcapotzalco,6200240378,Porcentaje de mujeres de 0 a 4 años,2020,2.37726935902186,Porcentaje
09,Ciudad de México,002,Azcapotzalco,6200240379,Porcentaje de mujeres de 80 a 84 años,2020,0.976519081141163,Porcentaje
09,Ciudad de México,002,Azcapotzalco,6200240381,Tasa de monolingüismo de la población de 5 años y más hablante de Tzotzil (Tsotsil),2020,2.94117647058823,Porcentaje
09,Ciudad de México,002,Azcapotzalco,6200240384,Porcentaje de mujeres de 15 a 19 años,2020,3.17501852537977,Porcentaje
09,Ciudad de México,002,Azcapotzalco,6200240386,Población de 5 años y más hablante de Lenguas mixtecas,2020,229,Personas
09,Ciudad de México,002,Azcapotzalco,6200240388,Porcentaje de hombres de 65 a 69 años,2020,1.83077065579844,Porcentaje
09,Ciudad de México,002,Azcapotzalco,6200240389,Tasa de crecimiento promedio anual de las viviendas particulares habitadas,2020,1.392048911187,Tasa
09,Ciudad de México,002,Azcapotzalco,6200240390,Porcentaje de la población con discapacidad por accidente,2020,13.9788486070532,Porcentaje
09,Ciudad de México,002,Azcapotzalco,6200240395,"Viviendas, de cada cien que cuentan con electricidad, agua y drenaje",2020,99.6633373643272,Porcentaje
09,Ciudad de México,002,Azcapotzalco,6200240396,Porcentaje de la población de 30 a 59 años con limitación en la actividad,2020,11.9801037146788,Porcentaje
09,Ciudad de México,002,Azcapotzalco,6200240397,Tasa de monolingüismo de la población de 5 años y más hablante de Chol (Ch''ol),2020,0,Porcentaje
09,Ciudad de México,002,Azcapotzalco,6200240398,Tasa de monolingüismo de la población de 5 años y más hablante de Totonaca (Totonaco),2020,0.57803468208092,Porcentaje
09,Ciudad de México,002,Azcapotzalco,6200240407,Índice de envejecimiento,2020,111.772731148566,Porcentaje
09,Ciudad de México,002,Azcapotzalco,6200240410,Porcentaje de hombres de 60 a 64 años,2020,2.43076139310856,Porcentaje
09,Ciudad de México,002,Azcapotzalco,6200240411,Porcentaje de hombres de 85 años y más,2020,0.500879955539089,Porcentaje
09,Ciudad de México,002,Azcapotzalco,6200240413,Tasa de monolingüismo de la población de 5 años y más hablante de Huasteco,2020,0,Porcentaje
09,Ciudad de México,002,Azcapotzalco,6200240414,"Porcentaje de la población derechohabiente en PEMEX, SDN o SM",2020,3.39874949458251,Porcentaje
09,Ciudad de México,002,Azcapotzalco,6200240416,Porcentaje de la población usuaria de servicios de salud en instituciones de servicios médicos privados,2020,3.21797118094825,Porcentaje
09,Ciudad de México,002,Azcapotzalco,6200240421,Porcentaje de la población derechohabiente en el ISSSTE,2020,14.5621766060556,Porcentaje
09,Ciudad de México,002,Azcapotzalco,6200240423,Porcentaje de hombres de 40 a 44 años,2020,3.38643942200815,Porcentaje
09,Ciudad de México,002,Azcapotzalco,6200240424,Tasa de monolingüismo de la población de 5 años y más hablante de Mixe,2020,0,Porcentaje
09,Ciudad de México,002,Azcapotzalco,6200240425,Porcentaje de hombres de 70 a 74 años,2020,1.37203593923675,Porcentaje
09,Ciudad de México,002,Azcapotzalco,6200240426,Porcentaje de mujeres de 60 a 64 años,2020,3.07752871433864,Porcentaje
09,Ciudad de México,002,Azcapotzalco,6200240427,Porcentaje de mujeres de 65 a 69 años,2020,2.35110226009633,Porcentaje
09,Ciudad de México,002,Azcapotzalco,6200240428,Tasa de monolingüismo de la población de 5 años y más hablante de Otomí,2020,2.09790209790209,Porcentaje
09,Ciudad de México,002,Azcapotzalco,6200240430,Porcentaje de la población con limitación para caminar y moverse,2020,33.9297079414469,Porcentaje
09,Ciudad de México,002,Azcapotzalco,6200240431,Población de 5 años y más hablante de Purépecha (Tarasco),2020,42,Personas
09,Ciudad de México,002,Azcapotzalco,6200240432,Tasa de monolingüismo de la población de 5 años y más hablante de Zoque,2020,0,Porcentaje
09,Ciudad de México,002,Azcapotzalco,6200240433,Tasa de monolingüismo de la población de 5 años y más hablante de Lenguas zapotecas,2020,0.72289156626506,Porcentaje
09,Ciudad de México,002,Azcapotzalco,6200240434,Población de 5 años y más hablante de Chatino,2020,2,Personas
09,Ciudad de México,002,Azcapotzalco,6200240435,Porcentaje de la población con limitación para atender el cuidado personal,2020,5.16229403861113,Porcentaje
09,Ciudad de México,002,Azcapotzalco,6200240443,Porcentaje de mujeres de 35 a 39 años,2020,4.00472397184142,Porcentaje
09,Ciudad de México,002,Azcapotzalco,6200240444,Porcentaje de hombres de 55 a 59 años,2020,2.77695442756576,Porcentaje
09,Ciudad de México,002,Azcapotzalco,6200240445,Porcentaje de hombres de 5 a 9 años,2020,2.76722860318637,Porcentaje
09,Ciudad de México,002,Azcapotzalco,6200240447,Porcentaje de la población de 15 años y más sin instrucción,2020,1.34532497496362,Porcentaje
09,Ciudad de México,002,Azcapotzalco,6200240449,Tasa de monolingüismo de la población de 5 años y más hablante de lengua indígena,2020,0.65645514223194,Porcentaje
09,Ciudad de México,002,Azcapotzalco,6200240450,Porcentaje de la población con limitación para ver,2020,63.6641680220635,Porcentaje
09,Ciudad de México,002,Azcapotzalco,6200240451,Población de 5 años y más hablante de Tarahumara,2020,1,Personas
09,Ciudad de México,002,Azcapotzalco,6200240452,Población de 5 años y más hablante de Chol (Ch''ol),2020,6,Personas
09,Ciudad de México,002,Azcapotzalco,6200240453,Población de 5 años y más hablante de Totonaca (Totonaco),2020,173,Personas
09,Ciudad de México,002,Azcapotzalco,6200240454,Tasa de monolingüismo de la población de 5 años y más hablante de Mazahua,2020,0,Porcentaje
09,Ciudad de México,002,Azcapotzalco,6200240458,Porcentaje de la población con discapacidad por edad avanzada,2020,32.3854985391548,Porcentaje
09,Ciudad de México,002,Azcapotzalco,6200240459,Porcentaje de la población con discapacidad por nacimiento,2020,12.0036212501543,Porcentaje
09,Ciudad de México,002,Azcapotzalco,6200240466,Población de 5 años y más hablante de Tlapaneco,2020,46,Personas
09,Ciudad de México,002,Azcapotzalco,6200240471,Porcentaje de la población derechohabiente en el IMSS,2020,69.9811310803921,Porcentaje
09,Ciudad de México,002,Azcapotzalco,6200240475,Porcentaje de hombres de 80 a 84 años,2020,0.608558725453872,Porcentaje
09,Ciudad de México,002,Azcapotzalco,6200240477,Porcentaje de la población de 85 y más con limitación en la actividad,2020,33.4645669291339,Porcentaje
09,Ciudad de México,002,Azcapotzalco,6200240478,Porcentaje de la población con limitación para escuchar,2020,24.1637790821017,Porcentaje
09,Ciudad de México,002,Azcapotzalco,6200240479,Porcentaje de la población con limitación para poner atención o aprender,2020,20.2655399193834,Porcentaje
09,Ciudad de México,002,Azcapotzalco,6200240480,Población de 5 años y más hablante de Huasteco,2020,26,Personas
09,Ciudad de México,002,Azcapotzalco,6200240481,Población de 5 años y más hablante de Tzotzil (Tsotsil),2020,34,Personas
09,Ciudad de México,002,Azcapotzalco,6200240486,Porcentaje de hombres de 25 a 29 años,2020,3.91325490922564,Porcentaje
09,Ciudad de México,002,Azcapotzalco,6200240488,Porcentaje de la población de 15 a 29 años con limitación en la actividad,2020,6.78359831209241,Porcentaje
09,Ciudad de México,002,Azcapotzalco,6200240493,Porcentaje de la población de 5 años y más hablante de lengua indígena,2020,0.778762354545012,Porcentaje
09,Ciudad de México,002,Azcapotzalco,6200240495,Porcentaje de la población con discapacidad por otra causa,2020,7.82272334471832,Porcentaje
09,Ciudad de México,002,Azcapotzalco,6200240496,Población de 5 años y más hablante de Náhuatl,2020,1058,Personas
09,Ciudad de México,002,Azcapotzalco,6200240497,Población no católica,2020,31794,Miles DE personas
09,Ciudad de México,002,Azcapotzalco,6200240499,Porcentaje de la población que profesa la religión protestante y evangélica,2020,6.85392348538309,Porcentaje
09,Ciudad de México,002,Azcapotzalco,6200240507,Porcentaje de mujeres de 50 a 54 años,2020,3.89542423119674,Porcentaje
09,Ciudad de México,002,Azcapotzalco,6200240509,Tasa de monolingüismo de la población de 5 años y más hablante de Tarahumara,2020,0,Porcentaje
09,Ciudad de México,002,Azcapotzalco,6200240518,Porcentaje de hombres de 30 a 34 años,2020,3.94752686180067,Porcentaje
09,Ciudad de México,002,Azcapotzalco,6200240520,Porcentaje de hombres de 20 a 24 años,2020,3.68076139310856,Porcentaje
09,Ciudad de México,002,Azcapotzalco,6200240521,Población de 5 años y más hablante de Zoque,2020,43,Personas
09,Ciudad de México,002,Azcapotzalco,6200240522,Tasa de monolingüismo de la población de 5 años y más hablante de Purépecha (Tarasco),2020,0,Porcentaje
09,Ciudad de México,002,Azcapotzalco,6200240532,Porcentaje de hombres de 45 a 49 años,2020,3.42951092997406,Porcentaje
09,Ciudad de México,002,Azcapotzalco,6200240533,Porcentaje de hombres de 50 a 54 años,2020,3.31442200815117,Porcentaje
09,Ciudad de México,002,Azcapotzalco,6200240534,Tasa de monolingüismo de la población de 5 años y más hablante de Resto de lenguas,2020,0,Porcentaje
09,Ciudad de México,002,Azcapotzalco,6200240535,Población de 5 años y más hablante de Mazateco,2020,177,Personas
09,Ciudad de México,002,Azcapotzalco,6200240536,Tasa de monolingüismo de la población de 5 años y más hablante de Tlapaneco,2020,0,Porcentaje
09,Ciudad de México,002,Azcapotzalco,6200240537,Tasa de monolingüismo de la población de 5 años y más hablante de Tzeltal (Tseltal),2020,0,Porcentaje
09,Ciudad de México,002,Azcapotzalco,6200240538,Población de 5 años y más hablante del Resto de lenguas,2020,125,Personas
09,Ciudad de México,002,Azcapotzalco,6200240539,Tasa de monolingüismo de la población de 5 años y más hablante de Lenguas chinantecas,2020,0,Porcentaje
09,Ciudad de México,002,Azcapotzalco,6200240540,Porcentaje de la población con discapacidad por enfermedad,2020,42.7142915929386,Porcentaje
09,Ciudad de México,002,Azcapotzalco,6200240548,Porcentaje de mujeres de 25 a 29 años,2020,4.05381622823268,Porcentaje
09,Ciudad de México,002,Azcapotzalco,6200240549,Porcentaje de mujeres de 30 a 34 años,2020,4.13532789922193,Porcentaje
09,Ciudad de México,002,Azcapotzalco,6205370864,Porcentaje de población que se considera afrodescendiente,2020,2.05087863398156,Porcentaje
09,Ciudad de México,002,Azcapotzalco,6207019007,Porcentaje de la población de 12 años y más viuda,2020,6.12524659016185,Porcentaje
09,Ciudad de México,002,Azcapotzalco,6207019009,Porcentaje de la población de 12 años y más casada,2020,30.7826718706913,Porcentaje
09,Ciudad de México,002,Azcapotzalco,6207019010,Porcentaje de población de 25 años y más alfabeta,2020,98.7223335043952,Porcentaje
09,Ciudad de México,002,Azcapotzalco,6207019011,Porcentaje de la población de 12 años y más soltera,2020,39.0460937997158,Porcentaje
09,Ciudad de México,002,Azcapotzalco,6207019012,Porcentaje de la población de 12 años y más separada,2020,5.80627028402944,Porcentaje
09,Ciudad de México,002,Azcapotzalco,6207019016,Porcentaje de la población de 12 años y más divorciada,2020,3.55301953630443,Porcentaje
09,Ciudad de México,002,Azcapotzalco,6207019017,Porcentaje de población afiliada a otra institución,2020,0.836209573925731,Porcentaje
09,Ciudad de México,002,Azcapotzalco,6207019018,Porcentaje de población afiliada a servicios de salud,2020,78.9676195323978,Porcentaje
09,Ciudad de México,002,Azcapotzalco,6207019019,Porcentaje de la población de 12 años y más en unión libre,2020,14.6623040536241,Porcentaje
09,Ciudad de México,002,Azcapotzalco,6207019020,Porcentaje de población de 15 años y más sin escolaridad,2020,1.23909326811887,Porcentaje
09,Ciudad de México,002,Azcapotzalco,6207019022,Porcentaje de viviendas particulares habitadas propias,2020,50.0814412448768,Porcentaje
09,Ciudad de México,002,Azcapotzalco,6207019023,Porcentaje de hijos fallecidos de las mujeres de 15 a 49 años,2020,3.0632233484293,Porcentaje
09,Ciudad de México,002,Azcapotzalco,6207019024,Porcentaje de la población de 3 a 5 años que asiste a la escuela,2020,76.8656190543302,Porcentaje
09,Ciudad de México,002,Azcapotzalco,6207019026,Porcentaje de la población de 6 a 11 años que asiste a la escuela,2020,94.8295672156262,Porcentaje
09,Ciudad de México,002,Azcapotzalco,6207019028,Porcentaje de la población de 12 a 14 años que asiste a la escuela,2020,93.8034460753031,Porcentaje
09,Ciudad de México,002,Azcapotzalco,6207019029,Porcentaje de la población de 15 a 24 años que asiste a la escuela,2020,59.9253015696765,Porcentaje
09,Ciudad de México,002,Azcapotzalco,6207019030,Porcentaje de población de 12 años y más económicamente activa,2020,63.3893154869228,Porcentaje
09,Ciudad de México,002,Azcapotzalco,6207019031,Porcentaje de población de 15 años y más con escolaridad básica,2020,31.2606162545577,Porcentaje
09,Ciudad de México,002,Azcapotzalco,6207019034,Porcentaje de población de 3 años y más hablante de lengua indígena,2020,0.763707696116708,Porcentaje
09,Ciudad de México,002,Azcapotzalco,6207019035,Porcentaje de la población de 12 años y más No Económicamente Activa,2020,36.4725409923,Porcentaje
09,Ciudad de México,002,Azcapotzalco,6207019036,Promedio de hijos nacidos vivos de las mujeres de 15 a 49 años EI2015,2020,0.963141178201456,Promedio
09,Ciudad de México,002,Azcapotzalco,6207019039,Porcentaje de la población de 12 años y más económicamente activa ocupada,2020,97.3438630688211,Porcentaje
09,Ciudad de México,002,Azcapotzalco,6207019040,Porcentaje de la población femenina de 12 años y más económicamente activa,2020,46.1502746069127,Porcentaje
09,Ciudad de México,002,Azcapotzalco,6207019042,Porcentaje de viviendas particulares habitadas que disponen de Internet,2020,79.0515220734238,Porcentaje
09,Ciudad de México,002,Azcapotzalco,6207019043,Porcentaje de la población masculina de 12 años y más económicamente activa,2020,53.8497253930874,Porcentaje
09,Ciudad de México,002,Azcapotzalco,6207019046,Porcentaje de viviendas particulares habitadas que disponen de computadora,2020,64.8362968603037,Porcentaje
09,Ciudad de México,002,Azcapotzalco,6207019047,Porcentaje de la población de 12 años y más no económicamente activa que estudia,2020,35.2734198932783,Porcentaje
09,Ciudad de México,002,Azcapotzalco,6207019050,Porcentaje de viviendas particulares habitadas que disponen de teléfono fijo,2020,71.7576626207432,Porcentaje
09,Ciudad de México,002,Azcapotzalco,6207019051,Porcentaje de la población de 12 años y más sin especificar su situación conyugal,2020,0.0243938654731349,Porcentaje
09,Ciudad de México,002,Azcapotzalco,6207019054,Porcentaje de la población femenina de 12 años y más económicamente activa ocupada,2020,97.8319783197832,Porcentaje
09,Ciudad de México,002,Azcapotzalco,6207019055,Porcentaje de viviendas particulares habitadas que disponen de teléfono celular,2020,92.5344500679297,Porcentaje
09,Ciudad de México,002,Azcapotzalco,6207019056,Porcentaje de la población masculina de 12 años y más económicamente activa ocupada,2020,96.9255386909848,Porcentaje
09,Ciudad de México,002,Azcapotzalco,6207019057,Porcentaje de viviendas particulares habitadas que disponen de televisión de paga,2020,49.5655484391096,Porcentaje
09,Ciudad de México,002,Azcapotzalco,6207019058,Porcentaje de población de 3 años y más hablante de lengua indígena que no habla español,2020,0.654613466334165,Porcentaje
09,Ciudad de México,002,Azcapotzalco,6207019059,Porcentaje de población de 12 años con condición de actividad económica no especificada,2020,0.13814352077721,Porcentaje
09,Ciudad de México,002,Azcapotzalco,6207019060,Porcentaje de la población de 12 años y más no económicamente activa que es pensionada o jubilada,2020,22.1985547494075,Porcentaje
09,Ciudad de México,002,Azcapotzalco,6207019063,Porcentaje de superficie en el ámbito geográfico de referencia respecto a la unidad geográfica superior,2020,2.24336133161244,Porcentaje
09,Ciudad de México,002,Azcapotzalco,6207019064,Porcentaje de la población de 12 años y más no económicamente activa que se dedica a los quehaceres del hogar,2020,32.6751675705541,Porcentaje
09,Ciudad de México,002,Azcapotzalco,6207019065,Porcentaje de la población de 12 años y más no económicamente activa que realiza otras actividades no económicas,2020,7.5766608023031,Porcentaje
09,Ciudad de México,002,Azcapotzalco,6207019070,Porcentaje de la población de 12 años y más no económicamente activa con alguna limitación física o mental que les impide trabajar,2020,2.27619698445701,Porcentaje
09,Ciudad de México,002,Azcapotzalco,6207020032,Porcentaje de hombres,2020,47.4196272602122,Porcentaje
09,Ciudad de México,002,Azcapotzalco,6207020033,Porcentaje de mujeres,2020,52.5803727397878,Porcentaje
09,Ciudad de México,002,Azcapotzalco,6207020035,Promedio de ocupantes por cuarto (Índice de hacinamiento),2020,0.766049576069082,Promedio
09,Ciudad de México,002,Azcapotzalco,6207049066,Población de 6 a 14 años que sabe leer y escribir,2020,41695,Porcentaje
09,Ciudad de México,002,Azcapotzalco,6207049067,Población de 6 a 14 años que no sabe leer y escribir,2020,2408,Porcentaje
09,Ciudad de México,002,Azcapotzalco,6207049068,Porcentaje de la población de 3 años y más que asiste a la escuela,2020,24.1989163349649,Porcentaje
09,Ciudad de México,002,Azcapotzalco,6207049069,Porcentaje de la población de 3 años y más que no asiste a la escuela,2020,75.770373474013,Porcentaje
09,Ciudad de México,002,Azcapotzalco,6207049070,Población de 6 a 14 años que no especificó si sabe o no leer y escribir,2020,288,Porcentaje
09,Ciudad de México,002,Azcapotzalco,6207049071,Porcentaje de la población de 3 años y más que no especificó si asiste o no a la escuela,2020,0.0307101910221494,Porcentaje
09,Ciudad de México,002,Azcapotzalco,6207051593,Porcentaje de población de 6 a 14 años que no asiste a la escuela,2020,5.505621,Porcentaje
09,Ciudad de México,002,Azcapotzalco,6207068394,Porcentaje de viviendas con agua entubada dentro de la vivienda,2020,93.7452411877995,Porcentaje
09,Ciudad de México,002,Azcapotzalco,6207129629,Porcentaje de la población nacional/estatal que representa,2020,4.69280812130888,Porcentaje
09,Ciudad de México,002,Azcapotzalco,6207129630,Promedio de ocupantes por dormitorio,2020,1.5454019955264,Promedio
09,Ciudad de México,002,Azcapotzalco,6207129631,Porcentaje de viviendas particulares habitadas que disponen de tinaco,2020,80.3145668174557,Porcentaje
09,Ciudad de México,002,Azcapotzalco,6207129632,Porcentaje de viviendas particulares habitadas que disponen de cisterna o aljibe,2020,62.7506307758917,Porcentaje
09,Ciudad de México,002,Azcapotzalco,6207129635,Porcentaje de viviendas particulares habitadas que disponen de Automóvil o camioneta,2020,48.1979964467536,Porcentaje
09,Ciudad de México,002,Azcapotzalco,6207129636,Porcentaje de viviendas particulares habitadas que disponen de motocicleta o motoneta,2020,7.35357788029441,Porcentaje
09,Ciudad de México,002,Azcapotzalco,6207129637,Porcentaje de viviendas particulares habitadas que disponen de bicicleta como medio de transporte,2020,25.0727818336543,Porcentaje
09,Ciudad de México,002,Azcapotzalco,6207129638,Porcentaje de la población con algún tipo de  discapacidad,2020,5.55292048911975,Porcentaje
09,Ciudad de México,002,Azcapotzalco,6207129639,Porcentaje de la población entre 0 y 17 años con algún tipo de  discapacidad,2020,1.78627028149037,Porcentaje
09,Ciudad de México,002,Azcapotzalco,6207129640,Porcentaje de la población entre 18 y 29 años con algún tipo de  discapacidad,2020,1.74467371246435,Porcentaje
09,Ciudad de México,002,Azcapotzalco,6207129641,Porcentaje de la población entre 30 y 59 años con algún tipo de  discapacidad,2020,3.54958196634564,Porcentaje
09,Ciudad de México,002,Azcapotzalco,6207129642,Porcentaje de la población de 60 años y más con algún tipo de  discapacidad,2020,18.297520661157,Porcentaje
09,Ciudad de México,002,Azcapotzalco,6207129643,Porcentaje de la población de 5 y más años migrante según causa: Trabajo,2020,25.9453521900316,Porcentaje
09,Ciudad de México,002,Azcapotzalco,6207129644,Porcentaje de la población de 5 y más años migrante según causa: Familiar,2020,38.3056432788686,Porcentaje
09,Ciudad de México,002,Azcapotzalco,6207129645,Porcentaje de la población de 5 y más años migrante según causa: Educativa,2020,8.88370177124811,Porcentaje
09,Ciudad de México,002,Azcapotzalco,6207129646,Porcentaje de la población de 5 y más años migrante según causa: Inseguridad delictiva o violencia,2020,4.32788685981052,Porcentaje
09,Ciudad de México,002,Azcapotzalco,6207129647,Porcentaje de la población de 5 y más años migrante según causa: Otra causa,2020,20.5629548263078,Porcentaje
09,Ciudad de México,002,Azcapotzalco,6207129648,Promedio de hijos nacidos vivos por grupo de edad: 15-19,2020,0.0463469819721188,Promedio
09,Ciudad de México,002,Azcapotzalco,6207129649,Promedio de hijos nacidos vivos por grupo de edad: 20-24,2020,0.280745740919319,Promedio
09,Ciudad de México,002,Azcapotzalco,6207129650,Promedio de hijos nacidos vivos por grupo de edad: 25-29,2020,0.623056698673983,Promedio
09,Ciudad de México,002,Azcapotzalco,6207129651,Promedio de hijos nacidos vivos por grupo de edad: 30-34,2020,0.971484593837535,Promedio
09,Ciudad de México,002,Azcapotzalco,6207129652,Promedio de hijos nacidos vivos por grupo de edad: 35-39,2020,1.30790143452106,Promedio
09,Ciudad de México,002,Azcapotzalco,6207129653,Promedio de hijos nacidos vivos por grupo de edad: 40-44,2020,1.57441174700608,Promedio
09,Ciudad de México,002,Azcapotzalco,6207129654,Promedio de hijos nacidos vivos por grupo de edad: 45-49,2020,1.71769745335055,Promedio
09,Ciudad de México,002,Azcapotzalco,6207129812,Porcentaje de viviendas particulares habitadas que disponen de refrigerador,2020,96.2183305713561,Porcentaje
09,Ciudad de México,002,Azcapotzalco,6207129813,Porcentaje de viviendas particulares habitadas que disponen de lavadora,2020,86.3834520237082,Porcentaje
09,Ciudad de México,002,Azcapotzalco,6207129818,Porcentaje de la población derechohabiente en Instituto de Salud para el Bienestar (IMSS-PROSPERA o IMSS-BIENESTAR),2020,0.256664185970196,Porcentaje
09,Ciudad de México,002,Azcapotzalco,6207129822,Ubicación geográfica con la mayor cantidad de pobladores. Primer lugar,2020,90020001,No aplica
09,Ciudad de México,002,Azcapotzalco,6207129825,Población de la ubicación geográfica con la mayor cantidad de pobladores. Primer lugar,2020,432205,Personas
09,Ciudad de México,002,Azcapotzalco,6207129828,Lengua indígena más frecuente. Descripción. Primer lugar,2020,211,No aplica
09,Ciudad de México,002,Azcapotzalco,6207129830,Lengua indígena más frecuente. Porcentaje. Primer lugar,2020,33.8211899459115,Porcentaje
09,Ciudad de México,002,Azcapotzalco,6207129840,Total de áreas geográficas,2020,1,Municipios
09,Ciudad de México,003,Coyoacán,1001000001,Superficie continental,2020,53.92265776,Kilómetros cuadrados
09,Ciudad de México,003,Coyoacán,1002000001,Población total,2020,614447,Personas
09,Ciudad de México,003,Coyoacán,1002000002,Población total hombres,2020,289110,Personas
09,Ciudad de México,003,Coyoacán,1002000003,Población total mujeres,2020,325337,Personas
09,Ciudad de México,003,Coyoacán,1002000004,Porcentaje de población de 15 a 29 años,2020,21.8573737748629,Porcentaje
09,Ciudad de México,003,Coyoacán,1002000005,Porcentaje de hombres de 15 a 29 años,2020,23.3999197365144,Porcentaje
09,Ciudad de México,003,Coyoacán,1002000006,Porcentaje de mujeres de 15 a 29 años,2020,20.4866096270494,Porcentaje
09,Ciudad de México,003,Coyoacán,1002000007,Porcentaje de población de 60 y más años,2020,20.6068833944579,Porcentaje
09,Ciudad de México,003,Coyoacán,1002000008,Porcentaje de hombres de 60 y más años,2020,18.3388226176967,Porcentaje
09,Ciudad de México,003,Coyoacán,1002000009,Porcentaje de mujeres de 60 y más años,2020,22.622367195354,Porcentaje
09,Ciudad de México,003,Coyoacán,1002000010,Edad mediana,2020,38,Años
09,Ciudad de México,003,Coyoacán,1002000011,Edad mediana hombres,2020,36,Años
09,Ciudad de México,003,Coyoacán,1002000012,Edad mediana mujeres,2020,40,Años
09,Ciudad de México,003,Coyoacán,1002000013,Promedio de hijos nacidos vivos de las mujeres de 12 años y más,2020,1.54603620635626,Promedio
09,Ciudad de México,003,Coyoacán,1002000014,Población en hogares censales,2020,612130,Personas
09,Ciudad de México,003,Coyoacán,1002000015,Población en hogares familiares,2020,571794,Personas
09,Ciudad de México,003,Coyoacán,1002000016,Población en hogares no familiares,2020,40192,Personas
09,Ciudad de México,003,Coyoacán,1002000018,Hogares censales,2020,191517,Hogares
09,Ciudad de México,003,Coyoacán,1002000019,Hogares con jefatura masculina,2020,111008,Hogares
09,Ciudad de México,003,Coyoacán,1002000020,Hogares con jefatura femenina,2020,80509,Hogares
09,Ciudad de México,003,Coyoacán,1002000021,Tamaño promedio de los hogares censales,2020,3.19621756815322,Personas
09,Ciudad de México,003,Coyoacán,1002000022,Tamaño promedio de los hogares con jefe hombre,2020,3.35621756990487,Personas
09,Ciudad de México,003,Coyoacán,1002000023,Tamaño promedio de los hogares con jefe mujer,2020,2.97560521183967,Personas
09,Ciudad de México,003,Coyoacán,1002000024,Relación hombres-mujeres,2020,88.8647771387822,Hombres por cada 100 mujeres
09,Ciudad de México,003,Coyoacán,1002000041,Porcentaje de personas de 15 años y más alfabetas,2020,98.6967295866858,Porcentaje
09,Ciudad de México,003,Coyoacán,1002000050,Tasa de alfabetización de las personas de 15 a 24 años,2020,99.2942673685428,Tasa
09,Ciudad de México,003,Coyoacán,1002000055,Población de edad no especificada,2020,128,Personas
09,Ciudad de México,003,Coyoacán,1002000056,Población de edad no especificada. Hombres,2020,62,Personas
09,Ciudad de México,003,Coyoacán,1002000057,Población de edad no especificada. Mujeres,2020,66,Personas
09,Ciudad de México,003,Coyoacán,1002000058,Población de 0 a 4 años,2020,26627,Personas
09,Ciudad de México,003,Coyoacán,1002000059,Población de 0 a 4 años. Hombres,2020,13518,Personas
09,Ciudad de México,003,Coyoacán,1002000060,Población de 0 a 4 años. Mujeres,2020,13109,Personas
09,Ciudad de México,003,Coyoacán,1002000061,Población de 10 a 14 años,2020,34252,Personas
09,Ciudad de México,003,Coyoacán,1002000062,Población de 10 a 14 años. Hombres,2020,17531,Personas
09,Ciudad de México,003,Coyoacán,1002000063,Población de 10 a 14 años. Mujeres,2020,16721,Personas
09,Ciudad de México,003,Coyoacán,1002000064,Población de 100 años y más,2020,131,Personas
09,Ciudad de México,003,Coyoacán,1002000065,Población de 100 años y más. Hombres,2020,38,Personas
09,Ciudad de México,003,Coyoacán,1002000066,Población de 100 años y más. Mujeres,2020,93,Personas
09,Ciudad de México,003,Coyoacán,1002000067,Población de 15 a 19 años,2020,39399,Personas
09,Ciudad de México,003,Coyoacán,1002000068,Población de 15 a 19 años. Hombres,2020,20091,Personas
09,Ciudad de México,003,Coyoacán,1002000069,Población de 15 a 19 años. Mujeres,2020,19308,Personas
09,Ciudad de México,003,Coyoacán,1002000070,Población de 20 a 24 años,2020,47036,Personas
09,Ciudad de México,003,Coyoacán,1002000071,Población de 20 a 24 años. Hombres,2020,23667,Personas
09,Ciudad de México,003,Coyoacán,1002000072,Población de 20 a 24 años. Mujeres,2020,23369,Personas
09,Ciudad de México,003,Coyoacán,1002000073,Población de 25 a 29 años,2020,47839,Personas
09,Ciudad de México,003,Coyoacán,1002000074,Población de 25 a 29 años. Hombres,2020,23879,Personas
09,Ciudad de México,003,Coyoacán,1002000075,Población de 25 a 29 años. Mujeres,2020,23960,Personas
09,Ciudad de México,003,Coyoacán,1002000076,Población de 30 a 34 años,2020,45644,Personas
09,Ciudad de México,003,Coyoacán,1002000077,Población de 30 a 34 años. Hombres,2020,22251,Personas
09,Ciudad de México,003,Coyoacán,1002000078,Población de 30 a 34 años. Mujeres,2020,23393,Personas
09,Ciudad de México,003,Coyoacán,1002000079,Población de 35 a 39 años,2020,44680,Personas
09,Ciudad de México,003,Coyoacán,1002000080,Población de 35 a 39 años. Hombres,2020,21119,Personas
09,Ciudad de México,003,Coyoacán,1002000081,Población de 35 a 39 años. Mujeres,2020,23561,Personas
09,Ciudad de México,003,Coyoacán,1002000082,Población de 40 a 44 años,2020,44815,Personas
09,Ciudad de México,003,Coyoacán,1002000083,Población de 40 a 44 años. Hombres,2020,20884,Personas
09,Ciudad de México,003,Coyoacán,1002000084,Población de 40 a 44 años. Mujeres,2020,23931,Personas
09,Ciudad de México,003,Coyoacán,1002000085,Población de 45 a 49 años,2020,46180,Personas
09,Ciudad de México,003,Coyoacán,1002000086,Población de 45 a 49 años. Hombres,2020,21315,Personas
09,Ciudad de México,003,Coyoacán,1002000087,Población de 45 a 49 años. Mujeres,2020,24865,Personas
09,Ciudad de México,003,Coyoacán,1002000088,Población de 5 a 9 años,2020,30448,Personas
09,Ciudad de México,003,Coyoacán,1002000089,Población de 5 a 9 años. Hombres,2020,15435,Personas
09,Ciudad de México,003,Coyoacán,1002000090,Población de 5 a 9 años. Mujeres,2020,15013,Personas
09,Ciudad de México,003,Coyoacán,1002000091,Población de 50 a 54 años,2020,43229,Personas
09,Ciudad de México,003,Coyoacán,1002000092,Población de 50 a 54 años. Hombres,2020,19628,Personas
09,Ciudad de México,003,Coyoacán,1002000093,Población de 50 a 54 años. Mujeres,2020,23601,Personas
09,Ciudad de México,003,Coyoacán,1002000094,Población de 55 a 59 años,2020,37578,Personas
09,Ciudad de México,003,Coyoacán,1002000095,Población de 55 a 59 años. Hombres,2020,16722,Número de personas
09,Ciudad de México,003,Coyoacán,1002000096,Población de 55 a 59 años. Mujeres,2020,20856,Número de personas
09,Ciudad de México,003,Coyoacán,1002000097,Población de 60 a 64 años,2020,36144,Personas
09,Ciudad de México,003,Coyoacán,1002000098,Población de 60 a 64 años. Hombres,2020,15447,Número de personas
09,Ciudad de México,003,Coyoacán,1002000099,Población de 60 a 64 años. Mujeres,2020,20697,Número de personas
09,Ciudad de México,003,Coyoacán,1002000100,Población de 65 a 69 años,2020,30490,Personas
09,Ciudad de México,003,Coyoacán,1002000101,Población de 65 a 69 años. Hombres,2020,13010,Número de personas
09,Ciudad de México,003,Coyoacán,1002000102,Población de 65 a 69 años. Mujeres,2020,17480,Número de personas
09,Ciudad de México,003,Coyoacán,1002000103,Población de 70 a 74 años,2020,24070,Personas
09,Ciudad de México,003,Coyoacán,1002000104,Población de 70 a 74 años. Hombres,2020,10308,Número de personas
09,Ciudad de México,003,Coyoacán,1002000105,Población de 70 a 74 años. Mujeres,2020,13762,Número de personas
09,Ciudad de México,003,Coyoacán,1002000106,Población de 75 a 79 años,2020,15949,Personas
09,Ciudad de México,003,Coyoacán,1002000107,Población de 75 a 79 años. Hombres,2020,6748,Número de personas
09,Ciudad de México,003,Coyoacán,1002000108,Población de 75 a 79 años. Mujeres,2020,9201,Número de personas
09,Ciudad de México,003,Coyoacán,1002000109,Población de 80 a 84 años,2020,10393,Personas
09,Ciudad de México,003,Coyoacán,1002000110,Población de 80 a 84 años. Hombres,2020,4174,Número de personas
09,Ciudad de México,003,Coyoacán,1002000111,Población de 80 a 84 años. Mujeres,2020,6219,Número de personas
09,Ciudad de México,003,Coyoacán,1002000112,Población de 85 a 89 años,2020,5837,Personas
09,Ciudad de México,003,Coyoacán,1002000113,Población de 85 a 89 años. Hombres,2020,2166,Número de personas
09,Ciudad de México,003,Coyoacán,1002000114,Población de 85 a 89 años. Mujeres,2020,3671,Número de personas
09,Ciudad de México,003,Coyoacán,1002000115,Población de 90 a 94 años,2020,2742,Personas
09,Ciudad de México,003,Coyoacán,1002000116,Población de 90 a 94 años. Hombres,2020,871,Número de personas
09,Ciudad de México,003,Coyoacán,1002000117,Población de 90 a 94 años. Mujeres,2020,1871,Número de personas
09,Ciudad de México,003,Coyoacán,1002000118,Población de 95 a 99 años,2020,836,Personas
09,Ciudad de México,003,Coyoacán,1002000119,Población de 95 a 99 años. Hombres,2020,246,Número de personas
09,Ciudad de México,003,Coyoacán,1002000120,Población de 95 a 99 años. Mujeres,2020,590,Número de personas
09,Ciudad de México,003,Coyoacán,1002000127,Relación de dependencia,2020,42.0246263963897,Personas dependientes por cada 100 personas en edad de trabajar
09,Ciudad de México,003,Coyoacán,1003000001,Total de viviendas particulares habitadas,2020,191517,Viviendas
09,Ciudad de México,003,Coyoacán,1003000011,Viviendas particulares habitadas,2020,182787,Número de Viviendas
09,Ciudad de México,003,Coyoacán,1003000015,Promedio de ocupantes en viviendas particulares habitadas,2020,3.1968584635335,Promedio
09,Ciudad de México,003,Coyoacán,1003000017,Viviendas particulares habitadas que disponen de energía eléctrica,2020,191126,Viviendas
09,Ciudad de México,003,Coyoacán,1003000018,Viviendas particulares habitadas que disponen de agua de la red pública en el ámbito de la vivienda,2020,191053,Viviendas
09,Ciudad de México,003,Coyoacán,1003000019,Viviendas particulares habitadas que disponen de drenaje,2020,190986,Viviendas
09,Ciudad de México,003,Coyoacán,1003000020,Viviendas particulares habitadas que disponen de excusado o sanitario,2020,190885,Viviendas
09,Ciudad de México,003,Coyoacán,1003000023,Viviendas particulares habitadas que disponen de lavadora,2020,167211,Viviendas
09,Ciudad de México,003,Coyoacán,1003000024,Viviendas particulares habitadas que disponen de computadora,2020,133587,Viviendas
09,Ciudad de México,003,Coyoacán,1004000001,Población derechohabiente a servicios de salud,2020,452819,Personas
09,Ciudad de México,003,Coyoacán,1005000012,Población de 5 años y más que asiste a la escuela,2020,136038,Personas
09,Ciudad de México,003,Coyoacán,1005000038,Grado promedio de escolaridad de la población de 15 y más años,2020,12.5134057950167,Años de escolaridad
09,Ciudad de México,003,Coyoacán,1005000039,Población de 5 años y más hablante de lengua indígena,2020,7681,Personas
09,Ciudad de México,003,Coyoacán,3104003001,Porcentaje de población inmigrante (migración reciente),2020,3.46513711029625,Porcentaje
09,Ciudad de México,003,Coyoacán,3105001001,Densidad de población,2020,11394.9687482912,Habitantes por kilómetro cuadrado
09,Ciudad de México,003,Coyoacán,3105004001,Porcentaje de población en localidades de menos de 2 500 habitantes,2020,0,Porcentaje
09,Ciudad de México,003,Coyoacán,3108001001,Porcentaje de analfabetas total,2020,1.10231131642549,Porcentaje
09,Ciudad de México,003,Coyoacán,3108001002,Porcentaje de analfabetas hombres,2020,0.768044722217642,Porcentaje
09,Ciudad de México,003,Coyoacán,3108001003,Porcentaje de analfabetas mujeres,2020,1.39144450625472,Porcentaje
09,Ciudad de México,003,Coyoacán,3114004001,Porcentaje de viviendas con piso de tierra,2020,0.235301499654891,Porcentaje
09,Ciudad de México,003,Coyoacán,3114006001,Porcentaje de viviendas con electricidad,2020,99.9382987178683,Porcentaje
09,Ciudad de México,003,Coyoacán,6200031290,Porcentaje de viviendas particulares habitadas con disponibilidad de drenaje,2020,99.8650938068645,Porcentaje
09,Ciudad de México,003,Coyoacán,6200031291,Porcentaje de viviendas particulares habitadas con disponibilidad de excusado,2020,99.8122816924975,Porcentaje
09,Ciudad de México,003,Coyoacán,6200108938,Porcentaje de viviendas con techos de materiales resistentes,2020,97.4665303592209,Porcentaje
09,Ciudad de México,003,Coyoacán,6200205238,Población de 8 a 14 años que sabe leer y escribir,2020,45773,Personas
09,Ciudad de México,003,Coyoacán,6200205244,Viviendas que son cuarto de azotea,2020,92,Viviendas
09,Ciudad de México,003,Coyoacán,6200205245,Viviendas móviles,2020,3,Viviendas
09,Ciudad de México,003,Coyoacán,6200205246,Viviendas que son departamento en edificio o vivienda en vecindad,2020,61307,Viviendas
09,Ciudad de México,003,Coyoacán,6200205247,Viviendas que son refugio,2020,14,Viviendas
09,Ciudad de México,003,Coyoacán,6200205248,Viviendas colectivas,2020,129,Viviendas
09,Ciudad de México,003,Coyoacán,6200205249,Viviendas que son casa independiente o local no construido para habitación,2020,59215,Viviendas
09,Ciudad de México,003,Coyoacán,6200205251,Promedio de hijos nacidos vivos de las mujeres de 12 años y más casada sólo religiosamente,2020,2.4469305794607,Promedio
09,Ciudad de México,003,Coyoacán,6200205252,Población de 5 años y más inmigrante,2020,43364,Personas
09,Ciudad de México,003,Coyoacán,6200205253,Población total sin limitación en la actividad,2020,497720,Personas
09,Ciudad de México,003,Coyoacán,6200205254,Población total que no especificó limitación en la actividad,2020,552,Personas
09,Ciudad de México,003,Coyoacán,6200205255,Porcentaje de la población migrante internacional destino otro país,2020,66.6258669930641,Porcentaje
09,Ciudad de México,003,Coyoacán,6200205256,Población de 5 años y más con religión no especificada,2020,1271,Personas
09,Ciudad de México,003,Coyoacán,6200205257,Población de 5 años y más católica,2020,444351,Personas
09,Ciudad de México,003,Coyoacán,6200205258,Promedio de hijos nacidos vivos de las mujeres de 12 años y más solteras,2020,0.319422224674059,Promedio
09,Ciudad de México,003,Coyoacán,6200205259,Población nacida en otro país residente en México,2020,7770,Personas
09,Ciudad de México,003,Coyoacán,6200205260,Población con limitación en la actividad para escuchar,2020,19239,Personas
09,Ciudad de México,003,Coyoacán,6200205261,Población con limitación en la actividad para hablar o comunicarse,2020,3782,Personas
09,Ciudad de México,003,Coyoacán,6200205263,Población con limitación en la actividad para caminar o moverse,2020,26277,Personas
09,Ciudad de México,003,Coyoacán,6200205264,Porcentaje de la población migrante internacional destino no especificado,2020,4.91636066911465,Porcentaje
09,Ciudad de México,003,Coyoacán,6200205265,Promedio de hijos nacidos vivos de las mujeres de 12 años y más que no especificó estado conyugal,2020,1.5,Promedio
09,Ciudad de México,003,Coyoacán,6200205266,Promedio de hijos nacidos vivos de las mujeres de 12 años y más casada civil y religiosamente,2020,2.39025685841087,Promedio
09,Ciudad de México,003,Coyoacán,6200205267,Promedio de hijos nacidos vivos de las mujeres de 12 años y más separadas,2020,2.16560755926397,Promedio
09,Ciudad de México,003,Coyoacán,6200205268,Población nacida en otro país residente en México hombres,2020,3575,Personas
09,Ciudad de México,003,Coyoacán,6200205269,Población con limitación en la actividad para atender el cuidado personal,2020,3929,Personas
09,Ciudad de México,003,Coyoacán,6200205270,Población con limitación en la actividad para poner atención o aprender,2020,16263,Personas
09,Ciudad de México,003,Coyoacán,6200205271,Población con limitación en la actividad,2020,76689,Personas
09,Ciudad de México,003,Coyoacán,6200205272,Porcentaje de población nacida en otro país residente en México,2020,1.26455170258786,Porcentaje
09,Ciudad de México,003,Coyoacán,6200205273,Población de 5 años y más con religión distinta de católica,2020,63285,Personas
09,Ciudad de México,003,Coyoacán,6200205274,Porcentaje de población masculina nacida en otro país residente en México,2020,1.23655356092837,Porcentaje
09,Ciudad de México,003,Coyoacán,6200205275,Promedio de hijos nacidos vivos de las mujeres de 12 años y más divorciadas,2020,1.95291603474424,Promedio
09,Ciudad de México,003,Coyoacán,6200205276,Promedio de hijos nacidos vivos de las mujeres de 12 años y más en unión libre,2020,1.57411042605546,Promedio
09,Ciudad de México,003,Coyoacán,6200205277,Población de 5 años y más emigrante,2020,61159,Personas
09,Ciudad de México,003,Coyoacán,6200205279,Promedio de hijos nacidos vivos de las mujeres de 12 años y más casada sólo por lo civil,2020,1.93378333761327,Promedio
09,Ciudad de México,003,Coyoacán,6200205280,Población con limitación en la actividad para ver,2020,46674,Personas
09,Ciudad de México,003,Coyoacán,6200205282,Porcentaje de población femenina nacida en otro país residente en México,2020,1.28943218877656,Porcentaje
09,Ciudad de México,003,Coyoacán,6200205283,Promedio de hijos nacidos vivos de las mujeres de 12 años y más viudas,2020,3.66066101428796,Promedio
09,Ciudad de México,003,Coyoacán,6200205284,Población nacida en otro país residente en México mujeres,2020,4195,Personas
09,Ciudad de México,003,Coyoacán,6200205285,Porcentaje de la población migrante internacional destino Estados Unidos de América,2020,28.4577723378213,Porcentaje
09,Ciudad de México,003,Coyoacán,6200205286,Población con limitación en la actividad mental,2020,10953,Personas
09,Ciudad de México,003,Coyoacán,6200205288,Índice de masculinidad de la población nacida en otro país residente en México,2020,85.2205005959476,Índice
09,Ciudad de México,003,Coyoacán,6200205289,Población de 5 años y más sin religión,2020,78785,Personas
09,Ciudad de México,003,Coyoacán,6200240300,Porcentaje de hombres de 0 a 4 años,2020,2.20048541555772,Porcentaje
09,Ciudad de México,003,Coyoacán,6200240301,Población católica,2020,463.55,Miles DE personas
09,Ciudad de México,003,Coyoacán,6200240302,Porcentaje de la población de 60 a 84 años con limitación en la actividad,2020,28.5691095808486,Porcentaje
09,Ciudad de México,003,Coyoacán,6200240304,Tasa de monolingüismo de la población de 5 años y más hablante de Tojolabal,2020,0,Porcentaje
09,Ciudad de México,003,Coyoacán,6200240305,Porcentaje de la población que profesa la religión católica,2020,75.4418200430631,Porcentaje
09,Ciudad de México,003,Coyoacán,6200240310,Porcentaje de mujeres de 75 a 79 años,2020,1.49775605182324,Porcentaje
09,Ciudad de México,003,Coyoacán,6200240311,Porcentaje de hombres de 10 a 14 años,2020,2.8537290886331,Porcentaje
09,Ciudad de México,003,Coyoacán,6200240312,Porcentaje de mujeres de 5 a 9 años,2020,2.44384432192395,Porcentaje
09,Ciudad de México,003,Coyoacán,6200240314,Porcentaje de la población de 15 años y más con instrucción media superior,2020,25.6707559580261,Porcentaje
09,Ciudad de México,003,Coyoacán,6200240315,Porcentaje de la población con limitación mental,2020,1.82693719058993,Porcentaje
09,Ciudad de México,003,Coyoacán,6200240316,Tasa de monolingüismo de la población de 5 años y más hablante de Maya,2020,0,Porcentaje
09,Ciudad de México,003,Coyoacán,6200240318,Población de 5 años y más hablante de Tzeltal  (Tseltal),2020,108,Personas
09,Ciudad de México,003,Coyoacán,6200240319,Tasa de monolingüismo de la población de 5 años y más hablante de Mazateco,2020,1.80288461538461,Porcentaje
09,Ciudad de México,003,Coyoacán,6200240320,Población de 5 años y más hablante de Lenguas chinantecas,2020,446,Personas
09,Ciudad de México,003,Coyoacán,6200240323,Porcentaje de la población derechohabiente en el Seguro popular,2020,11.1490463076859,Porcentaje
09,Ciudad de México,003,Coyoacán,6200240325,Tasa de monolingüismo de la población de 5 años y más hablante de Náhuatl,2020,0.46136101499423,Porcentaje
09,Ciudad de México,003,Coyoacán,6200240326,Población de 5 años y más hablante de Lenguas zapotecas,2020,634,Personas
09,Ciudad de México,003,Coyoacán,6200240328,Porcentaje de mujeres de 55 a 59 años,2020,3.39497883021687,Porcentaje
09,Ciudad de México,003,Coyoacán,6200240330,Porcentaje de hombres de 75 a 79 años,2020,1.09845210713001,Porcentaje
09,Ciudad de México,003,Coyoacán,6200240331,Población de 5 años y más hablante de Maya,2020,162,Personas
09,Ciudad de México,003,Coyoacán,6200240332,Población de 5 años y más hablante de Otomí,2020,613,Personas
09,Ciudad de México,003,Coyoacán,6200240334,Población de 5 años y más hablante de Tojolabal,2020,8,Personas
09,Ciudad de México,003,Coyoacán,6200240341,Porcentaje de mujeres de 40 a 44 años,2020,3.89553310250863,Porcentaje
09,Ciudad de México,003,Coyoacán,6200240342,Porcentaje de mujeres de 70 a 74 años,2020,2.24020419358672,Porcentaje
09,Ciudad de México,003,Coyoacán,6200240343,Porcentaje de hombres de 15 a 19 años,2020,3.27045069418332,Porcentaje
09,Ciudad de México,003,Coyoacán,6200240344,Porcentaje de mujeres de 85 años y más,2020,1.01331718537112,Porcentaje
09,Ciudad de México,003,Coyoacán,6200240345,Población de 5 años y más hablante de Mixe,2020,344,Personas
09,Ciudad de México,003,Coyoacán,6200240354,Porcentaje de mujeres de 10 a 14 años,2020,2.72187576812698,Porcentaje
09,Ciudad de México,003,Coyoacán,6200240356,Porcentaje de mujeres de 20 a 24 años,2020,3.80404968754019,Porcentaje
09,Ciudad de México,003,Coyoacán,6200240357,Porcentaje de hombres de 35 a 39 años,2020,3.43779046391207,Porcentaje
09,Ciudad de México,003,Coyoacán,6200240358,Porcentaje de la población de 0 a 14 años con limitación en la actividad,2020,4.09736441578066,Porcentaje
09,Ciudad de México,003,Coyoacán,6200240361,Población de 5 años y más hablante de Mazahua,2020,302,Personas
09,Ciudad de México,003,Coyoacán,6200240364,Tasa de monolingüismo de la población de 5 años y más hablante de Chatino,2020,0,Porcentaje
09,Ciudad de México,003,Coyoacán,6200240365,Porcentaje de la población de 15 años y más con instrucción superior,2020,45.687123321198,Porcentaje
09,Ciudad de México,003,Coyoacán,6200240366,Tasa de monolingüismo de la población de 5 años y más hablante de Lenguas mixtecas,2020,0.67911714770797,Porcentaje
09,Ciudad de México,003,Coyoacán,6200240367,Porcentaje de la población con limitación para hablar o comunicarse,2020,4.69508763203707,Porcentaje
09,Ciudad de México,003,Coyoacán,6200240368,Porcentaje de la población de 15 años y más con instrucción no especificada,2020,0.168836234588674,Porcentaje
09,Ciudad de México,003,Coyoacán,6200240377,Porcentaje de mujeres de 45 a 49 años,2020,4.04757137578359,Porcentaje
09,Ciudad de México,003,Coyoacán,6200240378,Porcentaje de mujeres de 0 a 4 años,2020,2.13390762779598,Porcentaje
09,Ciudad de México,003,Coyoacán,6200240379,Porcentaje de mujeres de 80 a 84 años,2020,1.01234049410811,Porcentaje
09,Ciudad de México,003,Coyoacán,6200240381,Tasa de monolingüismo de la población de 5 años y más hablante de Tzotzil (Tsotsil),2020,3.96039603960396,Porcentaje
09,Ciudad de México,003,Coyoacán,6200240384,Porcentaje de mujeres de 15 a 19 años,2020,3.14299248436073,Porcentaje
09,Ciudad de México,003,Coyoacán,6200240386,Población de 5 años y más hablante de Lenguas mixtecas,2020,589,Personas
09,Ciudad de México,003,Coyoacán,6200240388,Porcentaje de hombres de 65 a 69 años,2020,2.11779222195635,Porcentaje
09,Ciudad de México,003,Coyoacán,6200240389,Tasa de crecimiento promedio anual de las viviendas particulares habitadas,2020,0.588360963412082,Tasa
09,Ciudad de México,003,Coyoacán,6200240390,Porcentaje de la población con discapacidad por accidente,2020,9.74727923453364,Porcentaje
09,Ciudad de México,003,Coyoacán,6200240395,"Viviendas, de cada cien que cuentan con electricidad, agua y drenaje",2020,99.7751563447742,Porcentaje
09,Ciudad de México,003,Coyoacán,6200240396,Porcentaje de la población de 30 a 59 años con limitación en la actividad,2020,10.7982420667923,Porcentaje
09,Ciudad de México,003,Coyoacán,6200240397,Tasa de monolingüismo de la población de 5 años y más hablante de Chol (Ch''ol),2020,0,Porcentaje
09,Ciudad de México,003,Coyoacán,6200240398,Tasa de monolingüismo de la población de 5 años y más hablante de Totonaca (Totonaco),2020,1.37362637362637,Porcentaje
09,Ciudad de México,003,Coyoacán,6200240407,Índice de envejecimiento,2020,138.613991481161,Porcentaje
09,Ciudad de México,003,Coyoacán,6200240410,Porcentaje de hombres de 60 a 64 años,2020,2.51449165661489,Porcentaje
09,Ciudad de México,003,Coyoacán,6200240411,Porcentaje de hombres de 85 años y más,2020,0.540598614075098,Porcentaje
09,Ciudad de México,003,Coyoacán,6200240413,Tasa de monolingüismo de la población de 5 años y más hablante de Huasteco,2020,0,Porcentaje
09,Ciudad de México,003,Coyoacán,6200240414,"Porcentaje de la población derechohabiente en PEMEX, SDN o SM",2020,1.46283614424306,Porcentaje
09,Ciudad de México,003,Coyoacán,6200240416,Porcentaje de la población usuaria de servicios de salud en instituciones de servicios médicos privados,2020,8.11604636731233,Porcentaje
09,Ciudad de México,003,Coyoacán,6200240421,Porcentaje de la población derechohabiente en el ISSSTE,2020,21.452721727666,Porcentaje
09,Ciudad de México,003,Coyoacán,6200240423,Porcentaje de hombres de 40 a 44 años,2020,3.39953672277758,Porcentaje
09,Ciudad de México,003,Coyoacán,6200240424,Tasa de monolingüismo de la población de 5 años y más hablante de Mixe,2020,2.03488372093023,Porcentaje
09,Ciudad de México,003,Coyoacán,6200240425,Porcentaje de hombres de 70 a 74 años,2020,1.67795558984827,Porcentaje
09,Ciudad de México,003,Coyoacán,6200240426,Porcentaje de mujeres de 60 a 64 años,2020,3.36909651174715,Porcentaje
09,Ciudad de México,003,Coyoacán,6200240427,Porcentaje de mujeres de 65 a 69 años,2020,2.84542721289753,Porcentaje
09,Ciudad de México,003,Coyoacán,6200240428,Tasa de monolingüismo de la población de 5 años y más hablante de Otomí,2020,0.48939641109298,Porcentaje
09,Ciudad de México,003,Coyoacán,6200240430,Porcentaje de la población con limitación para caminar y moverse,2020,34.2643664671596,Porcentaje
09,Ciudad de México,003,Coyoacán,6200240431,Población de 5 años y más hablante de Purépecha (Tarasco),2020,115,Personas
09,Ciudad de México,003,Coyoacán,6200240432,Tasa de monolingüismo de la población de 5 años y más hablante de Zoque,2020,0,Porcentaje
09,Ciudad de México,003,Coyoacán,6200240433,Tasa de monolingüismo de la población de 5 años y más hablante de Lenguas zapotecas,2020,0.1577287066246,Porcentaje
09,Ciudad de México,003,Coyoacán,6200240434,Población de 5 años y más hablante de Chatino,2020,8,Personas
09,Ciudad de México,003,Coyoacán,6200240435,Porcentaje de la población con limitación para atender el cuidado personal,2020,5.12329017199338,Porcentaje
09,Ciudad de México,003,Coyoacán,6200240443,Porcentaje de mujeres de 35 a 39 años,2020,3.83530380795645,Porcentaje
09,Ciudad de México,003,Coyoacán,6200240444,Porcentaje de hombres de 55 a 59 años,2020,2.72203855000415,Porcentaje
09,Ciudad de México,003,Coyoacán,6200240445,Porcentaje de hombres de 5 a 9 años,2020,2.51253827408887,Porcentaje
09,Ciudad de México,003,Coyoacán,6200240447,Porcentaje de la población de 15 años y más sin instrucción,2020,1.54610395570104,Porcentaje
09,Ciudad de México,003,Coyoacán,6200240449,Tasa de monolingüismo de la población de 5 años y más hablante de lengua indígena,2020,0.72907173545111,Porcentaje
09,Ciudad de México,003,Coyoacán,6200240450,Porcentaje de la población con limitación para ver,2020,60.8614012439854,Porcentaje
09,Ciudad de México,003,Coyoacán,6200240451,Población de 5 años y más hablante de Tarahumara,2020,9,Personas
09,Ciudad de México,003,Coyoacán,6200240452,Población de 5 años y más hablante de Chol (Ch''ol),2020,17,Personas
09,Ciudad de México,003,Coyoacán,6200240453,Población de 5 años y más hablante de Totonaca (Totonaco),2020,364,Personas
09,Ciudad de México,003,Coyoacán,6200240454,Tasa de monolingüismo de la población de 5 años y más hablante de Mazahua,2020,0,Porcentaje
09,Ciudad de México,003,Coyoacán,6200240458,Porcentaje de la población con discapacidad por edad avanzada,2020,30.2680593090351,Porcentaje
09,Ciudad de México,003,Coyoacán,6200240459,Porcentaje de la población con discapacidad por nacimiento,2020,12.3256153677598,Porcentaje
09,Ciudad de México,003,Coyoacán,6200240466,Población de 5 años y más hablante de Tlapaneco,2020,162,Personas
09,Ciudad de México,003,Coyoacán,6200240471,Porcentaje de la población derechohabiente en el IMSS,2020,60.3035650005852,Porcentaje
09,Ciudad de México,003,Coyoacán,6200240475,Porcentaje de hombres de 80 a 84 años,2020,0.679451555299445,Porcentaje
09,Ciudad de México,003,Coyoacán,6200240477,Porcentaje de la población de 85 y más con limitación en la actividad,2020,33.2285774146239,Porcentaje
09,Ciudad de México,003,Coyoacán,6200240478,Porcentaje de la población con limitación para escuchar,2020,25.087039862301,Porcentaje
09,Ciudad de México,003,Coyoacán,6200240479,Porcentaje de la población con limitación para poner atención o aprender,2020,21.2064311700505,Porcentaje
09,Ciudad de México,003,Coyoacán,6200240480,Población de 5 años y más hablante de Huasteco,2020,30,Personas
09,Ciudad de México,003,Coyoacán,6200240481,Población de 5 años y más hablante de Tzotzil (Tsotsil),2020,101,Personas
09,Ciudad de México,003,Coyoacán,6200240486,Porcentaje de hombres de 25 a 29 años,2020,3.88706844489589,Porcentaje
09,Ciudad de México,003,Coyoacán,6200240488,Porcentaje de la población de 15 a 29 años con limitación en la actividad,2020,5.98030892056541,Porcentaje
09,Ciudad de México,003,Coyoacán,6200240493,Porcentaje de la población de 5 años y más hablante de lengua indígena,2020,1.30697712407179,Porcentaje
09,Ciudad de México,003,Coyoacán,6200240495,Porcentaje de la población con discapacidad por otra causa,2020,5.93090351325688,Porcentaje
09,Ciudad de México,003,Coyoacán,6200240496,Población de 5 años y más hablante de Náhuatl,2020,2601,Personas
09,Ciudad de México,003,Coyoacán,6200240497,Población no católica,2020,42440,Miles DE personas
09,Ciudad de México,003,Coyoacán,6200240499,Porcentaje de la población que profesa la religión protestante y evangélica,2020,6.43814682145083,Porcentaje
09,Ciudad de México,003,Coyoacán,6200240507,Porcentaje de mujeres de 50 a 54 años,2020,3.84181508304318,Porcentaje
09,Ciudad de México,003,Coyoacán,6200240509,Tasa de monolingüismo de la población de 5 años y más hablante de Tarahumara,2020,0,Porcentaje
09,Ciudad de México,003,Coyoacán,6200240518,Porcentaje de hombres de 30 a 34 años,2020,3.62205954886631,Porcentaje
09,Ciudad de México,003,Coyoacán,6200240520,Porcentaje de hombres de 20 a 24 años,2020,3.85255868693627,Porcentaje
09,Ciudad de México,003,Coyoacán,6200240521,Población de 5 años y más hablante de Zoque,2020,9,Personas
09,Ciudad de México,003,Coyoacán,6200240522,Tasa de monolingüismo de la población de 5 años y más hablante de Purépecha (Tarasco),2020,0.8695652173913,Porcentaje
09,Ciudad de México,003,Coyoacán,6200240532,Porcentaje de hombres de 45 a 49 años,2020,3.46969571183701,Porcentaje
09,Ciudad de México,003,Coyoacán,6200240533,Porcentaje de hombres de 50 a 54 años,2020,3.19508268505451,Porcentaje
09,Ciudad de México,003,Coyoacán,6200240534,Tasa de monolingüismo de la población de 5 años y más hablante de Resto de lenguas,2020,0.44052863436123,Porcentaje
09,Ciudad de México,003,Coyoacán,6200240535,Población de 5 años y más hablante de Mazateco,2020,832,Personas
09,Ciudad de México,003,Coyoacán,6200240536,Tasa de monolingüismo de la población de 5 años y más hablante de Tlapaneco,2020,0.61728395061728,Porcentaje
09,Ciudad de México,003,Coyoacán,6200240537,Tasa de monolingüismo de la población de 5 años y más hablante de Tzeltal (Tseltal),2020,0,Porcentaje
09,Ciudad de México,003,Coyoacán,6200240538,Población de 5 años y más hablante del Resto de lenguas,2020,227,Personas
09,Ciudad de México,003,Coyoacán,6200240539,Tasa de monolingüismo de la población de 5 años y más hablante de Lenguas chinantecas,2020,0.44843049327354,Porcentaje
09,Ciudad de México,003,Coyoacán,6200240540,Porcentaje de la población con discapacidad por enfermedad,2020,50.3213790081075,Porcentaje
09,Ciudad de México,003,Coyoacán,6200240548,Porcentaje de mujeres de 25 a 29 años,2020,3.90025377694651,Porcentaje
09,Ciudad de México,003,Coyoacán,6200240549,Porcentaje de mujeres de 30 a 34 años,2020,3.80795645259222,Porcentaje
09,Ciudad de México,003,Coyoacán,6205370864,Porcentaje de población que se considera afrodescendiente,2020,1.80975739160579,Porcentaje
09,Ciudad de México,003,Coyoacán,6207019007,Porcentaje de la población de 12 años y más viuda,2020,5.87970367102336,Porcentaje
09,Ciudad de México,003,Coyoacán,6207019009,Porcentaje de la población de 12 años y más casada,2020,32.1458115038879,Porcentaje
09,Ciudad de México,003,Coyoacán,6207019010,Porcentaje de población de 25 años y más alfabeta,2020,98.5784216035936,Porcentaje
09,Ciudad de México,003,Coyoacán,6207019011,Porcentaje de la población de 12 años y más soltera,2020,39.3683707421092,Porcentaje
09,Ciudad de México,003,Coyoacán,6207019012,Porcentaje de la población de 12 años y más separada,2020,5.16498465045313,Porcentaje
09,Ciudad de México,003,Coyoacán,6207019016,Porcentaje de la población de 12 años y más divorciada,2020,4.0787514476369,Porcentaje
09,Ciudad de México,003,Coyoacán,6207019017,Porcentaje de población afiliada a otra institución,2020,1.11611924411299,Porcentaje
09,Ciudad de México,003,Coyoacán,6207019018,Porcentaje de población afiliada a servicios de salud,2020,73.6953716105702,Porcentaje
09,Ciudad de México,003,Coyoacán,6207019019,Porcentaje de la población de 12 años y más en unión libre,2020,13.2936267210794,Porcentaje
09,Ciudad de México,003,Coyoacán,6207019020,Porcentaje de población de 15 años y más sin escolaridad,2020,1.36885459050999,Porcentaje
09,Ciudad de México,003,Coyoacán,6207019022,Porcentaje de viviendas particulares habitadas propias,2020,60.6885338611622,Porcentaje
09,Ciudad de México,003,Coyoacán,6207019023,Porcentaje de hijos fallecidos de las mujeres de 15 a 49 años,2020,3.01115520974937,Porcentaje
09,Ciudad de México,003,Coyoacán,6207019024,Porcentaje de la población de 3 a 5 años que asiste a la escuela,2020,79.2093461048668,Porcentaje
09,Ciudad de México,003,Coyoacán,6207019026,Porcentaje de la población de 6 a 11 años que asiste a la escuela,2020,95.3945086319609,Porcentaje
09,Ciudad de México,003,Coyoacán,6207019028,Porcentaje de la población de 12 a 14 años que asiste a la escuela,2020,93.9851414420421,Porcentaje
09,Ciudad de México,003,Coyoacán,6207019029,Porcentaje de la población de 15 a 24 años que asiste a la escuela,2020,62.2895817666455,Porcentaje
09,Ciudad de México,003,Coyoacán,6207019030,Porcentaje de población de 12 años y más económicamente activa,2020,62.5980256990018,Porcentaje
09,Ciudad de México,003,Coyoacán,6207019031,Porcentaje de población de 15 años y más con escolaridad básica,2020,27.1044298956772,Porcentaje
09,Ciudad de México,003,Coyoacán,6207019034,Porcentaje de población de 3 años y más hablante de lengua indígena,2020,1.28901402436583,Porcentaje
09,Ciudad de México,003,Coyoacán,6207019035,Porcentaje de la población de 12 años y más No Económicamente Activa,2020,37.2017867975514,Porcentaje
09,Ciudad de México,003,Coyoacán,6207019036,Promedio de hijos nacidos vivos de las mujeres de 15 a 49 años EI2015,2020,0.90249600848236,Promedio
09,Ciudad de México,003,Coyoacán,6207019039,Porcentaje de la población de 12 años y más económicamente activa ocupada,2020,97.3634983422754,Porcentaje
09,Ciudad de México,003,Coyoacán,6207019040,Porcentaje de la población femenina de 12 años y más económicamente activa,2020,47.0347432068529,Porcentaje
09,Ciudad de México,003,Coyoacán,6207019042,Porcentaje de viviendas particulares habitadas que disponen de Internet,2020,82.5688649055657,Porcentaje
09,Ciudad de México,003,Coyoacán,6207019043,Porcentaje de la población masculina de 12 años y más económicamente activa,2020,52.9652567931471,Porcentaje
09,Ciudad de México,003,Coyoacán,6207019046,Porcentaje de viviendas particulares habitadas que disponen de computadora,2020,69.851603187551,Porcentaje
09,Ciudad de México,003,Coyoacán,6207019047,Porcentaje de la población de 12 años y más no económicamente activa que estudia,2020,35.6429185567316,Porcentaje
09,Ciudad de México,003,Coyoacán,6207019050,Porcentaje de viviendas particulares habitadas que disponen de teléfono fijo,2020,75.8261697098994,Porcentaje
09,Ciudad de México,003,Coyoacán,6207019051,Porcentaje de la población de 12 años y más sin especificar su situación conyugal,2020,0.0687512638099965,Porcentaje
09,Ciudad de México,003,Coyoacán,6207019054,Porcentaje de la población femenina de 12 años y más económicamente activa ocupada,2020,97.8097723611753,Porcentaje
09,Ciudad de México,003,Coyoacán,6207019055,Porcentaje de viviendas particulares habitadas que disponen de teléfono celular,2020,93.7441174625086,Porcentaje
09,Ciudad de México,003,Coyoacán,6207019056,Porcentaje de la población masculina de 12 años y más económicamente activa ocupada,2020,96.9671935728899,Porcentaje
09,Ciudad de México,003,Coyoacán,6207019057,Porcentaje de viviendas particulares habitadas que disponen de televisión de paga,2020,53.1572232331472,Porcentaje
09,Ciudad de México,003,Coyoacán,6207019058,Porcentaje de población de 3 años y más hablante de lengua indígena que no habla español,2020,0.737577639751553,Porcentaje
09,Ciudad de México,003,Coyoacán,6207019059,Porcentaje de población de 12 años con condición de actividad económica no especificada,2020,0.200187503446755,Porcentaje
09,Ciudad de México,003,Coyoacán,6207019060,Porcentaje de la población de 12 años y más no económicamente activa que es pensionada o jubilada,2020,22.6427307855752,Porcentaje
09,Ciudad de México,003,Coyoacán,6207019063,Porcentaje de superficie en el ámbito geográfico de referencia respecto a la unidad geográfica superior,2020,3.60851944689552,Porcentaje
09,Ciudad de México,003,Coyoacán,6207019064,Porcentaje de la población de 12 años y más no económicamente activa que se dedica a los quehaceres del hogar,2020,29.6465949183195,Porcentaje
09,Ciudad de México,003,Coyoacán,6207019065,Porcentaje de la población de 12 años y más no económicamente activa que realiza otras actividades no económicas,2020,9.06094656428197,Porcentaje
09,Ciudad de México,003,Coyoacán,6207019070,Porcentaje de la población de 12 años y más no económicamente activa con alguna limitación física o mental que les impide trabajar,2020,3.00680917509166,Porcentaje
09,Ciudad de México,003,Coyoacán,6207020032,Porcentaje de hombres,2020,47.0520647020817,Porcentaje
09,Ciudad de México,003,Coyoacán,6207020033,Porcentaje de mujeres,2020,52.9479352979183,Porcentaje
09,Ciudad de México,003,Coyoacán,6207020035,Promedio de ocupantes por cuarto (Índice de hacinamiento),2020,0.704947852385687,Promedio
09,Ciudad de México,003,Coyoacán,6207049066,Población de 6 a 14 años que sabe leer y escribir,2020,54843,Porcentaje
09,Ciudad de México,003,Coyoacán,6207049067,Población de 6 a 14 años que no sabe leer y escribir,2020,3212,Porcentaje
09,Ciudad de México,003,Coyoacán,6207049068,Porcentaje de la población de 3 años y más que asiste a la escuela,2020,24.1037949853885,Porcentaje
09,Ciudad de México,003,Coyoacán,6207049069,Porcentaje de la población de 3 años y más que no asiste a la escuela,2020,75.8218131596856,Porcentaje
09,Ciudad de México,003,Coyoacán,6207049070,Población de 6 a 14 años que no especificó si sabe o no leer y escribir,2020,420,Porcentaje
09,Ciudad de México,003,Coyoacán,6207049071,Porcentaje de la población de 3 años y más que no especificó si asiste o no a la escuela,2020,0.074391854925875,Porcentaje
09,Ciudad de México,003,Coyoacán,6207051593,Porcentaje de población de 6 a 14 años que no asiste a la escuela,2020,5.0295,Porcentaje
09,Ciudad de México,003,Coyoacán,6207068394,Porcentaje de viviendas con agua entubada dentro de la vivienda,2020,95.7781682039698,Porcentaje
09,Ciudad de México,003,Coyoacán,6207129629,Porcentaje de la población nacional/estatal que representa,2020,6.6715606522689,Porcentaje
09,Ciudad de México,003,Coyoacán,6207129630,Promedio de ocupantes por dormitorio,2020,1.41546816739619,Promedio
09,Ciudad de México,003,Coyoacán,6207129631,Porcentaje de viviendas particulares habitadas que disponen de tinaco,2020,80.9494676957186,Porcentaje
09,Ciudad de México,003,Coyoacán,6207129632,Porcentaje de viviendas particulares habitadas que disponen de cisterna o aljibe,2020,59.846583422225,Porcentaje
09,Ciudad de México,003,Coyoacán,6207129635,Porcentaje de viviendas particulares habitadas que disponen de Automóvil o camioneta,2020,57.2195729016335,Porcentaje
09,Ciudad de México,003,Coyoacán,6207129636,Porcentaje de viviendas particulares habitadas que disponen de motocicleta o motoneta,2020,7.59239505553115,Porcentaje
09,Ciudad de México,003,Coyoacán,6207129637,Porcentaje de viviendas particulares habitadas que disponen de bicicleta como medio de transporte,2020,19.295768756144,Porcentaje
09,Ciudad de México,003,Coyoacán,6207129638,Porcentaje de la población con algún tipo de  discapacidad,2020,5.60601646683929,Porcentaje
09,Ciudad de México,003,Coyoacán,6207129639,Porcentaje de la población entre 0 y 17 años con algún tipo de  discapacidad,2020,1.90881565667647,Porcentaje
09,Ciudad de México,003,Coyoacán,6207129640,Porcentaje de la población entre 18 y 29 años con algún tipo de  discapacidad,2020,1.84943039335101,Porcentaje
09,Ciudad de México,003,Coyoacán,6207129641,Porcentaje de la población entre 30 y 59 años con algún tipo de  discapacidad,2020,3.42430739415396,Porcentaje
09,Ciudad de México,003,Coyoacán,6207129642,Porcentaje de la población de 60 años y más con algún tipo de  discapacidad,2020,16.7704120323559,Porcentaje
09,Ciudad de México,003,Coyoacán,6207129643,Porcentaje de la población de 5 y más años migrante según causa: Trabajo,2020,24.1114939950656,Porcentaje
09,Ciudad de México,003,Coyoacán,6207129644,Porcentaje de la población de 5 y más años migrante según causa: Familiar,2020,33.7214281344942,Porcentaje
09,Ciudad de México,003,Coyoacán,6207129645,Porcentaje de la población de 5 y más años migrante según causa: Educativa,2020,14.4077646147259,Porcentaje
09,Ciudad de México,003,Coyoacán,6207129646,Porcentaje de la población de 5 y más años migrante según causa: Inseguridad delictiva o violencia,2020,4.89162571620823,Porcentaje
09,Ciudad de México,003,Coyoacán,6207129647,Porcentaje de la población de 5 y más años migrante según causa: Otra causa,2020,19.0914095793487,Porcentaje
09,Ciudad de México,003,Coyoacán,6207129648,Promedio de hijos nacidos vivos por grupo de edad: 15-19,2020,0.0371446358165595,Promedio
09,Ciudad de México,003,Coyoacán,6207129649,Promedio de hijos nacidos vivos por grupo de edad: 20-24,2020,0.236904099027712,Promedio
09,Ciudad de México,003,Coyoacán,6207129650,Promedio de hijos nacidos vivos por grupo de edad: 25-29,2020,0.528851376760122,Promedio
09,Ciudad de México,003,Coyoacán,6207129651,Promedio de hijos nacidos vivos por grupo de edad: 30-34,2020,0.867080213903743,Promedio
09,Ciudad de México,003,Coyoacán,6207129652,Promedio de hijos nacidos vivos por grupo de edad: 35-39,2020,1.23214513319454,Promedio
09,Ciudad de México,003,Coyoacán,6207129653,Promedio de hijos nacidos vivos por grupo de edad: 40-44,2020,1.52481171548117,Promedio
09,Ciudad de México,003,Coyoacán,6207129654,Promedio de hijos nacidos vivos por grupo de edad: 45-49,2020,1.6814615106032,Promedio
09,Ciudad de México,003,Coyoacán,6207129812,Porcentaje de viviendas particulares habitadas que disponen de refrigerador,2020,96.3455062642488,Porcentaje
09,Ciudad de México,003,Coyoacán,6207129813,Porcentaje de viviendas particulares habitadas que disponen de lavadora,2020,87.4333312417644,Porcentaje
09,Ciudad de México,003,Coyoacán,6207129818,Porcentaje de la población derechohabiente en Instituto de Salud para el Bienestar (IMSS-PROSPERA o IMSS-BIENESTAR),2020,0.306082562789989,Porcentaje
09,Ciudad de México,003,Coyoacán,6207129822,Ubicación geográfica con la mayor cantidad de pobladores. Primer lugar,2020,90030001,No aplica
09,Ciudad de México,003,Coyoacán,6207129825,Población de la ubicación geográfica con la mayor cantidad de pobladores. Primer lugar,2020,614447,Personas
09,Ciudad de México,003,Coyoacán,6207129828,Lengua indígena más frecuente. Descripción. Primer lugar,2020,211,No aplica
09,Ciudad de México,003,Coyoacán,6207129830,Lengua indígena más frecuente. Porcentaje. Primer lugar,2020,34.3499408439595,Porcentaje
09,Ciudad de México,003,Coyoacán,6207129840,Total de áreas geográficas,2020,1,Municipios
09,Ciudad de México,004,Cuajimalpa de Morelos,1001000001,Superficie continental,2020,71.15740074,Kilómetros cuadrados
09,Ciudad de México,004,Cuajimalpa de Morelos,1002000001,Población total,2020,217686,Personas
09,Ciudad de México,004,Cuajimalpa de Morelos,1002000002,Población total hombres,2020,104149,Personas
09,Ciudad de México,004,Cuajimalpa de Morelos,1002000003,Población total mujeres,2020,113537,Personas
09,Ciudad de México,004,Cuajimalpa de Morelos,1002000004,Porcentaje de población de 15 a 29 años,2020,24.598979638737,Porcentaje
09,Ciudad de México,004,Cuajimalpa de Morelos,1002000005,Porcentaje de hombres de 15 a 29 años,2020,24.9822269190124,Porcentaje
09,Ciudad de México,004,Cuajimalpa de Morelos,1002000006,Porcentaje de mujeres de 15 a 29 años,2020,24.2474444836094,Porcentaje
09,Ciudad de México,004,Cuajimalpa de Morelos,1002000007,Porcentaje de población de 60 y más años,2020,11.8596313830032,Porcentaje
09,Ciudad de México,004,Cuajimalpa de Morelos,1002000008,Porcentaje de hombres de 60 y más años,2020,11.0836775867038,Porcentaje
09,Ciudad de México,004,Cuajimalpa de Morelos,1002000009,Porcentaje de mujeres de 60 y más años,2020,12.5713782164258,Porcentaje
09,Ciudad de México,004,Cuajimalpa de Morelos,1002000010,Edad mediana,2020,32,Años
09,Ciudad de México,004,Cuajimalpa de Morelos,1002000011,Edad mediana hombres,2020,31,Años
09,Ciudad de México,004,Cuajimalpa de Morelos,1002000012,Edad mediana mujeres,2020,33,Años
09,Ciudad de México,004,Cuajimalpa de Morelos,1002000013,Promedio de hijos nacidos vivos de las mujeres de 12 años y más,2020,1.65888535298551,Promedio
09,Ciudad de México,004,Cuajimalpa de Morelos,1002000014,Población en hogares censales,2020,217606,Personas
09,Ciudad de México,004,Cuajimalpa de Morelos,1002000015,Población en hogares familiares,2020,206576,Personas
09,Ciudad de México,004,Cuajimalpa de Morelos,1002000016,Población en hogares no familiares,2020,10771,Personas
09,Ciudad de México,004,Cuajimalpa de Morelos,1002000018,Hogares censales,2020,60436,Hogares
09,Ciudad de México,004,Cuajimalpa de Morelos,1002000019,Hogares con jefatura masculina,2020,40355,Hogares
09,Ciudad de México,004,Cuajimalpa de Morelos,1002000020,Hogares con jefatura femenina,2020,20081,Hogares
09,Ciudad de México,004,Cuajimalpa de Morelos,1002000021,Tamaño promedio de los hogares censales,2020,3.60060229002581,Personas
09,Ciudad de México,004,Cuajimalpa de Morelos,1002000022,Tamaño promedio de los hogares con jefe hombre,2020,3.73921447156486,Personas
09,Ciudad de México,004,Cuajimalpa de Morelos,1002000023,Tamaño promedio de los hogares con jefe mujer,2020,3.32204571485484,Personas
09,Ciudad de México,004,Cuajimalpa de Morelos,1002000024,Relación hombres-mujeres,2020,91.7313298748426,Hombres por cada 100 mujeres
09,Ciudad de México,004,Cuajimalpa de Morelos,1002000041,Porcentaje de personas de 15 años y más alfabetas,2020,98.0181466710785,Porcentaje
09,Ciudad de México,004,Cuajimalpa de Morelos,1002000050,Tasa de alfabetización de las personas de 15 a 24 años,2020,98.8252067293983,Tasa
09,Ciudad de México,004,Cuajimalpa de Morelos,1002000055,Población de edad no especificada,2020,116,Personas
09,Ciudad de México,004,Cuajimalpa de Morelos,1002000056,Población de edad no especificada. Hombres,2020,59,Personas
09,Ciudad de México,004,Cuajimalpa de Morelos,1002000057,Población de edad no especificada. Mujeres,2020,57,Personas
09,Ciudad de México,004,Cuajimalpa de Morelos,1002000058,Población de 0 a 4 años,2020,14255,Personas
09,Ciudad de México,004,Cuajimalpa de Morelos,1002000059,Población de 0 a 4 años. Hombres,2020,7239,Personas
09,Ciudad de México,004,Cuajimalpa de Morelos,1002000060,Población de 0 a 4 años. Mujeres,2020,7016,Personas
09,Ciudad de México,004,Cuajimalpa de Morelos,1002000061,Población de 10 a 14 años,2020,15773,Personas
09,Ciudad de México,004,Cuajimalpa de Morelos,1002000062,Población de 10 a 14 años. Hombres,2020,7952,Personas
09,Ciudad de México,004,Cuajimalpa de Morelos,1002000063,Población de 10 a 14 años. Mujeres,2020,7821,Personas
09,Ciudad de México,004,Cuajimalpa de Morelos,1002000064,Población de 100 años y más,2020,24,Personas
09,Ciudad de México,004,Cuajimalpa de Morelos,1002000065,Población de 100 años y más. Hombres,2020,2,Personas
09,Ciudad de México,004,Cuajimalpa de Morelos,1002000066,Población de 100 años y más. Mujeres,2020,22,Personas
09,Ciudad de México,004,Cuajimalpa de Morelos,1002000067,Población de 15 a 19 años,2020,16776,Personas
09,Ciudad de México,004,Cuajimalpa de Morelos,1002000068,Población de 15 a 19 años. Hombres,2020,8442,Personas
09,Ciudad de México,004,Cuajimalpa de Morelos,1002000069,Población de 15 a 19 años. Mujeres,2020,8334,Personas
09,Ciudad de México,004,Cuajimalpa de Morelos,1002000070,Población de 20 a 24 años,2020,18294,Personas
09,Ciudad de México,004,Cuajimalpa de Morelos,1002000071,Población de 20 a 24 años. Hombres,2020,8830,Personas
09,Ciudad de México,004,Cuajimalpa de Morelos,1002000072,Población de 20 a 24 años. Mujeres,2020,9464,Personas
09,Ciudad de México,004,Cuajimalpa de Morelos,1002000073,Población de 25 a 29 años,2020,18450,Personas
09,Ciudad de México,004,Cuajimalpa de Morelos,1002000074,Población de 25 a 29 años. Hombres,2020,8732,Personas
09,Ciudad de México,004,Cuajimalpa de Morelos,1002000075,Población de 25 a 29 años. Mujeres,2020,9718,Personas
09,Ciudad de México,004,Cuajimalpa de Morelos,1002000076,Población de 30 a 34 años,2020,18156,Personas
09,Ciudad de México,004,Cuajimalpa de Morelos,1002000077,Población de 30 a 34 años. Hombres,2020,8547,Personas
09,Ciudad de México,004,Cuajimalpa de Morelos,1002000078,Población de 30 a 34 años. Mujeres,2020,9609,Personas
09,Ciudad de México,004,Cuajimalpa de Morelos,1002000079,Población de 35 a 39 años,2020,16830,Personas
09,Ciudad de México,004,Cuajimalpa de Morelos,1002000080,Población de 35 a 39 años. Hombres,2020,8013,Personas
09,Ciudad de México,004,Cuajimalpa de Morelos,1002000081,Población de 35 a 39 años. Mujeres,2020,8817,Personas
09,Ciudad de México,004,Cuajimalpa de Morelos,1002000082,Población de 40 a 44 años,2020,15914,Personas
09,Ciudad de México,004,Cuajimalpa de Morelos,1002000083,Población de 40 a 44 años. Hombres,2020,7443,Personas
09,Ciudad de México,004,Cuajimalpa de Morelos,1002000084,Población de 40 a 44 años. Mujeres,2020,8471,Personas
09,Ciudad de México,004,Cuajimalpa de Morelos,1002000085,Población de 45 a 49 años,2020,15880,Personas
09,Ciudad de México,004,Cuajimalpa de Morelos,1002000086,Población de 45 a 49 años. Hombres,2020,7399,Personas
09,Ciudad de México,004,Cuajimalpa de Morelos,1002000087,Población de 45 a 49 años. Mujeres,2020,8481,Personas
09,Ciudad de México,004,Cuajimalpa de Morelos,1002000088,Población de 5 a 9 años,2020,15279,Personas
09,Ciudad de México,004,Cuajimalpa de Morelos,1002000089,Población de 5 a 9 años. Hombres,2020,7848,Personas
09,Ciudad de México,004,Cuajimalpa de Morelos,1002000090,Población de 5 a 9 años. Mujeres,2020,7431,Personas
09,Ciudad de México,004,Cuajimalpa de Morelos,1002000091,Población de 50 a 54 años,2020,14603,Personas
09,Ciudad de México,004,Cuajimalpa de Morelos,1002000092,Población de 50 a 54 años. Hombres,2020,6711,Personas
09,Ciudad de México,004,Cuajimalpa de Morelos,1002000093,Población de 50 a 54 años. Mujeres,2020,7892,Personas
09,Ciudad de México,004,Cuajimalpa de Morelos,1002000094,Población de 55 a 59 años,2020,11557,Personas
09,Ciudad de México,004,Cuajimalpa de Morelos,1002000095,Población de 55 a 59 años. Hombres,2020,5397,Número de personas
09,Ciudad de México,004,Cuajimalpa de Morelos,1002000096,Población de 55 a 59 años. Mujeres,2020,6160,Número de personas
09,Ciudad de México,004,Cuajimalpa de Morelos,1002000097,Población de 60 a 64 años,2020,9043,Personas
09,Ciudad de México,004,Cuajimalpa de Morelos,1002000098,Población de 60 a 64 años. Hombres,2020,4180,Número de personas
09,Ciudad de México,004,Cuajimalpa de Morelos,1002000099,Población de 60 a 64 años. Mujeres,2020,4863,Número de personas
09,Ciudad de México,004,Cuajimalpa de Morelos,1002000100,Población de 65 a 69 años,2020,6259,Personas
09,Ciudad de México,004,Cuajimalpa de Morelos,1002000101,Población de 65 a 69 años. Hombres,2020,2897,Número de personas
09,Ciudad de México,004,Cuajimalpa de Morelos,1002000102,Población de 65 a 69 años. Mujeres,2020,3362,Número de personas
09,Ciudad de México,004,Cuajimalpa de Morelos,1002000103,Población de 70 a 74 años,2020,4385,Personas
09,Ciudad de México,004,Cuajimalpa de Morelos,1002000104,Población de 70 a 74 años. Hombres,2020,1936,Número de personas
09,Ciudad de México,004,Cuajimalpa de Morelos,1002000105,Población de 70 a 74 años. Mujeres,2020,2449,Número de personas
09,Ciudad de México,004,Cuajimalpa de Morelos,1002000106,Población de 75 a 79 años,2020,2805,Personas
09,Ciudad de México,004,Cuajimalpa de Morelos,1002000107,Población de 75 a 79 años. Hombres,2020,1262,Número de personas
09,Ciudad de México,004,Cuajimalpa de Morelos,1002000108,Población de 75 a 79 años. Mujeres,2020,1543,Número de personas
09,Ciudad de México,004,Cuajimalpa de Morelos,1002000109,Población de 80 a 84 años,2020,1829,Personas
09,Ciudad de México,004,Cuajimalpa de Morelos,1002000110,Población de 80 a 84 años. Hombres,2020,751,Número de personas
09,Ciudad de México,004,Cuajimalpa de Morelos,1002000111,Población de 80 a 84 años. Mujeres,2020,1078,Número de personas
09,Ciudad de México,004,Cuajimalpa de Morelos,1002000112,Población de 85 a 89 años,2020,1006,Personas
09,Ciudad de México,004,Cuajimalpa de Morelos,1002000113,Población de 85 a 89 años. Hombres,2020,371,Número de personas
09,Ciudad de México,004,Cuajimalpa de Morelos,1002000114,Población de 85 a 89 años. Mujeres,2020,635,Número de personas
09,Ciudad de México,004,Cuajimalpa de Morelos,1002000115,Población de 90 a 94 años,2020,354,Personas
09,Ciudad de México,004,Cuajimalpa de Morelos,1002000116,Población de 90 a 94 años. Hombres,2020,122,Número de personas
09,Ciudad de México,004,Cuajimalpa de Morelos,1002000117,Población de 90 a 94 años. Mujeres,2020,232,Número de personas
09,Ciudad de México,004,Cuajimalpa de Morelos,1002000118,Población de 95 a 99 años,2020,98,Personas
09,Ciudad de México,004,Cuajimalpa de Morelos,1002000119,Población de 95 a 99 años. Hombres,2020,16,Número de personas
09,Ciudad de México,004,Cuajimalpa de Morelos,1002000120,Población de 95 a 99 años. Mujeres,2020,82,Número de personas
09,Ciudad de México,004,Cuajimalpa de Morelos,1002000127,Relación de dependencia,2020,39.9136994141592,Personas dependientes por cada 100 personas en edad de trabajar
09,Ciudad de México,004,Cuajimalpa de Morelos,1003000001,Total de viviendas particulares habitadas,2020,60436,Viviendas
09,Ciudad de México,004,Cuajimalpa de Morelos,1003000011,Viviendas particulares habitadas,2020,47436,Número de Viviendas
09,Ciudad de México,004,Cuajimalpa de Morelos,1003000015,Promedio de ocupantes en viviendas particulares habitadas,2020,3.60072186625606,Promedio
09,Ciudad de México,004,Cuajimalpa de Morelos,1003000017,Viviendas particulares habitadas que disponen de energía eléctrica,2020,60308,Viviendas
09,Ciudad de México,004,Cuajimalpa de Morelos,1003000018,Viviendas particulares habitadas que disponen de agua de la red pública en el ámbito de la vivienda,2020,60038,Viviendas
09,Ciudad de México,004,Cuajimalpa de Morelos,1003000019,Viviendas particulares habitadas que disponen de drenaje,2020,60144,Viviendas
09,Ciudad de México,004,Cuajimalpa de Morelos,1003000020,Viviendas particulares habitadas que disponen de excusado o sanitario,2020,60193,Viviendas
09,Ciudad de México,004,Cuajimalpa de Morelos,1003000023,Viviendas particulares habitadas que disponen de lavadora,2020,51099,Viviendas
09,Ciudad de México,004,Cuajimalpa de Morelos,1003000024,Viviendas particulares habitadas que disponen de computadora,2020,37693,Viviendas
09,Ciudad de México,004,Cuajimalpa de Morelos,1004000001,Población derechohabiente a servicios de salud,2020,164222,Personas
09,Ciudad de México,004,Cuajimalpa de Morelos,1005000012,Población de 5 años y más que asiste a la escuela,2020,52306,Personas
09,Ciudad de México,004,Cuajimalpa de Morelos,1005000038,Grado promedio de escolaridad de la población de 15 y más años,2020,11.4392756863409,Años de escolaridad
09,Ciudad de México,004,Cuajimalpa de Morelos,1005000039,Población de 5 años y más hablante de lengua indígena,2020,2032,Personas
09,Ciudad de México,004,Cuajimalpa de Morelos,3104003001,Porcentaje de población inmigrante (migración reciente),2020,3.93131653275018,Porcentaje
09,Ciudad de México,004,Cuajimalpa de Morelos,3105001001,Densidad de población,2020,3059.21798345891,Habitantes por kilómetro cuadrado
09,Ciudad de México,004,Cuajimalpa de Morelos,3105004001,Porcentaje de población en localidades de menos de 2 500 habitantes,2020,2.27437685473572,Porcentaje
09,Ciudad de México,004,Cuajimalpa de Morelos,3108001001,Porcentaje de analfabetas total,2020,1.49480735851576,Porcentaje
09,Ciudad de México,004,Cuajimalpa de Morelos,3108001002,Porcentaje de analfabetas hombres,2020,1.0610603200454,Porcentaje
09,Ciudad de México,004,Cuajimalpa de Morelos,3108001003,Porcentaje de analfabetas mujeres,2020,1.88023505679077,Porcentaje
09,Ciudad de México,004,Cuajimalpa de Morelos,3114004001,Porcentaje de viviendas con piso de tierra,2020,0.978493021407639,Porcentaje
09,Ciudad de México,004,Cuajimalpa de Morelos,3114006001,Porcentaje de viviendas con electricidad,2020,99.8493352538949,Porcentaje
09,Ciudad de México,004,Cuajimalpa de Morelos,6200031290,Porcentaje de viviendas particulares habitadas con disponibilidad de drenaje,2020,99.5778075795957,Porcentaje
09,Ciudad de México,004,Cuajimalpa de Morelos,6200031291,Porcentaje de viviendas particulares habitadas con disponibilidad de excusado,2020,99.6589347505753,Porcentaje
09,Ciudad de México,004,Cuajimalpa de Morelos,6200108938,Porcentaje de viviendas con techos de materiales resistentes,2020,93.4511371551437,Porcentaje
09,Ciudad de México,004,Cuajimalpa de Morelos,6200205238,Población de 8 a 14 años que sabe leer y escribir,2020,21311,Personas
09,Ciudad de México,004,Cuajimalpa de Morelos,6200205244,Viviendas que son cuarto de azotea,2020,8,Viviendas
09,Ciudad de México,004,Cuajimalpa de Morelos,6200205245,Viviendas móviles,2020,9,Viviendas
09,Ciudad de México,004,Cuajimalpa de Morelos,6200205246,Viviendas que son departamento en edificio o vivienda en vecindad,2020,11832,Viviendas
09,Ciudad de México,004,Cuajimalpa de Morelos,6200205247,Viviendas que son refugio,2020,3,Viviendas
09,Ciudad de México,004,Cuajimalpa de Morelos,6200205248,Viviendas colectivas,2020,6,Viviendas
09,Ciudad de México,004,Cuajimalpa de Morelos,6200205249,Viviendas que son casa independiente o local no construido para habitación,2020,18239,Viviendas
09,Ciudad de México,004,Cuajimalpa de Morelos,6200205251,Promedio de hijos nacidos vivos de las mujeres de 12 años y más casada sólo religiosamente,2020,2.68640208197788,Promedio
09,Ciudad de México,004,Cuajimalpa de Morelos,6200205252,Población de 5 años y más inmigrante,2020,11287,Personas
09,Ciudad de México,004,Cuajimalpa de Morelos,6200205253,Población total sin limitación en la actividad,2020,189457,Personas
09,Ciudad de México,004,Cuajimalpa de Morelos,6200205254,Población total que no especificó limitación en la actividad,2020,582,Personas
09,Ciudad de México,004,Cuajimalpa de Morelos,6200205255,Porcentaje de la población migrante internacional destino otro país,2020,50.6824385805278,Porcentaje
09,Ciudad de México,004,Cuajimalpa de Morelos,6200205256,Población de 5 años y más con religión no especificada,2020,688,Personas
09,Ciudad de México,004,Cuajimalpa de Morelos,6200205257,Población de 5 años y más católica,2020,163580,Personas
09,Ciudad de México,004,Cuajimalpa de Morelos,6200205258,Promedio de hijos nacidos vivos de las mujeres de 12 años y más solteras,2020,0.292011668680202,Promedio
09,Ciudad de México,004,Cuajimalpa de Morelos,6200205259,Población nacida en otro país residente en México,2020,4945,Personas
09,Ciudad de México,004,Cuajimalpa de Morelos,6200205260,Población con limitación en la actividad para escuchar,2020,4091,Personas
09,Ciudad de México,004,Cuajimalpa de Morelos,6200205261,Población con limitación en la actividad para hablar o comunicarse,2020,1069,Personas
09,Ciudad de México,004,Cuajimalpa de Morelos,6200205263,Población con limitación en la actividad para caminar o moverse,2020,5542,Personas
09,Ciudad de México,004,Cuajimalpa de Morelos,6200205264,Porcentaje de la población migrante internacional destino no especificado,2020,4.54959053685168,Porcentaje
09,Ciudad de México,004,Cuajimalpa de Morelos,6200205265,Promedio de hijos nacidos vivos de las mujeres de 12 años y más que no especificó estado conyugal,2020,0.952380952380952,Promedio
09,Ciudad de México,004,Cuajimalpa de Morelos,6200205266,Promedio de hijos nacidos vivos de las mujeres de 12 años y más casada civil y religiosamente,2020,2.47504729303666,Promedio
09,Ciudad de México,004,Cuajimalpa de Morelos,6200205267,Promedio de hijos nacidos vivos de las mujeres de 12 años y más separadas,2020,2.27772056299348,Promedio
09,Ciudad de México,004,Cuajimalpa de Morelos,6200205268,Población nacida en otro país residente en México hombres,2020,2411,Personas
09,Ciudad de México,004,Cuajimalpa de Morelos,6200205269,Población con limitación en la actividad para atender el cuidado personal,2020,908,Personas
09,Ciudad de México,004,Cuajimalpa de Morelos,6200205270,Población con limitación en la actividad para poner atención o aprender,2020,3453,Personas
09,Ciudad de México,004,Cuajimalpa de Morelos,6200205271,Población con limitación en la actividad,2020,18693,Personas
09,Ciudad de México,004,Cuajimalpa de Morelos,6200205272,Porcentaje de población nacida en otro país residente en México,2020,2.27162059112667,Porcentaje
09,Ciudad de México,004,Cuajimalpa de Morelos,6200205273,Población de 5 años y más con religión distinta de católica,2020,23817,Personas
09,Ciudad de México,004,Cuajimalpa de Morelos,6200205274,Porcentaje de población masculina nacida en otro país residente en México,2020,2.31495261596367,Porcentaje
09,Ciudad de México,004,Cuajimalpa de Morelos,6200205275,Promedio de hijos nacidos vivos de las mujeres de 12 años y más divorciadas,2020,2.18272095332671,Promedio
09,Ciudad de México,004,Cuajimalpa de Morelos,6200205276,Promedio de hijos nacidos vivos de las mujeres de 12 años y más en unión libre,2020,1.81934441677324,Promedio
09,Ciudad de México,004,Cuajimalpa de Morelos,6200205277,Población de 5 años y más emigrante,2020,13813,Personas
09,Ciudad de México,004,Cuajimalpa de Morelos,6200205279,Promedio de hijos nacidos vivos de las mujeres de 12 años y más casada sólo por lo civil,2020,2.03718077115674,Promedio
09,Ciudad de México,004,Cuajimalpa de Morelos,6200205280,Población con limitación en la actividad para ver,2020,12062,Personas
09,Ciudad de México,004,Cuajimalpa de Morelos,6200205282,Porcentaje de población femenina nacida en otro país residente en México,2020,2.23187154848199,Porcentaje
09,Ciudad de México,004,Cuajimalpa de Morelos,6200205283,Promedio de hijos nacidos vivos de las mujeres de 12 años y más viudas,2020,4.28294510506597,Promedio
09,Ciudad de México,004,Cuajimalpa de Morelos,6200205284,Población nacida en otro país residente en México mujeres,2020,2534,Personas
09,Ciudad de México,004,Cuajimalpa de Morelos,6200205285,Porcentaje de la población migrante internacional destino Estados Unidos de América,2020,44.7679708826206,Porcentaje
09,Ciudad de México,004,Cuajimalpa de Morelos,6200205286,Población con limitación en la actividad mental,2020,2360,Personas
09,Ciudad de México,004,Cuajimalpa de Morelos,6200205288,Índice de masculinidad de la población nacida en otro país residente en México,2020,95.1460142067877,Índice
09,Ciudad de México,004,Cuajimalpa de Morelos,6200205289,Población de 5 años y más sin religión,2020,15230,Personas
09,Ciudad de México,004,Cuajimalpa de Morelos,6200240300,Porcentaje de hombres de 0 a 4 años,2020,3.32720503745921,Porcentaje
09,Ciudad de México,004,Cuajimalpa de Morelos,6200240301,Población católica,2020,174.811,Miles DE personas
09,Ciudad de México,004,Cuajimalpa de Morelos,6200240302,Porcentaje de la población de 60 a 84 años con limitación en la actividad,2020,25.0812055425353,Porcentaje
09,Ciudad de México,004,Cuajimalpa de Morelos,6200240304,Tasa de monolingüismo de la población de 5 años y más hablante de Tojolabal,2020,0,Porcentaje
09,Ciudad de México,004,Cuajimalpa de Morelos,6200240305,Porcentaje de la población que profesa la religión católica,2020,80.3041996269857,Porcentaje
09,Ciudad de México,004,Cuajimalpa de Morelos,6200240310,Porcentaje de mujeres de 75 a 79 años,2020,0.709197040033093,Porcentaje
09,Ciudad de México,004,Cuajimalpa de Morelos,6200240311,Porcentaje de hombres de 10 a 14 años,2020,3.65491565932803,Porcentaje
09,Ciudad de México,004,Cuajimalpa de Morelos,6200240312,Porcentaje de mujeres de 5 a 9 años,2020,3.41545249804661,Porcentaje
09,Ciudad de México,004,Cuajimalpa de Morelos,6200240314,Porcentaje de la población de 15 años y más con instrucción media superior,2020,25.6305765022088,Porcentaje
09,Ciudad de México,004,Cuajimalpa de Morelos,6200240315,Porcentaje de la población con limitación mental,2020,1.12627660589864,Porcentaje
09,Ciudad de México,004,Cuajimalpa de Morelos,6200240316,Tasa de monolingüismo de la población de 5 años y más hablante de Maya,2020,0,Porcentaje
09,Ciudad de México,004,Cuajimalpa de Morelos,6200240318,Población de 5 años y más hablante de Tzeltal  (Tseltal),2020,16,Personas
09,Ciudad de México,004,Cuajimalpa de Morelos,6200240319,Tasa de monolingüismo de la población de 5 años y más hablante de Mazateco,2020,1.25,Porcentaje
09,Ciudad de México,004,Cuajimalpa de Morelos,6200240320,Población de 5 años y más hablante de Lenguas chinantecas,2020,99,Personas
09,Ciudad de México,004,Cuajimalpa de Morelos,6200240323,Porcentaje de la población derechohabiente en el Seguro popular,2020,16.980672504293,Porcentaje
09,Ciudad de México,004,Cuajimalpa de Morelos,6200240325,Tasa de monolingüismo de la población de 5 años y más hablante de Náhuatl,2020,0.16077170418006,Porcentaje
09,Ciudad de México,004,Cuajimalpa de Morelos,6200240326,Población de 5 años y más hablante de Lenguas zapotecas,2020,117,Personas
09,Ciudad de México,004,Cuajimalpa de Morelos,6200240328,Porcentaje de mujeres de 55 a 59 años,2020,2.83127269384566,Porcentaje
09,Ciudad de México,004,Cuajimalpa de Morelos,6200240330,Porcentaje de hombres de 75 a 79 años,2020,0.580043204485913,Porcentaje
09,Ciudad de México,004,Cuajimalpa de Morelos,6200240331,Población de 5 años y más hablante de Maya,2020,21,Personas
09,Ciudad de México,004,Cuajimalpa de Morelos,6200240332,Población de 5 años y más hablante de Otomí,2020,199,Personas
09,Ciudad de México,004,Cuajimalpa de Morelos,6200240334,Población de 5 años y más hablante de Tojolabal,2020,0,Personas
09,Ciudad de México,004,Cuajimalpa de Morelos,6200240341,Porcentaje de mujeres de 40 a 44 años,2020,3.89345957622834,Porcentaje
09,Ciudad de México,004,Cuajimalpa de Morelos,6200240342,Porcentaje de mujeres de 70 a 74 años,2020,1.12561474467987,Porcentaje
09,Ciudad de México,004,Cuajimalpa de Morelos,6200240343,Porcentaje de hombres de 15 a 19 años,2020,3.88013053270212,Porcentaje
09,Ciudad de México,004,Cuajimalpa de Morelos,6200240344,Porcentaje de mujeres de 85 años y más,2020,0.446293147033139,Porcentaje
09,Ciudad de México,004,Cuajimalpa de Morelos,6200240345,Población de 5 años y más hablante de Mixe,2020,59,Personas
09,Ciudad de México,004,Cuajimalpa de Morelos,6200240354,Porcentaje de mujeres de 10 a 14 años,2020,3.59470515236476,Porcentaje
09,Ciudad de México,004,Cuajimalpa de Morelos,6200240356,Porcentaje de mujeres de 20 a 24 años,2020,4.34986441145378,Porcentaje
09,Ciudad de México,004,Cuajimalpa de Morelos,6200240357,Porcentaje de hombres de 35 a 39 años,2020,3.68295261295215,Porcentaje
09,Ciudad de México,004,Cuajimalpa de Morelos,6200240358,Porcentaje de la población de 0 a 14 años con limitación en la actividad,2020,3.0480941134924,Porcentaje
09,Ciudad de México,004,Cuajimalpa de Morelos,6200240361,Población de 5 años y más hablante de Mazahua,2020,272,Personas
09,Ciudad de México,004,Cuajimalpa de Morelos,6200240364,Tasa de monolingüismo de la población de 5 años y más hablante de Chatino,2020,0,Porcentaje
09,Ciudad de México,004,Cuajimalpa de Morelos,6200240365,Porcentaje de la población de 15 años y más con instrucción superior,2020,34.5210521121773,Porcentaje
09,Ciudad de México,004,Cuajimalpa de Morelos,6200240366,Tasa de monolingüismo de la población de 5 años y más hablante de Lenguas mixtecas,2020,0,Porcentaje
09,Ciudad de México,004,Cuajimalpa de Morelos,6200240367,Porcentaje de la población con limitación para hablar o comunicarse,2020,5.33290239172592,Porcentaje
09,Ciudad de México,004,Cuajimalpa de Morelos,6200240368,Porcentaje de la población de 15 años y más con instrucción no especificada,2020,0.362236812316052,Porcentaje
09,Ciudad de México,004,Cuajimalpa de Morelos,6200240377,Porcentaje de mujeres de 45 a 49 años,2020,3.89805579813393,Porcentaje
09,Ciudad de México,004,Cuajimalpa de Morelos,6200240378,Porcentaje de mujeres de 0 a 4 años,2020,3.22470928896447,Porcentaje
09,Ciudad de México,004,Cuajimalpa de Morelos,6200240379,Porcentaje de mujeres de 80 a 84 años,2020,0.49547272142299,Porcentaje
09,Ciudad de México,004,Cuajimalpa de Morelos,6200240381,Tasa de monolingüismo de la población de 5 años y más hablante de Tzotzil (Tsotsil),2020,0,Porcentaje
09,Ciudad de México,004,Cuajimalpa de Morelos,6200240384,Porcentaje de mujeres de 15 a 19 años,2020,3.83049133612171,Porcentaje
09,Ciudad de México,004,Cuajimalpa de Morelos,6200240386,Población de 5 años y más hablante de Lenguas mixtecas,2020,189,Personas
09,Ciudad de México,004,Cuajimalpa de Morelos,6200240388,Porcentaje de hombres de 65 a 69 años,2020,1.33152548605047,Porcentaje
09,Ciudad de México,004,Cuajimalpa de Morelos,6200240389,Tasa de crecimiento promedio anual de las viviendas particulares habitadas,2020,2.41321821421427,Tasa
09,Ciudad de México,004,Cuajimalpa de Morelos,6200240390,Porcentaje de la población con discapacidad por accidente,2020,6.36424431564868,Porcentaje
09,Ciudad de México,004,Cuajimalpa de Morelos,6200240395,"Viviendas, de cada cien que cuentan con electricidad, agua y drenaje",2020,99.1076011192238,Porcentaje
09,Ciudad de México,004,Cuajimalpa de Morelos,6200240396,Porcentaje de la población de 30 a 59 años con limitación en la actividad,2020,8.539918226813,Porcentaje
09,Ciudad de México,004,Cuajimalpa de Morelos,6200240397,Tasa de monolingüismo de la población de 5 años y más hablante de Chol (Ch''ol),2020,0,Porcentaje
09,Ciudad de México,004,Cuajimalpa de Morelos,6200240398,Tasa de monolingüismo de la población de 5 años y más hablante de Totonaca (Totonaco),2020,0,Porcentaje
09,Ciudad de México,004,Cuajimalpa de Morelos,6200240407,Índice de envejecimiento,2020,56.9514644536164,Porcentaje
09,Ciudad de México,004,Cuajimalpa de Morelos,6200240410,Porcentaje de hombres de 60 a 64 años,2020,1.92122075653813,Porcentaje
09,Ciudad de México,004,Cuajimalpa de Morelos,6200240411,Porcentaje de hombres de 85 años y más,2020,0.234866939375833,Porcentaje
09,Ciudad de México,004,Cuajimalpa de Morelos,6200240413,Tasa de monolingüismo de la población de 5 años y más hablante de Huasteco,2020,0,Porcentaje
09,Ciudad de México,004,Cuajimalpa de Morelos,6200240414,"Porcentaje de la población derechohabiente en PEMEX, SDN o SM",2020,0.934101399325304,Porcentaje
09,Ciudad de México,004,Cuajimalpa de Morelos,6200240416,Porcentaje de la población usuaria de servicios de salud en instituciones de servicios médicos privados,2020,21.3065240954318,Porcentaje
09,Ciudad de México,004,Cuajimalpa de Morelos,6200240421,Porcentaje de la población derechohabiente en el ISSSTE,2020,9.91036523730073,Porcentaje
09,Ciudad de México,004,Cuajimalpa de Morelos,6200240423,Porcentaje de hombres de 40 a 44 años,2020,3.42096796433332,Porcentaje
09,Ciudad de México,004,Cuajimalpa de Morelos,6200240424,Tasa de monolingüismo de la población de 5 años y más hablante de Mixe,2020,0,Porcentaje
09,Ciudad de México,004,Cuajimalpa de Morelos,6200240425,Porcentaje de hombres de 70 a 74 años,2020,0.889828560922921,Porcentaje
09,Ciudad de México,004,Cuajimalpa de Morelos,6200240426,Porcentaje de mujeres de 60 a 64 años,2020,2.23514271269017,Porcentaje
09,Ciudad de México,004,Cuajimalpa de Morelos,6200240427,Porcentaje de mujeres de 65 a 69 años,2020,1.54524980466057,Porcentaje
09,Ciudad de México,004,Cuajimalpa de Morelos,6200240428,Tasa de monolingüismo de la población de 5 años y más hablante de Otomí,2020,0,Porcentaje
09,Ciudad de México,004,Cuajimalpa de Morelos,6200240430,Porcentaje de la población con limitación para caminar y moverse,2020,29.6474616166479,Porcentaje
09,Ciudad de México,004,Cuajimalpa de Morelos,6200240431,Población de 5 años y más hablante de Purépecha (Tarasco),2020,15,Personas
09,Ciudad de México,004,Cuajimalpa de Morelos,6200240432,Tasa de monolingüismo de la población de 5 años y más hablante de Zoque,2020,0,Porcentaje
09,Ciudad de México,004,Cuajimalpa de Morelos,6200240433,Tasa de monolingüismo de la población de 5 años y más hablante de Lenguas zapotecas,2020,0,Porcentaje
09,Ciudad de México,004,Cuajimalpa de Morelos,6200240434,Población de 5 años y más hablante de Chatino,2020,0,Personas
09,Ciudad de México,004,Cuajimalpa de Morelos,6200240435,Porcentaje de la población con limitación para atender el cuidado personal,2020,4.85743326378858,Porcentaje
09,Ciudad de México,004,Cuajimalpa de Morelos,6200240443,Porcentaje de mujeres de 35 a 39 años,2020,4.05248885416188,Porcentaje
09,Ciudad de México,004,Cuajimalpa de Morelos,6200240444,Porcentaje de hombres de 55 a 59 años,2020,2.48058096244887,Porcentaje
09,Ciudad de México,004,Cuajimalpa de Morelos,6200240445,Porcentaje de hombres de 5 a 9 años,2020,3.60711495150986,Porcentaje
09,Ciudad de México,004,Cuajimalpa de Morelos,6200240447,Porcentaje de la población de 15 años y más sin instrucción,2020,2.23611570679716,Porcentaje
09,Ciudad de México,004,Cuajimalpa de Morelos,6200240449,Tasa de monolingüismo de la población de 5 años y más hablante de lengua indígena,2020,0.29527559055118,Porcentaje
09,Ciudad de México,004,Cuajimalpa de Morelos,6200240450,Porcentaje de la población con limitación para ver,2020,64.5268282244691,Porcentaje
09,Ciudad de México,004,Cuajimalpa de Morelos,6200240451,Población de 5 años y más hablante de Tarahumara,2020,1,Personas
09,Ciudad de México,004,Cuajimalpa de Morelos,6200240452,Población de 5 años y más hablante de Chol (Ch''ol),2020,8,Personas
09,Ciudad de México,004,Cuajimalpa de Morelos,6200240453,Población de 5 años y más hablante de Totonaca (Totonaco),2020,98,Personas
09,Ciudad de México,004,Cuajimalpa de Morelos,6200240454,Tasa de monolingüismo de la población de 5 años y más hablante de Mazahua,2020,0.36764705882352,Porcentaje
09,Ciudad de México,004,Cuajimalpa de Morelos,6200240458,Porcentaje de la población con discapacidad por edad avanzada,2020,38.1966116807847,Porcentaje
09,Ciudad de México,004,Cuajimalpa de Morelos,6200240459,Porcentaje de la población con discapacidad por nacimiento,2020,11.5024520731164,Porcentaje
09,Ciudad de México,004,Cuajimalpa de Morelos,6200240466,Población de 5 años y más hablante de Tlapaneco,2020,39,Personas
09,Ciudad de México,004,Cuajimalpa de Morelos,6200240471,Porcentaje de la población derechohabiente en el IMSS,2020,53.8697616640889,Porcentaje
09,Ciudad de México,004,Cuajimalpa de Morelos,6200240475,Porcentaje de hombres de 80 a 84 años,2020,0.345176265110079,Porcentaje
09,Ciudad de México,004,Cuajimalpa de Morelos,6200240477,Porcentaje de la población de 85 y más con limitación en la actividad,2020,31.7139001349528,Porcentaje
09,Ciudad de México,004,Cuajimalpa de Morelos,6200240478,Porcentaje de la población con limitación para escuchar,2020,21.8851976675761,Porcentaje
09,Ciudad de México,004,Cuajimalpa de Morelos,6200240479,Porcentaje de la población con limitación para poner atención o aprender,2020,18.4721553522709,Porcentaje
09,Ciudad de México,004,Cuajimalpa de Morelos,6200240480,Población de 5 años y más hablante de Huasteco,2020,15,Personas
09,Ciudad de México,004,Cuajimalpa de Morelos,6200240481,Población de 5 años y más hablante de Tzotzil (Tsotsil),2020,23,Personas
09,Ciudad de México,004,Cuajimalpa de Morelos,6200240486,Porcentaje de hombres de 25 a 29 años,2020,4.01342096796433,Porcentaje
09,Ciudad de México,004,Cuajimalpa de Morelos,6200240488,Porcentaje de la población de 15 a 29 años con limitación en la actividad,2020,5.23729446935725,Porcentaje
09,Ciudad de México,004,Cuajimalpa de Morelos,6200240493,Porcentaje de la población de 5 años y más hablante de lengua indígena,2020,0.999434375230554,Porcentaje
09,Ciudad de México,004,Cuajimalpa de Morelos,6200240495,Porcentaje de la población con discapacidad por otra causa,2020,13.6981720909496,Porcentaje
09,Ciudad de México,004,Cuajimalpa de Morelos,6200240496,Población de 5 años y más hablante de Náhuatl,2020,622,Personas
09,Ciudad de México,004,Cuajimalpa de Morelos,6200240497,Población no católica,2020,15367,Miles DE personas
09,Ciudad de México,004,Cuajimalpa de Morelos,6200240499,Porcentaje de la población que profesa la religión protestante y evangélica,2020,4.72469520318257,Porcentaje
09,Ciudad de México,004,Cuajimalpa de Morelos,6200240507,Porcentaje de mujeres de 50 a 54 años,2020,3.62733832789447,Porcentaje
09,Ciudad de México,004,Cuajimalpa de Morelos,6200240509,Tasa de monolingüismo de la población de 5 años y más hablante de Tarahumara,2020,0,Porcentaje
09,Ciudad de México,004,Cuajimalpa de Morelos,6200240518,Porcentaje de hombres de 30 a 34 años,2020,3.92839086271085,Porcentaje
09,Ciudad de México,004,Cuajimalpa de Morelos,6200240520,Porcentaje de hombres de 20 a 24 años,2020,4.05846394263915,Porcentaje
09,Ciudad de México,004,Cuajimalpa de Morelos,6200240521,Población de 5 años y más hablante de Zoque,2020,3,Personas
09,Ciudad de México,004,Cuajimalpa de Morelos,6200240522,Tasa de monolingüismo de la población de 5 años y más hablante de Purépecha (Tarasco),2020,0,Porcentaje
09,Ciudad de México,004,Cuajimalpa de Morelos,6200240532,Porcentaje de hombres de 45 a 49 años,2020,3.40074458794871,Porcentaje
09,Ciudad de México,004,Cuajimalpa de Morelos,6200240533,Porcentaje de hombres de 50 a 54 años,2020,3.08452452084387,Porcentaje
09,Ciudad de México,004,Cuajimalpa de Morelos,6200240534,Tasa de monolingüismo de la población de 5 años y más hablante de Resto de lenguas,2020,1.92307692307692,Porcentaje
09,Ciudad de México,004,Cuajimalpa de Morelos,6200240535,Población de 5 años y más hablante de Mazateco,2020,80,Personas
09,Ciudad de México,004,Cuajimalpa de Morelos,6200240536,Tasa de monolingüismo de la población de 5 años y más hablante de Tlapaneco,2020,0,Porcentaje
09,Ciudad de México,004,Cuajimalpa de Morelos,6200240537,Tasa de monolingüismo de la población de 5 años y más hablante de Tzeltal (Tseltal),2020,0,Porcentaje
09,Ciudad de México,004,Cuajimalpa de Morelos,6200240538,Población de 5 años y más hablante del Resto de lenguas,2020,156,Personas
09,Ciudad de México,004,Cuajimalpa de Morelos,6200240539,Tasa de monolingüismo de la población de 5 años y más hablante de Lenguas chinantecas,2020,0,Porcentaje
09,Ciudad de México,004,Cuajimalpa de Morelos,6200240540,Porcentaje de la población con discapacidad por enfermedad,2020,40.414623272403,Porcentaje
09,Ciudad de México,004,Cuajimalpa de Morelos,6200240548,Porcentaje de mujeres de 25 a 29 años,2020,4.46660844785586,Porcentaje
09,Ciudad de México,004,Cuajimalpa de Morelos,6200240549,Porcentaje de mujeres de 30 a 34 años,2020,4.41650962908489,Porcentaje
09,Ciudad de México,004,Cuajimalpa de Morelos,6205370864,Porcentaje de población que se considera afrodescendiente,2020,1.40247879973907,Porcentaje
09,Ciudad de México,004,Cuajimalpa de Morelos,6207019007,Porcentaje de la población de 12 años y más viuda,2020,4.23846818534561,Porcentaje
09,Ciudad de México,004,Cuajimalpa de Morelos,6207019009,Porcentaje de la población de 12 años y más casada,2020,34.8753116520724,Porcentaje
09,Ciudad de México,004,Cuajimalpa de Morelos,6207019010,Porcentaje de población de 25 años y más alfabeta,2020,97.8118417120407,Porcentaje
09,Ciudad de México,004,Cuajimalpa de Morelos,6207019011,Porcentaje de la población de 12 años y más soltera,2020,37.022890259944,Porcentaje
09,Ciudad de México,004,Cuajimalpa de Morelos,6207019012,Porcentaje de la población de 12 años y más separada,2020,4.74536718530708,Porcentaje
09,Ciudad de México,004,Cuajimalpa de Morelos,6207019016,Porcentaje de la población de 12 años y más divorciada,2020,2.59943971424326,Porcentaje
09,Ciudad de México,004,Cuajimalpa de Morelos,6207019017,Porcentaje de población afiliada a otra institución,2020,1.19228848753517,Porcentaje
09,Ciudad de México,004,Cuajimalpa de Morelos,6207019018,Porcentaje de población afiliada a servicios de salud,2020,75.4398537342778,Porcentaje
09,Ciudad de México,004,Cuajimalpa de Morelos,6207019019,Porcentaje de la población de 12 años y más en unión libre,2020,16.2917668814979,Porcentaje
09,Ciudad de México,004,Cuajimalpa de Morelos,6207019020,Porcentaje de población de 15 años y más sin escolaridad,2020,2.12930228778089,Porcentaje
09,Ciudad de México,004,Cuajimalpa de Morelos,6207019022,Porcentaje de viviendas particulares habitadas propias,2020,61.6123073195845,Porcentaje
09,Ciudad de México,004,Cuajimalpa de Morelos,6207019023,Porcentaje de hijos fallecidos de las mujeres de 15 a 49 años,2020,3.2890287496722,Porcentaje
09,Ciudad de México,004,Cuajimalpa de Morelos,6207019024,Porcentaje de la población de 3 a 5 años que asiste a la escuela,2020,72.0705585888282,Porcentaje
09,Ciudad de México,004,Cuajimalpa de Morelos,6207019026,Porcentaje de la población de 6 a 11 años que asiste a la escuela,2020,93.9857010314905,Porcentaje
09,Ciudad de México,004,Cuajimalpa de Morelos,6207019028,Porcentaje de la población de 12 a 14 años que asiste a la escuela,2020,92.576882290562,Porcentaje
09,Ciudad de México,004,Cuajimalpa de Morelos,6207019029,Porcentaje de la población de 15 a 24 años que asiste a la escuela,2020,54.3256344453949,Porcentaje
09,Ciudad de México,004,Cuajimalpa de Morelos,6207019030,Porcentaje de población de 12 años y más económicamente activa,2020,65.7746858712223,Porcentaje
09,Ciudad de México,004,Cuajimalpa de Morelos,6207019031,Porcentaje de población de 15 años y más con escolaridad básica,2020,37.3568322855169,Porcentaje
09,Ciudad de México,004,Cuajimalpa de Morelos,6207019034,Porcentaje de población de 3 años y más hablante de lengua indígena,2020,0.976424549012122,Porcentaje
09,Ciudad de México,004,Cuajimalpa de Morelos,6207019035,Porcentaje de la población de 12 años y más No Económicamente Activa,2020,33.8169329583418,Porcentaje
09,Ciudad de México,004,Cuajimalpa de Morelos,6207019036,Promedio de hijos nacidos vivos de las mujeres de 15 a 49 años EI2015,2020,1.15830337886413,Promedio
09,Ciudad de México,004,Cuajimalpa de Morelos,6207019039,Porcentaje de la población de 12 años y más económicamente activa ocupada,2020,98.2009572580915,Porcentaje
09,Ciudad de México,004,Cuajimalpa de Morelos,6207019040,Porcentaje de la población femenina de 12 años y más económicamente activa,2020,45.559293101717,Porcentaje
09,Ciudad de México,004,Cuajimalpa de Morelos,6207019042,Porcentaje de viviendas particulares habitadas que disponen de Internet,2020,76.804251726022,Porcentaje
09,Ciudad de México,004,Cuajimalpa de Morelos,6207019043,Porcentaje de la población masculina de 12 años y más económicamente activa,2020,54.440706898283,Porcentaje
09,Ciudad de México,004,Cuajimalpa de Morelos,6207019046,Porcentaje de viviendas particulares habitadas que disponen de computadora,2020,62.4066623619596,Porcentaje
09,Ciudad de México,004,Cuajimalpa de Morelos,6207019047,Porcentaje de la población de 12 años y más no económicamente activa que estudia,2020,42.6264993571277,Porcentaje
09,Ciudad de México,004,Cuajimalpa de Morelos,6207019050,Porcentaje de viviendas particulares habitadas que disponen de teléfono fijo,2020,69.8107584562658,Porcentaje
09,Ciudad de México,004,Cuajimalpa de Morelos,6207019051,Porcentaje de la población de 12 años y más sin especificar su situación conyugal,2020,0.226756121589715,Porcentaje
09,Ciudad de México,004,Cuajimalpa de Morelos,6207019054,Porcentaje de la población femenina de 12 años y más económicamente activa ocupada,2020,98.6776130916304,Porcentaje
09,Ciudad de México,004,Cuajimalpa de Morelos,6207019055,Porcentaje de viviendas particulares habitadas que disponen de teléfono celular,2020,93.6157883408666,Porcentaje
09,Ciudad de México,004,Cuajimalpa de Morelos,6207019056,Porcentaje de la población masculina de 12 años y más económicamente activa ocupada,2020,97.8020626796391,Porcentaje
09,Ciudad de México,004,Cuajimalpa de Morelos,6207019057,Porcentaje de viviendas particulares habitadas que disponen de televisión de paga,2020,52.429675988013,Porcentaje
09,Ciudad de México,004,Cuajimalpa de Morelos,6207019058,Porcentaje de población de 3 años y más hablante de lengua indígena que no habla español,2020,0.293255131964809,Porcentaje
09,Ciudad de México,004,Cuajimalpa de Morelos,6207019059,Porcentaje de población de 12 años con condición de actividad económica no especificada,2020,0.408381170435845,Porcentaje
09,Ciudad de México,004,Cuajimalpa de Morelos,6207019060,Porcentaje de la población de 12 años y más no económicamente activa que es pensionada o jubilada,2020,9.62192601272724,Porcentaje
09,Ciudad de México,004,Cuajimalpa de Morelos,6207019063,Porcentaje de superficie en el ámbito geográfico de referencia respecto a la unidad geográfica superior,2020,4.76187330201114,Porcentaje
09,Ciudad de México,004,Cuajimalpa de Morelos,6207019064,Porcentaje de la población de 12 años y más no económicamente activa que se dedica a los quehaceres del hogar,2020,37.1043080578748,Porcentaje
09,Ciudad de México,004,Cuajimalpa de Morelos,6207019065,Porcentaje de la población de 12 años y más no económicamente activa que realiza otras actividades no económicas,2020,8.51032664420683,Porcentaje
09,Ciudad de México,004,Cuajimalpa de Morelos,6207019070,Porcentaje de la población de 12 años y más no económicamente activa con alguna limitación física o mental que les impide trabajar,2020,2.13693992806341,Porcentaje
09,Ciudad de México,004,Cuajimalpa de Morelos,6207020032,Porcentaje de hombres,2020,47.8436831031853,Porcentaje
09,Ciudad de México,004,Cuajimalpa de Morelos,6207020033,Porcentaje de mujeres,2020,52.1563168968147,Porcentaje
09,Ciudad de México,004,Cuajimalpa de Morelos,6207020035,Promedio de ocupantes por cuarto (Índice de hacinamiento),2020,0.814808565525671,Promedio
09,Ciudad de México,004,Cuajimalpa de Morelos,6207049066,Población de 6 a 14 años que sabe leer y escribir,2020,25483,Porcentaje
09,Ciudad de México,004,Cuajimalpa de Morelos,6207049067,Población de 6 a 14 años que no sabe leer y escribir,2020,1953,Porcentaje
09,Ciudad de México,004,Cuajimalpa de Morelos,6207049068,Porcentaje de la población de 3 años y más que asiste a la escuela,2020,26.7800897203398,Porcentaje
09,Ciudad de México,004,Cuajimalpa de Morelos,6207049069,Porcentaje de la población de 3 años y más que no asiste a la escuela,2020,72.9054118545385,Porcentaje
09,Ciudad de México,004,Cuajimalpa de Morelos,6207049070,Población de 6 a 14 años que no especificó si sabe o no leer y escribir,2020,317,Porcentaje
09,Ciudad de México,004,Cuajimalpa de Morelos,6207049071,Porcentaje de la población de 3 años y más que no especificó si asiste o no a la escuela,2020,0.314498425121695,Porcentaje
09,Ciudad de México,004,Cuajimalpa de Morelos,6207051593,Porcentaje de población de 6 a 14 años que no asiste a la escuela,2020,6.150686,Porcentaje
09,Ciudad de México,004,Cuajimalpa de Morelos,6207068394,Porcentaje de viviendas con agua entubada dentro de la vivienda,2020,90.9286577592344,Porcentaje
09,Ciudad de México,004,Cuajimalpa de Morelos,6207129629,Porcentaje de la población nacional/estatal que representa,2020,2.36359743338287,Porcentaje
09,Ciudad de México,004,Cuajimalpa de Morelos,6207129630,Promedio de ocupantes por dormitorio,2020,1.59992490723835,Promedio
09,Ciudad de México,004,Cuajimalpa de Morelos,6207129631,Porcentaje de viviendas particulares habitadas que disponen de tinaco,2020,86.6123611318068,Porcentaje
09,Ciudad de México,004,Cuajimalpa de Morelos,6207129632,Porcentaje de viviendas particulares habitadas que disponen de cisterna o aljibe,2020,39.6778092352522,Porcentaje
09,Ciudad de México,004,Cuajimalpa de Morelos,6207129635,Porcentaje de viviendas particulares habitadas que disponen de Automóvil o camioneta,2020,55.6764184837497,Porcentaje
09,Ciudad de México,004,Cuajimalpa de Morelos,6207129636,Porcentaje de viviendas particulares habitadas que disponen de motocicleta o motoneta,2020,8.03490124008676,Porcentaje
09,Ciudad de México,004,Cuajimalpa de Morelos,6207129637,Porcentaje de viviendas particulares habitadas que disponen de bicicleta como medio de transporte,2020,8.37927780261263,Porcentaje
09,Ciudad de México,004,Cuajimalpa de Morelos,6207129638,Porcentaje de la población con algún tipo de  discapacidad,2020,3.52985492865871,Porcentaje
09,Ciudad de México,004,Cuajimalpa de Morelos,6207129639,Porcentaje de la población entre 0 y 17 años con algún tipo de  discapacidad,2020,1.60942455822383,Porcentaje
09,Ciudad de México,004,Cuajimalpa de Morelos,6207129640,Porcentaje de la población entre 18 y 29 años con algún tipo de  discapacidad,2020,1.67689911115184,Porcentaje
09,Ciudad de México,004,Cuajimalpa de Morelos,6207129641,Porcentaje de la población entre 30 y 59 años con algún tipo de  discapacidad,2020,2.70174306003873,Porcentaje
09,Ciudad de México,004,Cuajimalpa de Morelos,6207129642,Porcentaje de la población de 60 años y más con algún tipo de  discapacidad,2020,13.7697166996086,Porcentaje
09,Ciudad de México,004,Cuajimalpa de Morelos,6207129643,Porcentaje de la población de 5 y más años migrante según causa: Trabajo,2020,38.8046073886782,Porcentaje
09,Ciudad de México,004,Cuajimalpa de Morelos,6207129644,Porcentaje de la población de 5 y más años migrante según causa: Familiar,2020,33.9162803764574,Porcentaje
09,Ciudad de México,004,Cuajimalpa de Morelos,6207129645,Porcentaje de la población de 5 y más años migrante según causa: Educativa,2020,7.31142014327855,Porcentaje
09,Ciudad de México,004,Cuajimalpa de Morelos,6207129646,Porcentaje de la población de 5 y más años migrante según causa: Inseguridad delictiva o violencia,2020,2.64784379828628,Porcentaje
09,Ciudad de México,004,Cuajimalpa de Morelos,6207129647,Porcentaje de la población de 5 y más años migrante según causa: Otra causa,2020,13.590391908976,Porcentaje
09,Ciudad de México,004,Cuajimalpa de Morelos,6207129648,Promedio de hijos nacidos vivos por grupo de edad: 15-19,2020,0.0708765998551075,Promedio
09,Ciudad de México,004,Cuajimalpa de Morelos,6207129649,Promedio de hijos nacidos vivos por grupo de edad: 20-24,2020,0.378829787234043,Promedio
09,Ciudad de México,004,Cuajimalpa de Morelos,6207129650,Promedio de hijos nacidos vivos por grupo de edad: 25-29,2020,0.799772350993377,Promedio
09,Ciudad de México,004,Cuajimalpa de Morelos,6207129651,Promedio de hijos nacidos vivos por grupo de edad: 30-34,2020,1.25258647716585,Promedio
09,Ciudad de México,004,Cuajimalpa de Morelos,6207129652,Promedio de hijos nacidos vivos por grupo de edad: 35-39,2020,1.64386524015479,Promedio
09,Ciudad de México,004,Cuajimalpa de Morelos,6207129653,Promedio de hijos nacidos vivos por grupo de edad: 40-44,2020,1.95910384068279,Promedio
09,Ciudad de México,004,Cuajimalpa de Morelos,6207129654,Promedio de hijos nacidos vivos por grupo de edad: 45-49,2020,2.08926460156065,Promedio
09,Ciudad de México,004,Cuajimalpa de Morelos,6207129812,Porcentaje de viviendas particulares habitadas que disponen de refrigerador,2020,92.1256974453219,Porcentaje
09,Ciudad de México,004,Cuajimalpa de Morelos,6207129813,Porcentaje de viviendas particulares habitadas que disponen de lavadora,2020,84.6023940793722,Porcentaje
09,Ciudad de México,004,Cuajimalpa de Morelos,6207129818,Porcentaje de la población derechohabiente en Instituto de Salud para el Bienestar (IMSS-PROSPERA o IMSS-BIENESTAR),2020,0.648512379583734,Porcentaje
09,Ciudad de México,004,Cuajimalpa de Morelos,6207129822,Ubicación geográfica con la mayor cantidad de pobladores. Primer lugar,2020,90040001,No aplica
09,Ciudad de México,004,Cuajimalpa de Morelos,6207129825,Población de la ubicación geográfica con la mayor cantidad de pobladores. Primer lugar,2020,186693,Personas
09,Ciudad de México,004,Cuajimalpa de Morelos,6207129828,Lengua indígena más frecuente. Descripción. Primer lugar,2020,211,No aplica
09,Ciudad de México,004,Cuajimalpa de Morelos,6207129830,Lengua indígena más frecuente. Porcentaje. Primer lugar,2020,32.4324324324324,Porcentaje
09,Ciudad de México,004,Cuajimalpa de Morelos,6207129840,Total de áreas geográficas,2020,24,Municipios
09,Ciudad de México,005,Gustavo A. Madero,1001000001,Superficie continental,2020,87.90616612,Kilómetros cuadrados
09,Ciudad de México,005,Gustavo A. Madero,1002000001,Población total,2020,1173351,Personas
09,Ciudad de México,005,Gustavo A. Madero,1002000002,Población total hombres,2020,563874,Personas
09,Ciudad de México,005,Gustavo A. Madero,1002000003,Población total mujeres,2020,609477,Personas
09,Ciudad de México,005,Gustavo A. Madero,1002000004,Porcentaje de población de 15 a 29 años,2020,22.790395160926,Porcentaje
09,Ciudad de México,005,Gustavo A. Madero,1002000005,Porcentaje de hombres de 15 a 29 años,2020,24.1572655030509,Porcentaje
09,Ciudad de México,005,Gustavo A. Madero,1002000006,Porcentaje de mujeres de 15 a 29 años,2020,21.5258050699344,Porcentaje
09,Ciudad de México,005,Gustavo A. Madero,1002000007,Porcentaje de población de 60 y más años,2020,17.3443058109293,Porcentaje
09,Ciudad de México,005,Gustavo A. Madero,1002000008,Porcentaje de hombres de 60 y más años,2020,15.4913438342557,Porcentaje
09,Ciudad de México,005,Gustavo A. Madero,1002000009,Porcentaje de mujeres de 60 y más años,2020,19.0586142441951,Porcentaje
09,Ciudad de México,005,Gustavo A. Madero,1002000010,Edad mediana,2020,36,Años
09,Ciudad de México,005,Gustavo A. Madero,1002000011,Edad mediana hombres,2020,34,Años
09,Ciudad de México,005,Gustavo A. Madero,1002000012,Edad mediana mujeres,2020,37,Años
09,Ciudad de México,005,Gustavo A. Madero,1002000013,Promedio de hijos nacidos vivos de las mujeres de 12 años y más,2020,1.7396927438888,Promedio
09,Ciudad de México,005,Gustavo A. Madero,1002000014,Población en hogares censales,2020,1162914,Personas
09,Ciudad de México,005,Gustavo A. Madero,1002000015,Población en hogares familiares,2020,1107838,Personas
09,Ciudad de México,005,Gustavo A. Madero,1002000016,Población en hogares no familiares,2020,54842,Personas
09,Ciudad de México,005,Gustavo A. Madero,1002000018,Hogares censales,2020,340155,Hogares
09,Ciudad de México,005,Gustavo A. Madero,1002000019,Hogares con jefatura masculina,2020,204900,Hogares
09,Ciudad de México,005,Gustavo A. Madero,1002000020,Hogares con jefatura femenina,2020,135255,Hogares
09,Ciudad de México,005,Gustavo A. Madero,1002000021,Tamaño promedio de los hogares censales,2020,3.41877673413591,Personas
09,Ciudad de México,005,Gustavo A. Madero,1002000022,Tamaño promedio de los hogares con jefe hombre,2020,3.55206930209858,Personas
09,Ciudad de México,005,Gustavo A. Madero,1002000023,Tamaño promedio de los hogares con jefe mujer,2020,3.21684965435659,Personas
09,Ciudad de México,005,Gustavo A. Madero,1002000024,Relación hombres-mujeres,2020,92.5176831939515,Hombres por cada 100 mujeres
09,Ciudad de México,005,Gustavo A. Madero,1002000041,Porcentaje de personas de 15 años y más alfabetas,2020,97.6756191895684,Porcentaje
09,Ciudad de México,005,Gustavo A. Madero,1002000050,Tasa de alfabetización de las personas de 15 a 24 años,2020,99.0677050764596,Tasa
09,Ciudad de México,005,Gustavo A. Madero,1002000055,Población de edad no especificada,2020,234,Personas
09,Ciudad de México,005,Gustavo A. Madero,1002000056,Población de edad no especificada. Hombres,2020,114,Personas
09,Ciudad de México,005,Gustavo A. Madero,1002000057,Población de edad no especificada. Mujeres,2020,120,Personas
09,Ciudad de México,005,Gustavo A. Madero,1002000058,Población de 0 a 4 años,2020,63262,Personas
09,Ciudad de México,005,Gustavo A. Madero,1002000059,Población de 0 a 4 años. Hombres,2020,32218,Personas
09,Ciudad de México,005,Gustavo A. Madero,1002000060,Población de 0 a 4 años. Mujeres,2020,31044,Personas
09,Ciudad de México,005,Gustavo A. Madero,1002000061,Población de 10 a 14 años,2020,77449,Personas
09,Ciudad de México,005,Gustavo A. Madero,1002000062,Población de 10 a 14 años. Hombres,2020,39042,Personas
09,Ciudad de México,005,Gustavo A. Madero,1002000063,Población de 10 a 14 años. Mujeres,2020,38407,Personas
09,Ciudad de México,005,Gustavo A. Madero,1002000064,Población de 100 años y más,2020,187,Personas
09,Ciudad de México,005,Gustavo A. Madero,1002000065,Población de 100 años y más. Hombres,2020,61,Personas
09,Ciudad de México,005,Gustavo A. Madero,1002000066,Población de 100 años y más. Mujeres,2020,126,Personas
09,Ciudad de México,005,Gustavo A. Madero,1002000067,Población de 15 a 19 años,2020,84333,Personas
09,Ciudad de México,005,Gustavo A. Madero,1002000068,Población de 15 a 19 años. Hombres,2020,43052,Personas
09,Ciudad de México,005,Gustavo A. Madero,1002000069,Población de 15 a 19 años. Mujeres,2020,41281,Personas
09,Ciudad de México,005,Gustavo A. Madero,1002000070,Población de 20 a 24 años,2020,91577,Personas
09,Ciudad de México,005,Gustavo A. Madero,1002000071,Población de 20 a 24 años. Hombres,2020,46768,Personas
09,Ciudad de México,005,Gustavo A. Madero,1002000072,Población de 20 a 24 años. Mujeres,2020,44809,Personas
09,Ciudad de México,005,Gustavo A. Madero,1002000073,Población de 25 a 29 años,2020,91448,Personas
09,Ciudad de México,005,Gustavo A. Madero,1002000074,Población de 25 a 29 años. Hombres,2020,46369,Personas
09,Ciudad de México,005,Gustavo A. Madero,1002000075,Población de 25 a 29 años. Mujeres,2020,45079,Personas
09,Ciudad de México,005,Gustavo A. Madero,1002000076,Población de 30 a 34 años,2020,87626,Personas
09,Ciudad de México,005,Gustavo A. Madero,1002000077,Población de 30 a 34 años. Hombres,2020,43437,Personas
09,Ciudad de México,005,Gustavo A. Madero,1002000078,Población de 30 a 34 años. Mujeres,2020,44189,Personas
09,Ciudad de México,005,Gustavo A. Madero,1002000079,Población de 35 a 39 años,2020,83599,Personas
09,Ciudad de México,005,Gustavo A. Madero,1002000080,Población de 35 a 39 años. Hombres,2020,40516,Personas
09,Ciudad de México,005,Gustavo A. Madero,1002000081,Población de 35 a 39 años. Mujeres,2020,43083,Personas
09,Ciudad de México,005,Gustavo A. Madero,1002000082,Población de 40 a 44 años,2020,81503,Personas
09,Ciudad de México,005,Gustavo A. Madero,1002000083,Población de 40 a 44 años. Hombres,2020,38783,Personas
09,Ciudad de México,005,Gustavo A. Madero,1002000084,Población de 40 a 44 años. Mujeres,2020,42720,Personas
09,Ciudad de México,005,Gustavo A. Madero,1002000085,Población de 45 a 49 años,2020,84691,Personas
09,Ciudad de México,005,Gustavo A. Madero,1002000086,Población de 45 a 49 años. Hombres,2020,39825,Personas
09,Ciudad de México,005,Gustavo A. Madero,1002000087,Población de 45 a 49 años. Mujeres,2020,44866,Personas
09,Ciudad de México,005,Gustavo A. Madero,1002000088,Población de 5 a 9 años,2020,71634,Personas
09,Ciudad de México,005,Gustavo A. Madero,1002000089,Población de 5 a 9 años. Hombres,2020,36273,Personas
09,Ciudad de México,005,Gustavo A. Madero,1002000090,Población de 5 a 9 años. Mujeres,2020,35361,Personas
09,Ciudad de México,005,Gustavo A. Madero,1002000091,Población de 50 a 54 años,2020,82520,Personas
09,Ciudad de México,005,Gustavo A. Madero,1002000092,Población de 50 a 54 años. Hombres,2020,37979,Personas
09,Ciudad de México,005,Gustavo A. Madero,1002000093,Población de 50 a 54 años. Mujeres,2020,44541,Personas
09,Ciudad de México,005,Gustavo A. Madero,1002000094,Población de 55 a 59 años,2020,70006,Personas
09,Ciudad de México,005,Gustavo A. Madero,1002000095,Población de 55 a 59 años. Hombres,2020,32164,Número de personas
09,Ciudad de México,005,Gustavo A. Madero,1002000096,Población de 55 a 59 años. Mujeres,2020,37842,Número de personas
09,Ciudad de México,005,Gustavo A. Madero,1002000097,Población de 60 a 64 años,2020,62094,Personas
09,Ciudad de México,005,Gustavo A. Madero,1002000098,Población de 60 a 64 años. Hombres,2020,27902,Número de personas
09,Ciudad de México,005,Gustavo A. Madero,1002000099,Población de 60 a 64 años. Mujeres,2020,34192,Número de personas
09,Ciudad de México,005,Gustavo A. Madero,1002000100,Población de 65 a 69 años,2020,46560,Personas
09,Ciudad de México,005,Gustavo A. Madero,1002000101,Población de 65 a 69 años. Hombres,2020,20530,Número de personas
09,Ciudad de México,005,Gustavo A. Madero,1002000102,Población de 65 a 69 años. Mujeres,2020,26030,Número de personas
09,Ciudad de México,005,Gustavo A. Madero,1002000103,Población de 70 a 74 años,2020,36300,Personas
09,Ciudad de México,005,Gustavo A. Madero,1002000104,Población de 70 a 74 años. Hombres,2020,15486,Número de personas
09,Ciudad de México,005,Gustavo A. Madero,1002000105,Población de 70 a 74 años. Mujeres,2020,20814,Número de personas
09,Ciudad de México,005,Gustavo A. Madero,1002000106,Población de 75 a 79 años,2020,25079,Personas
09,Ciudad de México,005,Gustavo A. Madero,1002000107,Población de 75 a 79 años. Hombres,2020,10673,Número de personas
09,Ciudad de México,005,Gustavo A. Madero,1002000108,Población de 75 a 79 años. Mujeres,2020,14406,Número de personas
09,Ciudad de México,005,Gustavo A. Madero,1002000109,Población de 80 a 84 años,2020,17679,Personas
09,Ciudad de México,005,Gustavo A. Madero,1002000110,Población de 80 a 84 años. Hombres,2020,7062,Número de personas
09,Ciudad de México,005,Gustavo A. Madero,1002000111,Población de 80 a 84 años. Mujeres,2020,10617,Número de personas
09,Ciudad de México,005,Gustavo A. Madero,1002000112,Población de 85 a 89 años,2020,10023,Personas
09,Ciudad de México,005,Gustavo A. Madero,1002000113,Población de 85 a 89 años. Hombres,2020,3773,Número de personas
09,Ciudad de México,005,Gustavo A. Madero,1002000114,Población de 85 a 89 años. Mujeres,2020,6250,Número de personas
09,Ciudad de México,005,Gustavo A. Madero,1002000115,Población de 90 a 94 años,2020,4209,Personas
09,Ciudad de México,005,Gustavo A. Madero,1002000116,Población de 90 a 94 años. Hombres,2020,1405,Número de personas
09,Ciudad de México,005,Gustavo A. Madero,1002000117,Población de 90 a 94 años. Mujeres,2020,2804,Número de personas
09,Ciudad de México,005,Gustavo A. Madero,1002000118,Población de 95 a 99 años,2020,1338,Personas
09,Ciudad de México,005,Gustavo A. Madero,1002000119,Población de 95 a 99 años. Hombres,2020,442,Número de personas
09,Ciudad de México,005,Gustavo A. Madero,1002000120,Población de 95 a 99 años. Mujeres,2020,896,Número de personas
09,Ciudad de México,005,Gustavo A. Madero,1002000127,Relación de dependencia,2020,43.1683298816081,Personas dependientes por cada 100 personas en edad de trabajar
09,Ciudad de México,005,Gustavo A. Madero,1003000001,Total de viviendas particulares habitadas,2020,340155,Viviendas
09,Ciudad de México,005,Gustavo A. Madero,1003000011,Viviendas particulares habitadas,2020,332156,Número de Viviendas
09,Ciudad de México,005,Gustavo A. Madero,1003000015,Promedio de ocupantes en viviendas particulares habitadas,2020,3.41934572425059,Promedio
09,Ciudad de México,005,Gustavo A. Madero,1003000017,Viviendas particulares habitadas que disponen de energía eléctrica,2020,339504,Viviendas
09,Ciudad de México,005,Gustavo A. Madero,1003000018,Viviendas particulares habitadas que disponen de agua de la red pública en el ámbito de la vivienda,2020,338900,Viviendas
09,Ciudad de México,005,Gustavo A. Madero,1003000019,Viviendas particulares habitadas que disponen de drenaje,2020,339341,Viviendas
09,Ciudad de México,005,Gustavo A. Madero,1003000020,Viviendas particulares habitadas que disponen de excusado o sanitario,2020,339093,Viviendas
09,Ciudad de México,005,Gustavo A. Madero,1003000023,Viviendas particulares habitadas que disponen de lavadora,2020,276870,Viviendas
09,Ciudad de México,005,Gustavo A. Madero,1003000024,Viviendas particulares habitadas que disponen de computadora,2020,185635,Viviendas
09,Ciudad de México,005,Gustavo A. Madero,1004000001,Población derechohabiente a servicios de salud,2020,871522,Personas
09,Ciudad de México,005,Gustavo A. Madero,1005000012,Población de 5 años y más que asiste a la escuela,2020,271871,Personas
09,Ciudad de México,005,Gustavo A. Madero,1005000038,Grado promedio de escolaridad de la población de 15 y más años,2020,11.105970889118,Años de escolaridad
09,Ciudad de México,005,Gustavo A. Madero,1005000039,Población de 5 años y más hablante de lengua indígena,2020,14124,Personas
09,Ciudad de México,005,Gustavo A. Madero,3104003001,Porcentaje de población inmigrante (migración reciente),2020,3.55027485529142,Porcentaje
09,Ciudad de México,005,Gustavo A. Madero,3105001001,Densidad de población,2020,13347.7667357062,Habitantes por kilómetro cuadrado
09,Ciudad de México,005,Gustavo A. Madero,3105004001,Porcentaje de población en localidades de menos de 2 500 habitantes,2020,0,Porcentaje
09,Ciudad de México,005,Gustavo A. Madero,3108001001,Porcentaje de analfabetas total,2020,1.51898681476979,Porcentaje
09,Ciudad de México,005,Gustavo A. Madero,3108001002,Porcentaje de analfabetas hombres,2020,0.965089746989985,Porcentaje
09,Ciudad de México,005,Gustavo A. Madero,3108001003,Porcentaje de analfabetas mujeres,2020,2.0198396575132,Porcentaje
09,Ciudad de México,005,Gustavo A. Madero,3114004001,Porcentaje de viviendas con piso de tierra,2020,0.431474695745589,Porcentaje
09,Ciudad de México,005,Gustavo A. Madero,3114006001,Porcentaje de viviendas con electricidad,2020,99.9231821994614,Porcentaje
09,Ciudad de México,005,Gustavo A. Madero,6200031290,Porcentaje de viviendas particulares habitadas con disponibilidad de drenaje,2020,99.8752078642591,Porcentaje
09,Ciudad de México,005,Gustavo A. Madero,6200031291,Porcentaje de viviendas particulares habitadas con disponibilidad de excusado,2020,99.8022162376937,Porcentaje
09,Ciudad de México,005,Gustavo A. Madero,6200108938,Porcentaje de viviendas con techos de materiales resistentes,2020,95.4243778111848,Porcentaje
09,Ciudad de México,005,Gustavo A. Madero,6200205238,Población de 8 a 14 años que sabe leer y escribir,2020,104488,Personas
09,Ciudad de México,005,Gustavo A. Madero,6200205244,Viviendas que son cuarto de azotea,2020,95,Viviendas
09,Ciudad de México,005,Gustavo A. Madero,6200205245,Viviendas móviles,2020,14,Viviendas
09,Ciudad de México,005,Gustavo A. Madero,6200205246,Viviendas que son departamento en edificio o vivienda en vecindad,2020,69561,Viviendas
09,Ciudad de México,005,Gustavo A. Madero,6200205247,Viviendas que son refugio,2020,26,Viviendas
09,Ciudad de México,005,Gustavo A. Madero,6200205248,Viviendas colectivas,2020,146,Viviendas
09,Ciudad de México,005,Gustavo A. Madero,6200205249,Viviendas que son casa independiente o local no construido para habitación,2020,106537,Viviendas
09,Ciudad de México,005,Gustavo A. Madero,6200205251,Promedio de hijos nacidos vivos de las mujeres de 12 años y más casada sólo religiosamente,2020,2.67274405723517,Promedio
09,Ciudad de México,005,Gustavo A. Madero,6200205252,Población de 5 años y más inmigrante,2020,51028,Personas
09,Ciudad de México,005,Gustavo A. Madero,6200205253,Población total sin limitación en la actividad,2020,948029,Personas
09,Ciudad de México,005,Gustavo A. Madero,6200205254,Población total que no especificó limitación en la actividad,2020,759,Personas
09,Ciudad de México,005,Gustavo A. Madero,6200205255,Porcentaje de la población migrante internacional destino otro país,2020,53.4783593927034,Porcentaje
09,Ciudad de México,005,Gustavo A. Madero,6200205256,Población de 5 años y más con religión no especificada,2020,1325,Personas
09,Ciudad de México,005,Gustavo A. Madero,6200205257,Población de 5 años y más católica,2020,854361,Personas
09,Ciudad de México,005,Gustavo A. Madero,6200205258,Promedio de hijos nacidos vivos de las mujeres de 12 años y más solteras,2020,0.347761178282796,Promedio
09,Ciudad de México,005,Gustavo A. Madero,6200205259,Población nacida en otro país residente en México,2020,5030,Personas
09,Ciudad de México,005,Gustavo A. Madero,6200205260,Población con limitación en la actividad para escuchar,2020,34938,Personas
09,Ciudad de México,005,Gustavo A. Madero,6200205261,Población con limitación en la actividad para hablar o comunicarse,2020,8292,Personas
09,Ciudad de México,005,Gustavo A. Madero,6200205263,Población con limitación en la actividad para caminar o moverse,2020,50861,Personas
09,Ciudad de México,005,Gustavo A. Madero,6200205264,Porcentaje de la población migrante internacional destino no especificado,2020,10.9222750963064,Porcentaje
09,Ciudad de México,005,Gustavo A. Madero,6200205265,Promedio de hijos nacidos vivos de las mujeres de 12 años y más que no especificó estado conyugal,2020,1.68965517241379,Promedio
09,Ciudad de México,005,Gustavo A. Madero,6200205266,Promedio de hijos nacidos vivos de las mujeres de 12 años y más casada civil y religiosamente,2020,2.62039545383777,Promedio
09,Ciudad de México,005,Gustavo A. Madero,6200205267,Promedio de hijos nacidos vivos de las mujeres de 12 años y más separadas,2020,2.29703723063033,Promedio
09,Ciudad de México,005,Gustavo A. Madero,6200205268,Población nacida en otro país residente en México hombres,2020,2601,Personas
09,Ciudad de México,005,Gustavo A. Madero,6200205269,Población con limitación en la actividad para atender el cuidado personal,2020,7942,Personas
09,Ciudad de México,005,Gustavo A. Madero,6200205270,Población con limitación en la actividad para poner atención o aprender,2020,30397,Personas
09,Ciudad de México,005,Gustavo A. Madero,6200205271,Población con limitación en la actividad,2020,147274,Personas
09,Ciudad de México,005,Gustavo A. Madero,6200205272,Porcentaje de población nacida en otro país residente en México,2020,0.428686727160074,Porcentaje
09,Ciudad de México,005,Gustavo A. Madero,6200205273,Población de 5 años y más con religión distinta de católica,2020,155627,Personas
09,Ciudad de México,005,Gustavo A. Madero,6200205274,Porcentaje de población masculina nacida en otro país residente en México,2020,0.461273263175816,Porcentaje
09,Ciudad de México,005,Gustavo A. Madero,6200205275,Promedio de hijos nacidos vivos de las mujeres de 12 años y más divorciadas,2020,2.11733177669285,Promedio
09,Ciudad de México,005,Gustavo A. Madero,6200205276,Promedio de hijos nacidos vivos de las mujeres de 12 años y más en unión libre,2020,1.85118935542585,Promedio
09,Ciudad de México,005,Gustavo A. Madero,6200205277,Población de 5 años y más emigrante,2020,91478,Personas
09,Ciudad de México,005,Gustavo A. Madero,6200205279,Promedio de hijos nacidos vivos de las mujeres de 12 años y más casada sólo por lo civil,2020,2.17714052454332,Promedio
09,Ciudad de México,005,Gustavo A. Madero,6200205280,Población con limitación en la actividad para ver,2020,92623,Personas
09,Ciudad de México,005,Gustavo A. Madero,6200205282,Porcentaje de población femenina nacida en otro país residente en México,2020,0.398538419005147,Porcentaje
09,Ciudad de México,005,Gustavo A. Madero,6200205283,Promedio de hijos nacidos vivos de las mujeres de 12 años y más viudas,2020,4.1275589232637,Promedio
09,Ciudad de México,005,Gustavo A. Madero,6200205284,Población nacida en otro país residente en México mujeres,2020,2429,Personas
09,Ciudad de México,005,Gustavo A. Madero,6200205285,Porcentaje de la población migrante internacional destino Estados Unidos de América,2020,35.5993655109903,Porcentaje
09,Ciudad de México,005,Gustavo A. Madero,6200205286,Población con limitación en la actividad mental,2020,18242,Personas
09,Ciudad de México,005,Gustavo A. Madero,6200205288,Índice de masculinidad de la población nacida en otro país residente en México,2020,107.081103334706,Índice
09,Ciudad de México,005,Gustavo A. Madero,6200205289,Población de 5 años y más sin religión,2020,98542,Personas
09,Ciudad de México,005,Gustavo A. Madero,6200240300,Porcentaje de hombres de 0 a 4 años,2020,2.74635863260016,Porcentaje
09,Ciudad de México,005,Gustavo A. Madero,6200240301,Población católica,2020,901.136,Miles DE personas
09,Ciudad de México,005,Gustavo A. Madero,6200240302,Porcentaje de la población de 60 a 84 años con limitación en la actividad,2020,30.347553699284,Porcentaje
09,Ciudad de México,005,Gustavo A. Madero,6200240304,Tasa de monolingüismo de la población de 5 años y más hablante de Tojolabal,2020,0,Porcentaje
09,Ciudad de México,005,Gustavo A. Madero,6200240305,Porcentaje de la población que profesa la religión católica,2020,76.8002072696065,Porcentaje
09,Ciudad de México,005,Gustavo A. Madero,6200240310,Porcentaje de mujeres de 75 a 79 años,2020,1.22801050534601,Porcentaje
09,Ciudad de México,005,Gustavo A. Madero,6200240311,Porcentaje de hombres de 10 a 14 años,2020,3.32805679228926,Porcentaje
09,Ciudad de México,005,Gustavo A. Madero,6200240312,Porcentaje de mujeres de 5 a 9 años,2020,3.01427734829518,Porcentaje
09,Ciudad de México,005,Gustavo A. Madero,6200240314,Porcentaje de la población de 15 años y más con instrucción media superior,2020,29.0104207866174,Porcentaje
09,Ciudad de México,005,Gustavo A. Madero,6200240315,Porcentaje de la población con limitación mental,2020,1.60319056189887,Porcentaje
09,Ciudad de México,005,Gustavo A. Madero,6200240316,Tasa de monolingüismo de la población de 5 años y más hablante de Maya,2020,0.63291139240506,Porcentaje
09,Ciudad de México,005,Gustavo A. Madero,6200240318,Población de 5 años y más hablante de Tzeltal  (Tseltal),2020,138,Personas
09,Ciudad de México,005,Gustavo A. Madero,6200240319,Tasa de monolingüismo de la población de 5 años y más hablante de Mazateco,2020,1.07462686567164,Porcentaje
09,Ciudad de México,005,Gustavo A. Madero,6200240320,Población de 5 años y más hablante de Lenguas chinantecas,2020,193,Personas
09,Ciudad de México,005,Gustavo A. Madero,6200240323,Porcentaje de la población derechohabiente en el Seguro popular,2020,16.7836268046016,Porcentaje
09,Ciudad de México,005,Gustavo A. Madero,6200240325,Tasa de monolingüismo de la población de 5 años y más hablante de Náhuatl,2020,0.47554347826086,Porcentaje
09,Ciudad de México,005,Gustavo A. Madero,6200240326,Población de 5 años y más hablante de Lenguas zapotecas,2020,1336,Personas
09,Ciudad de México,005,Gustavo A. Madero,6200240328,Porcentaje de mujeres de 55 a 59 años,2020,3.22576520500513,Porcentaje
09,Ciudad de México,005,Gustavo A. Madero,6200240330,Porcentaje de hombres de 75 a 79 años,2020,0.909798425902958,Porcentaje
09,Ciudad de México,005,Gustavo A. Madero,6200240331,Población de 5 años y más hablante de Maya,2020,158,Personas
09,Ciudad de México,005,Gustavo A. Madero,6200240332,Población de 5 años y más hablante de Otomí,2020,1909,Personas
09,Ciudad de México,005,Gustavo A. Madero,6200240334,Población de 5 años y más hablante de Tojolabal,2020,9,Personas
09,Ciudad de México,005,Gustavo A. Madero,6200240341,Porcentaje de mujeres de 40 a 44 años,2020,3.64158050731513,Porcentaje
09,Ciudad de México,005,Gustavo A. Madero,6200240342,Porcentaje de mujeres de 70 a 74 años,2020,1.77424758144328,Porcentaje
09,Ciudad de México,005,Gustavo A. Madero,6200240343,Porcentaje de hombres de 15 a 19 años,2020,3.66988117979707,Porcentaje
09,Ciudad de México,005,Gustavo A. Madero,6200240344,Porcentaje de mujeres de 85 años y más,2020,0.858908361229102,Porcentaje
09,Ciudad de México,005,Gustavo A. Madero,6200240345,Población de 5 años y más hablante de Mixe,2020,296,Personas
09,Ciudad de México,005,Gustavo A. Madero,6200240354,Porcentaje de mujeres de 10 a 14 años,2020,3.27392749401807,Porcentaje
09,Ciudad de México,005,Gustavo A. Madero,6200240356,Porcentaje de mujeres de 20 a 24 años,2020,3.81965311217892,Porcentaje
09,Ciudad de México,005,Gustavo A. Madero,6200240357,Porcentaje de hombres de 35 a 39 años,2020,3.45370495866994,Porcentaje
09,Ciudad de México,005,Gustavo A. Madero,6200240358,Porcentaje de la población de 0 a 14 años con limitación en la actividad,2020,4.44606654265464,Porcentaje
09,Ciudad de México,005,Gustavo A. Madero,6200240361,Población de 5 años y más hablante de Mazahua,2020,459,Personas
09,Ciudad de México,005,Gustavo A. Madero,6200240364,Tasa de monolingüismo de la población de 5 años y más hablante de Chatino,2020,0,Porcentaje
09,Ciudad de México,005,Gustavo A. Madero,6200240365,Porcentaje de la población de 15 años y más con instrucción superior,2020,30.9112880058953,Porcentaje
09,Ciudad de México,005,Gustavo A. Madero,6200240366,Tasa de monolingüismo de la población de 5 años y más hablante de Lenguas mixtecas,2020,0.75949367088607,Porcentaje
09,Ciudad de México,005,Gustavo A. Madero,6200240367,Porcentaje de la población con limitación para hablar o comunicarse,2020,5.36236727066895,Porcentaje
09,Ciudad de México,005,Gustavo A. Madero,6200240368,Porcentaje de la población de 15 años y más con instrucción no especificada,2020,0.149359057091589,Porcentaje
09,Ciudad de México,005,Gustavo A. Madero,6200240377,Porcentaje de mujeres de 45 a 49 años,2020,3.82451196257492,Porcentaje
09,Ciudad de México,005,Gustavo A. Madero,6200240378,Porcentaje de mujeres de 0 a 4 años,2020,2.64628336304051,Porcentaje
09,Ciudad de México,005,Gustavo A. Madero,6200240379,Porcentaje de mujeres de 80 a 84 años,2020,0.905024818496365,Porcentaje
09,Ciudad de México,005,Gustavo A. Madero,6200240381,Tasa de monolingüismo de la población de 5 años y más hablante de Tzotzil (Tsotsil),2020,1.42857142857142,Porcentaje
09,Ciudad de México,005,Gustavo A. Madero,6200240384,Porcentaje de mujeres de 15 a 19 años,2020,3.51891584556357,Porcentaje
09,Ciudad de México,005,Gustavo A. Madero,6200240386,Población de 5 años y más hablante de Lenguas mixtecas,2020,1185,Personas
09,Ciudad de México,005,Gustavo A. Madero,6200240388,Porcentaje de hombres de 65 a 69 años,2020,1.7500385724527,Porcentaje
09,Ciudad de México,005,Gustavo A. Madero,6200240389,Tasa de crecimiento promedio anual de las viviendas particulares habitadas,2020,0.606592374507198,Tasa
09,Ciudad de México,005,Gustavo A. Madero,6200240390,Porcentaje de la población con discapacidad por accidente,2020,13.3023680804081,Porcentaje
09,Ciudad de México,005,Gustavo A. Madero,6200240395,"Viviendas, de cada cien que cuentan con electricidad, agua y drenaje",2020,99.6397510043707,Porcentaje
09,Ciudad de México,005,Gustavo A. Madero,6200240396,Porcentaje de la población de 30 a 59 años con limitación en la actividad,2020,11.8735776464705,Porcentaje
09,Ciudad de México,005,Gustavo A. Madero,6200240397,Tasa de monolingüismo de la población de 5 años y más hablante de Chol (Ch''ol),2020,0,Porcentaje
09,Ciudad de México,005,Gustavo A. Madero,6200240398,Tasa de monolingüismo de la población de 5 años y más hablante de Totonaca (Totonaco),2020,0.79176563737133,Porcentaje
09,Ciudad de México,005,Gustavo A. Madero,6200240407,Índice de envejecimiento,2020,95.8200098895665,Porcentaje
09,Ciudad de México,005,Gustavo A. Madero,6200240410,Porcentaje de hombres de 60 a 64 años,2020,2.37844989033489,Porcentaje
09,Ciudad de México,005,Gustavo A. Madero,6200240411,Porcentaje de hombres de 85 años y más,2020,0.484265422800965,Porcentaje
09,Ciudad de México,005,Gustavo A. Madero,6200240413,Tasa de monolingüismo de la población de 5 años y más hablante de Huasteco,2020,0,Porcentaje
09,Ciudad de México,005,Gustavo A. Madero,6200240414,"Porcentaje de la población derechohabiente en PEMEX, SDN o SM",2020,0.81810900929638,Porcentaje
09,Ciudad de México,005,Gustavo A. Madero,6200240416,Porcentaje de la población usuaria de servicios de salud en instituciones de servicios médicos privados,2020,2.32994692044492,Porcentaje
09,Ciudad de México,005,Gustavo A. Madero,6200240421,Porcentaje de la población derechohabiente en el ISSSTE,2020,16.0010877522312,Porcentaje
09,Ciudad de México,005,Gustavo A. Madero,6200240423,Porcentaje de hombres de 40 a 44 años,2020,3.30597885803377,Porcentaje
09,Ciudad de México,005,Gustavo A. Madero,6200240424,Tasa de monolingüismo de la población de 5 años y más hablante de Mixe,2020,0.33783783783783,Porcentaje
09,Ciudad de México,005,Gustavo A. Madero,6200240425,Porcentaje de hombres de 70 a 74 años,2020,1.32007293390173,Porcentaje
09,Ciudad de México,005,Gustavo A. Madero,6200240426,Porcentaje de mujeres de 60 a 64 años,2020,2.91462829368256,Porcentaje
09,Ciudad de México,005,Gustavo A. Madero,6200240427,Porcentaje de mujeres de 65 a 69 años,2020,2.21887501417165,Porcentaje
09,Ciudad de México,005,Gustavo A. Madero,6200240428,Tasa de monolingüismo de la población de 5 años y más hablante de Otomí,2020,0.89051859612362,Porcentaje
09,Ciudad de México,005,Gustavo A. Madero,6200240430,Porcentaje de la población con limitación para caminar y moverse,2020,34.5349484634083,Porcentaje
09,Ciudad de México,005,Gustavo A. Madero,6200240431,Población de 5 años y más hablante de Purépecha (Tarasco),2020,93,Personas
09,Ciudad de México,005,Gustavo A. Madero,6200240432,Tasa de monolingüismo de la población de 5 años y más hablante de Zoque,2020,0,Porcentaje
09,Ciudad de México,005,Gustavo A. Madero,6200240433,Tasa de monolingüismo de la población de 5 años y más hablante de Lenguas zapotecas,2020,0.74850299401197,Porcentaje
09,Ciudad de México,005,Gustavo A. Madero,6200240434,Población de 5 años y más hablante de Chatino,2020,9,Personas
09,Ciudad de México,005,Gustavo A. Madero,6200240435,Porcentaje de la población con limitación para atender el cuidado personal,2020,5.39266944606652,Porcentaje
09,Ciudad de México,005,Gustavo A. Madero,6200240443,Porcentaje de mujeres de 35 a 39 años,2020,3.67252371246858,Porcentaje
09,Ciudad de México,005,Gustavo A. Madero,6200240444,Porcentaje de hombres de 55 a 59 años,2020,2.74175551117237,Porcentaje
09,Ciudad de México,005,Gustavo A. Madero,6200240445,Porcentaje de hombres de 5 a 9 años,2020,3.09201895463112,Porcentaje
09,Ciudad de México,005,Gustavo A. Madero,6200240447,Porcentaje de la población de 15 años y más sin instrucción,2020,2.63028064931118,Porcentaje
09,Ciudad de México,005,Gustavo A. Madero,6200240449,Tasa de monolingüismo de la población de 5 años y más hablante de lengua indígena,2020,0.77173605210988,Porcentaje
09,Ciudad de México,005,Gustavo A. Madero,6200240450,Porcentaje de la población con limitación para ver,2020,62.891616986026,Porcentaje
09,Ciudad de México,005,Gustavo A. Madero,6200240451,Población de 5 años y más hablante de Tarahumara,2020,10,Personas
09,Ciudad de México,005,Gustavo A. Madero,6200240452,Población de 5 años y más hablante de Chol (Ch''ol),2020,15,Personas
09,Ciudad de México,005,Gustavo A. Madero,6200240453,Población de 5 años y más hablante de Totonaca (Totonaco),2020,1263,Personas
09,Ciudad de México,005,Gustavo A. Madero,6200240454,Tasa de monolingüismo de la población de 5 años y más hablante de Mazahua,2020,1.74291938997821,Porcentaje
09,Ciudad de México,005,Gustavo A. Madero,6200240458,Porcentaje de la población con discapacidad por edad avanzada,2020,31.0020558897434,Porcentaje
09,Ciudad de México,005,Gustavo A. Madero,6200240459,Porcentaje de la población con discapacidad por nacimiento,2020,11.6297367953501,Porcentaje
09,Ciudad de México,005,Gustavo A. Madero,6200240466,Población de 5 años y más hablante de Tlapaneco,2020,256,Personas
09,Ciudad de México,005,Gustavo A. Madero,6200240471,Porcentaje de la población derechohabiente en el IMSS,2020,63.7383795245559,Porcentaje
09,Ciudad de México,005,Gustavo A. Madero,6200240475,Porcentaje de hombres de 80 a 84 años,2020,0.601985991167121,Porcentaje
09,Ciudad de México,005,Gustavo A. Madero,6200240477,Porcentaje de la población de 85 y más con limitación en la actividad,2020,30.8751665926255,Porcentaje
09,Ciudad de México,005,Gustavo A. Madero,6200240478,Porcentaje de la población con limitación para escuchar,2020,23.7231283186442,Porcentaje
09,Ciudad de México,005,Gustavo A. Madero,6200240479,Porcentaje de la población con limitación para poner atención o aprender,2020,20.6397599033095,Porcentaje
09,Ciudad de México,005,Gustavo A. Madero,6200240480,Población de 5 años y más hablante de Huasteco,2020,64,Personas
09,Ciudad de México,005,Gustavo A. Madero,6200240481,Población de 5 años y más hablante de Tzotzil (Tsotsil),2020,70,Personas
09,Ciudad de México,005,Gustavo A. Madero,6200240486,Porcentaje de hombres de 25 a 29 años,2020,3.95263217564829,Porcentaje
09,Ciudad de México,005,Gustavo A. Madero,6200240488,Porcentaje de la población de 15 a 29 años con limitación en la actividad,2020,6.66746459802961,Porcentaje
09,Ciudad de México,005,Gustavo A. Madero,6200240493,Porcentaje de la población de 5 años y más hablante de lengua indígena,2020,1.2725986727996,Porcentaje
09,Ciudad de México,005,Gustavo A. Madero,6200240495,Porcentaje de la población con discapacidad por otra causa,2020,11.4685651920099,Porcentaje
09,Ciudad de México,005,Gustavo A. Madero,6200240496,Población de 5 años y más hablante de Náhuatl,2020,4416,Personas
09,Ciudad de México,005,Gustavo A. Madero,6200240497,Población no católica,2020,95608,Miles DE personas
09,Ciudad de México,005,Gustavo A. Madero,6200240499,Porcentaje de la población que profesa la religión protestante y evangélica,2020,7.73954255802398,Porcentaje
09,Ciudad de México,005,Gustavo A. Madero,6200240507,Porcentaje de mujeres de 50 a 54 años,2020,3.7968079910188,Porcentaje
09,Ciudad de México,005,Gustavo A. Madero,6200240509,Tasa de monolingüismo de la población de 5 años y más hablante de Tarahumara,2020,0,Porcentaje
09,Ciudad de México,005,Gustavo A. Madero,6200240518,Porcentaje de hombres de 30 a 34 años,2020,3.7026997307174,Porcentaje
09,Ciudad de México,005,Gustavo A. Madero,6200240520,Porcentaje de hombres de 20 a 24 años,2020,3.98664412842027,Porcentaje
09,Ciudad de México,005,Gustavo A. Madero,6200240521,Población de 5 años y más hablante de Zoque,2020,10,Personas
09,Ciudad de México,005,Gustavo A. Madero,6200240522,Tasa de monolingüismo de la población de 5 años y más hablante de Purépecha (Tarasco),2020,2.1505376344086,Porcentaje
09,Ciudad de México,005,Gustavo A. Madero,6200240532,Porcentaje de hombres de 45 a 49 años,2020,3.39480205299216,Porcentaje
09,Ciudad de México,005,Gustavo A. Madero,6200240533,Porcentaje de hombres de 50 a 54 años,2020,3.2374434945534,Porcentaje
09,Ciudad de México,005,Gustavo A. Madero,6200240534,Tasa de monolingüismo de la población de 5 años y más hablante de Resto de lenguas,2020,1.60714285714285,Porcentaje
09,Ciudad de México,005,Gustavo A. Madero,6200240535,Población de 5 años y más hablante de Mazateco,2020,1675,Personas
09,Ciudad de México,005,Gustavo A. Madero,6200240536,Tasa de monolingüismo de la población de 5 años y más hablante de Tlapaneco,2020,0,Porcentaje
09,Ciudad de México,005,Gustavo A. Madero,6200240537,Tasa de monolingüismo de la población de 5 años y más hablante de Tzeltal (Tseltal),2020,0,Porcentaje
09,Ciudad de México,005,Gustavo A. Madero,6200240538,Población de 5 años y más hablante del Resto de lenguas,2020,560,Personas
09,Ciudad de México,005,Gustavo A. Madero,6200240539,Tasa de monolingüismo de la población de 5 años y más hablante de Lenguas chinantecas,2020,1.03626943005181,Porcentaje
09,Ciudad de México,005,Gustavo A. Madero,6200240540,Porcentaje de la población con discapacidad por enfermedad,2020,44.0493413538415,Porcentaje
09,Ciudad de México,005,Gustavo A. Madero,6200240548,Porcentaje de mujeres de 25 a 29 años,2020,3.84266871931785,Porcentaje
09,Ciudad de México,005,Gustavo A. Madero,6200240549,Porcentaje de mujeres de 30 a 34 años,2020,3.76680245874879,Porcentaje
09,Ciudad de México,005,Gustavo A. Madero,6205370864,Porcentaje de población que se considera afrodescendiente,2020,1.84914829407398,Porcentaje
09,Ciudad de México,005,Gustavo A. Madero,6207019007,Porcentaje de la población de 12 años y más viuda,2020,6.098958617576,Porcentaje
09,Ciudad de México,005,Gustavo A. Madero,6207019009,Porcentaje de la población de 12 años y más casada,2020,29.8935795474278,Porcentaje
09,Ciudad de México,005,Gustavo A. Madero,6207019010,Porcentaje de población de 25 años y más alfabeta,2020,97.3636129663559,Porcentaje
09,Ciudad de México,005,Gustavo A. Madero,6207019011,Porcentaje de la población de 12 años y más soltera,2020,38.2441865657202,Porcentaje
09,Ciudad de México,005,Gustavo A. Madero,6207019012,Porcentaje de la población de 12 años y más separada,2020,6.56810164765652,Porcentaje
09,Ciudad de México,005,Gustavo A. Madero,6207019016,Porcentaje de la población de 12 años y más divorciada,2020,3.03087433456209,Porcentaje
09,Ciudad de México,005,Gustavo A. Madero,6207019017,Porcentaje de población afiliada a otra institución,2020,1.79834817709708,Porcentaje
09,Ciudad de México,005,Gustavo A. Madero,6207019018,Porcentaje de población afiliada a servicios de salud,2020,74.2763248167002,Porcentaje
09,Ciudad de México,005,Gustavo A. Madero,6207019019,Porcentaje de la población de 12 años y más en unión libre,2020,16.1171666856851,Porcentaje
09,Ciudad de México,005,Gustavo A. Madero,6207019020,Porcentaje de población de 15 años y más sin escolaridad,2020,2.52807117609589,Porcentaje
09,Ciudad de México,005,Gustavo A. Madero,6207019022,Porcentaje de viviendas particulares habitadas propias,2020,53.4686216796763,Porcentaje
09,Ciudad de México,005,Gustavo A. Madero,6207019023,Porcentaje de hijos fallecidos de las mujeres de 15 a 49 años,2020,3.42772681416137,Porcentaje
09,Ciudad de México,005,Gustavo A. Madero,6207019024,Porcentaje de la población de 3 a 5 años que asiste a la escuela,2020,70.5573154992374,Porcentaje
09,Ciudad de México,005,Gustavo A. Madero,6207019026,Porcentaje de la población de 6 a 11 años que asiste a la escuela,2020,95.6007135832399,Porcentaje
09,Ciudad de México,005,Gustavo A. Madero,6207019028,Porcentaje de la población de 12 a 14 años que asiste a la escuela,2020,93.9199965974098,Porcentaje
09,Ciudad de México,005,Gustavo A. Madero,6207019029,Porcentaje de la población de 15 a 24 años que asiste a la escuela,2020,56.9808424762663,Porcentaje
09,Ciudad de México,005,Gustavo A. Madero,6207019030,Porcentaje de población de 12 años y más económicamente activa,2020,61.3402527299699,Porcentaje
09,Ciudad de México,005,Gustavo A. Madero,6207019031,Porcentaje de población de 15 años y más con escolaridad básica,2020,37.4008609742998,Porcentaje
09,Ciudad de México,005,Gustavo A. Madero,6207019034,Porcentaje de población de 3 años y más hablante de lengua indígena,2020,1.24760953934417,Porcentaje
09,Ciudad de México,005,Gustavo A. Madero,6207019035,Porcentaje de la población de 12 años y más No Económicamente Activa,2020,38.481437197049,Porcentaje
09,Ciudad de México,005,Gustavo A. Madero,6207019036,Promedio de hijos nacidos vivos de las mujeres de 15 a 49 años EI2015,2020,1.11497676791127,Promedio
09,Ciudad de México,005,Gustavo A. Madero,6207019039,Porcentaje de la población de 12 años y más económicamente activa ocupada,2020,97.5824350031706,Porcentaje
09,Ciudad de México,005,Gustavo A. Madero,6207019040,Porcentaje de la población femenina de 12 años y más económicamente activa,2020,44.3668875286323,Porcentaje
09,Ciudad de México,005,Gustavo A. Madero,6207019042,Porcentaje de viviendas particulares habitadas que disponen de Internet,2020,72.4848056745103,Porcentaje
09,Ciudad de México,005,Gustavo A. Madero,6207019043,Porcentaje de la población masculina de 12 años y más económicamente activa,2020,55.6331124713678,Porcentaje
09,Ciudad de México,005,Gustavo A. Madero,6207019046,Porcentaje de viviendas particulares habitadas que disponen de computadora,2020,54.6362927317411,Porcentaje
09,Ciudad de México,005,Gustavo A. Madero,6207019047,Porcentaje de la población de 12 años y más no económicamente activa que estudia,2020,35.4154311087274,Porcentaje
09,Ciudad de México,005,Gustavo A. Madero,6207019050,Porcentaje de viviendas particulares habitadas que disponen de teléfono fijo,2020,67.1384633496682,Porcentaje
09,Ciudad de México,005,Gustavo A. Madero,6207019051,Porcentaje de la población de 12 años y más sin especificar su situación conyugal,2020,0.0471326013723029,Porcentaje
09,Ciudad de México,005,Gustavo A. Madero,6207019054,Porcentaje de la población femenina de 12 años y más económicamente activa ocupada,2020,98.0650383382737,Porcentaje
09,Ciudad de México,005,Gustavo A. Madero,6207019055,Porcentaje de viviendas particulares habitadas que disponen de teléfono celular,2020,90.296528482922,Porcentaje
09,Ciudad de México,005,Gustavo A. Madero,6207019056,Porcentaje de la población masculina de 12 años y más económicamente activa ocupada,2020,97.1975633514095,Porcentaje
09,Ciudad de México,005,Gustavo A. Madero,6207019057,Porcentaje de viviendas particulares habitadas que disponen de televisión de paga,2020,42.3686960104778,Porcentaje
09,Ciudad de México,005,Gustavo A. Madero,6207019058,Porcentaje de población de 3 años y más hablante de lengua indígena que no habla español,2020,0.767821921668075,Porcentaje
09,Ciudad de México,005,Gustavo A. Madero,6207019059,Porcentaje de población de 12 años con condición de actividad económica no especificada,2020,0.178310072981112,Porcentaje
09,Ciudad de México,005,Gustavo A. Madero,6207019060,Porcentaje de la población de 12 años y más no económicamente activa que es pensionada o jubilada,2020,17.4599163516531,Porcentaje
09,Ciudad de México,005,Gustavo A. Madero,6207019063,Porcentaje de superficie en el ámbito geográfico de referencia respecto a la unidad geográfica superior,2020,5.88270539923861,Porcentaje
09,Ciudad de México,005,Gustavo A. Madero,6207019064,Porcentaje de la población de 12 años y más no económicamente activa que se dedica a los quehaceres del hogar,2020,34.8473752881536,Porcentaje
09,Ciudad de México,005,Gustavo A. Madero,6207019065,Porcentaje de la población de 12 años y más no económicamente activa que realiza otras actividades no económicas,2020,9.46613582800002,Porcentaje
09,Ciudad de México,005,Gustavo A. Madero,6207019070,Porcentaje de la población de 12 años y más no económicamente activa con alguna limitación física o mental que les impide trabajar,2020,2.81114142346589,Porcentaje
09,Ciudad de México,005,Gustavo A. Madero,6207020032,Porcentaje de hombres,2020,48.0567196005287,Porcentaje
09,Ciudad de México,005,Gustavo A. Madero,6207020033,Porcentaje de mujeres,2020,51.9432803994713,Porcentaje
09,Ciudad de México,005,Gustavo A. Madero,6207020035,Promedio de ocupantes por cuarto (Índice de hacinamiento),2020,0.831127891757199,Promedio
09,Ciudad de México,005,Gustavo A. Madero,6207049066,Población de 6 a 14 años que sabe leer y escribir,2020,125483,Porcentaje
09,Ciudad de México,005,Gustavo A. Madero,6207049067,Población de 6 a 14 años que no sabe leer y escribir,2020,8094,Porcentaje
09,Ciudad de México,005,Gustavo A. Madero,6207049068,Porcentaje de la población de 3 años y más que asiste a la escuela,2020,25.3404648742899,Porcentaje
09,Ciudad de México,005,Gustavo A. Madero,6207049069,Porcentaje de la población de 3 años y más que no asiste a la escuela,2020,73.8901056021149,Porcentaje
09,Ciudad de México,005,Gustavo A. Madero,6207049070,Población de 6 a 14 años que no especificó si sabe o no leer y escribir,2020,892,Porcentaje
09,Ciudad de México,005,Gustavo A. Madero,6207049071,Porcentaje de la población de 3 años y más que no especificó si asiste o no a la escuela,2020,0.769429523595253,Porcentaje
09,Ciudad de México,005,Gustavo A. Madero,6207051593,Porcentaje de población de 6 a 14 años que no asiste a la escuela,2020,4.944634,Porcentaje
09,Ciudad de México,005,Gustavo A. Madero,6207068394,Porcentaje de viviendas con agua entubada dentro de la vivienda,2020,92.7020146277574,Porcentaje
09,Ciudad de México,005,Gustavo A. Madero,6207129629,Porcentaje de la población nacional/estatal que representa,2020,12.7400448906095,Porcentaje
09,Ciudad de México,005,Gustavo A. Madero,6207129630,Promedio de ocupantes por dormitorio,2020,1.61823732176346,Promedio
09,Ciudad de México,005,Gustavo A. Madero,6207129631,Porcentaje de viviendas particulares habitadas que disponen de tinaco,2020,85.3637072682589,Porcentaje
09,Ciudad de México,005,Gustavo A. Madero,6207129632,Porcentaje de viviendas particulares habitadas que disponen de cisterna o aljibe,2020,51.2283490059306,Porcentaje
09,Ciudad de México,005,Gustavo A. Madero,6207129635,Porcentaje de viviendas particulares habitadas que disponen de Automóvil o camioneta,2020,42.2197695465984,Porcentaje
09,Ciudad de México,005,Gustavo A. Madero,6207129636,Porcentaje de viviendas particulares habitadas que disponen de motocicleta o motoneta,2020,7.24824511059114,Porcentaje
09,Ciudad de México,005,Gustavo A. Madero,6207129637,Porcentaje de viviendas particulares habitadas que disponen de bicicleta como medio de transporte,2020,19.5005371359616,Porcentaje
09,Ciudad de México,005,Gustavo A. Madero,6207129638,Porcentaje de la población con algún tipo de  discapacidad,2020,5.8560481901835,Porcentaje
09,Ciudad de México,005,Gustavo A. Madero,6207129639,Porcentaje de la población entre 0 y 17 años con algún tipo de  discapacidad,2020,1.92672998643148,Porcentaje
09,Ciudad de México,005,Gustavo A. Madero,6207129640,Porcentaje de la población entre 18 y 29 años con algún tipo de  discapacidad,2020,2.0424821615276,Porcentaje
09,Ciudad de México,005,Gustavo A. Madero,6207129641,Porcentaje de la población entre 30 y 59 años con algún tipo de  discapacidad,2020,4.00616395717887,Porcentaje
09,Ciudad de México,005,Gustavo A. Madero,6207129642,Porcentaje de la población de 60 años y más con algún tipo de  discapacidad,2020,19.4570180224014,Porcentaje
09,Ciudad de México,005,Gustavo A. Madero,6207129643,Porcentaje de la población de 5 y más años migrante según causa: Trabajo,2020,22.4422616532883,Porcentaje
09,Ciudad de México,005,Gustavo A. Madero,6207129644,Porcentaje de la población de 5 y más años migrante según causa: Familiar,2020,40.47845373891,Porcentaje
09,Ciudad de México,005,Gustavo A. Madero,6207129645,Porcentaje de la población de 5 y más años migrante según causa: Educativa,2020,12.869666244191,Porcentaje
09,Ciudad de México,005,Gustavo A. Madero,6207129646,Porcentaje de la población de 5 y más años migrante según causa: Inseguridad delictiva o violencia,2020,5.6453316434305,Porcentaje
09,Ciudad de México,005,Gustavo A. Madero,6207129647,Porcentaje de la población de 5 y más años migrante según causa: Otra causa,2020,16.2864385297845,Porcentaje
09,Ciudad de México,005,Gustavo A. Madero,6207129648,Promedio de hijos nacidos vivos por grupo de edad: 15-19,2020,0.0611344181196498,Promedio
09,Ciudad de México,005,Gustavo A. Madero,6207129649,Promedio de hijos nacidos vivos por grupo de edad: 20-24,2020,0.370670596904937,Promedio
09,Ciudad de México,005,Gustavo A. Madero,6207129650,Promedio de hijos nacidos vivos por grupo de edad: 25-29,2020,0.80723640399556,Promedio
09,Ciudad de México,005,Gustavo A. Madero,6207129651,Promedio de hijos nacidos vivos por grupo de edad: 30-34,2020,1.2273097826087,Promedio
09,Ciudad de México,005,Gustavo A. Madero,6207129652,Promedio de hijos nacidos vivos por grupo de edad: 35-39,2020,1.58331785249861,Promedio
09,Ciudad de México,005,Gustavo A. Madero,6207129653,Promedio de hijos nacidos vivos por grupo de edad: 40-44,2020,1.80580932302647,Promedio
09,Ciudad de México,005,Gustavo A. Madero,6207129654,Promedio de hijos nacidos vivos por grupo de edad: 45-49,2020,1.91843014828855,Promedio
09,Ciudad de México,005,Gustavo A. Madero,6207129812,Porcentaje de viviendas particulares habitadas que disponen de refrigerador,2020,93.6120553912263,Porcentaje
09,Ciudad de México,005,Gustavo A. Madero,6207129813,Porcentaje de viviendas particulares habitadas que disponen de lavadora,2020,81.4886759966447,Porcentaje
09,Ciudad de México,005,Gustavo A. Madero,6207129818,Porcentaje de la población derechohabiente en Instituto de Salud para el Bienestar (IMSS-PROSPERA o IMSS-BIENESTAR),2020,0.246235895364661,Porcentaje
09,Ciudad de México,005,Gustavo A. Madero,6207129822,Ubicación geográfica con la mayor cantidad de pobladores. Primer lugar,2020,90050001,No aplica
09,Ciudad de México,005,Gustavo A. Madero,6207129825,Población de la ubicación geográfica con la mayor cantidad de pobladores. Primer lugar,2020,1173351,Personas
09,Ciudad de México,005,Gustavo A. Madero,6207129828,Lengua indígena más frecuente. Descripción. Primer lugar,2020,211,No aplica
09,Ciudad de México,005,Gustavo A. Madero,6207129830,Lengua indígena más frecuente. Porcentaje. Primer lugar,2020,31.6142378201013,Porcentaje
09,Ciudad de México,005,Gustavo A. Madero,6207129840,Total de áreas geográficas,2020,1,Municipios
09,Ciudad de México,006,Iztacalco,1001000001,Superficie continental,2020,23.09545745,Kilómetros cuadrados
09,Ciudad de México,006,Iztacalco,1002000001,Población total,2020,404695,Personas
09,Ciudad de México,006,Iztacalco,1002000002,Población total hombres,2020,192352,Personas
09,Ciudad de México,006,Iztacalco,1002000003,Población total mujeres,2020,212343,Personas
09,Ciudad de México,006,Iztacalco,1002000004,Porcentaje de población de 15 a 29 años,2020,22.2801513904236,Porcentaje
09,Ciudad de México,006,Iztacalco,1002000005,Porcentaje de hombres de 15 a 29 años,2020,23.5015395497857,Porcentaje
09,Ciudad de México,006,Iztacalco,1002000006,Porcentaje de mujeres de 15 a 29 años,2020,21.1737878852125,Porcentaje
09,Ciudad de México,006,Iztacalco,1002000007,Porcentaje de población de 60 y más años,2020,17.5288059587113,Porcentaje
09,Ciudad de México,006,Iztacalco,1002000008,Porcentaje de hombres de 60 y más años,2020,15.5817001622769,Porcentaje
09,Ciudad de México,006,Iztacalco,1002000009,Porcentaje de mujeres de 60 y más años,2020,19.2925423904491,Porcentaje
09,Ciudad de México,006,Iztacalco,1002000010,Edad mediana,2020,36,Años
09,Ciudad de México,006,Iztacalco,1002000011,Edad mediana hombres,2020,35,Años
09,Ciudad de México,006,Iztacalco,1002000012,Edad mediana mujeres,2020,38,Años
09,Ciudad de México,006,Iztacalco,1002000013,Promedio de hijos nacidos vivos de las mujeres de 12 años y más,2020,1.66109598641473,Promedio
09,Ciudad de México,006,Iztacalco,1002000014,Población en hogares censales,2020,403805,Personas
09,Ciudad de México,006,Iztacalco,1002000015,Población en hogares familiares,2020,385059,Personas
09,Ciudad de México,006,Iztacalco,1002000016,Población en hogares no familiares,2020,18620,Personas
09,Ciudad de México,006,Iztacalco,1002000018,Hogares censales,2020,117720,Hogares
09,Ciudad de México,006,Iztacalco,1002000019,Hogares con jefatura masculina,2020,69391,Hogares
09,Ciudad de México,006,Iztacalco,1002000020,Hogares con jefatura femenina,2020,48329,Hogares
09,Ciudad de México,006,Iztacalco,1002000021,Tamaño promedio de los hogares censales,2020,3.43021576622494,Personas
09,Ciudad de México,006,Iztacalco,1002000022,Tamaño promedio de los hogares con jefe hombre,2020,3.54207317951896,Personas
09,Ciudad de México,006,Iztacalco,1002000023,Tamaño promedio de los hogares con jefe mujer,2020,3.26961037886155,Personas
09,Ciudad de México,006,Iztacalco,1002000024,Relación hombres-mujeres,2020,90.5855149451595,Hombres por cada 100 mujeres
09,Ciudad de México,006,Iztacalco,1002000041,Porcentaje de personas de 15 años y más alfabetas,2020,98.6530630509688,Porcentaje
09,Ciudad de México,006,Iztacalco,1002000050,Tasa de alfabetización de las personas de 15 a 24 años,2020,99.361301369863,Tasa
09,Ciudad de México,006,Iztacalco,1002000055,Población de edad no especificada,2020,178,Personas
09,Ciudad de México,006,Iztacalco,1002000056,Población de edad no especificada. Hombres,2020,88,Personas
09,Ciudad de México,006,Iztacalco,1002000057,Población de edad no especificada. Mujeres,2020,90,Personas
09,Ciudad de México,006,Iztacalco,1002000058,Población de 0 a 4 años,2020,20466,Personas
09,Ciudad de México,006,Iztacalco,1002000059,Población de 0 a 4 años. Hombres,2020,10426,Personas
09,Ciudad de México,006,Iztacalco,1002000060,Población de 0 a 4 años. Mujeres,2020,10040,Personas
09,Ciudad de México,006,Iztacalco,1002000061,Población de 10 a 14 años,2020,25570,Personas
09,Ciudad de México,006,Iztacalco,1002000062,Población de 10 a 14 años. Hombres,2020,12900,Personas
09,Ciudad de México,006,Iztacalco,1002000063,Población de 10 a 14 años. Mujeres,2020,12670,Personas
09,Ciudad de México,006,Iztacalco,1002000064,Población de 100 años y más,2020,65,Personas
09,Ciudad de México,006,Iztacalco,1002000065,Población de 100 años y más. Hombres,2020,29,Personas
09,Ciudad de México,006,Iztacalco,1002000066,Población de 100 años y más. Mujeres,2020,36,Personas
09,Ciudad de México,006,Iztacalco,1002000067,Población de 15 a 19 años,2020,27759,Personas
09,Ciudad de México,006,Iztacalco,1002000068,Población de 15 a 19 años. Hombres,2020,14264,Personas
09,Ciudad de México,006,Iztacalco,1002000069,Población de 15 a 19 años. Mujeres,2020,13495,Personas
09,Ciudad de México,006,Iztacalco,1002000070,Población de 20 a 24 años,2020,30641,Personas
09,Ciudad de México,006,Iztacalco,1002000071,Población de 20 a 24 años. Hombres,2020,15348,Personas
09,Ciudad de México,006,Iztacalco,1002000072,Población de 20 a 24 años. Mujeres,2020,15293,Personas
09,Ciudad de México,006,Iztacalco,1002000073,Población de 25 a 29 años,2020,31727,Personas
09,Ciudad de México,006,Iztacalco,1002000074,Población de 25 a 29 años. Hombres,2020,15573,Personas
09,Ciudad de México,006,Iztacalco,1002000075,Población de 25 a 29 años. Mujeres,2020,16154,Personas
09,Ciudad de México,006,Iztacalco,1002000076,Población de 30 a 34 años,2020,31735,Personas
09,Ciudad de México,006,Iztacalco,1002000077,Población de 30 a 34 años. Hombres,2020,15482,Personas
09,Ciudad de México,006,Iztacalco,1002000078,Población de 30 a 34 años. Mujeres,2020,16253,Personas
09,Ciudad de México,006,Iztacalco,1002000079,Población de 35 a 39 años,2020,30107,Personas
09,Ciudad de México,006,Iztacalco,1002000080,Población de 35 a 39 años. Hombres,2020,14487,Personas
09,Ciudad de México,006,Iztacalco,1002000081,Población de 35 a 39 años. Mujeres,2020,15620,Personas
09,Ciudad de México,006,Iztacalco,1002000082,Población de 40 a 44 años,2020,28748,Personas
09,Ciudad de México,006,Iztacalco,1002000083,Población de 40 a 44 años. Hombres,2020,13514,Personas
09,Ciudad de México,006,Iztacalco,1002000084,Población de 40 a 44 años. Mujeres,2020,15234,Personas
09,Ciudad de México,006,Iztacalco,1002000085,Población de 45 a 49 años,2020,30076,Personas
09,Ciudad de México,006,Iztacalco,1002000086,Población de 45 a 49 años. Hombres,2020,14074,Personas
09,Ciudad de México,006,Iztacalco,1002000087,Población de 45 a 49 años. Mujeres,2020,16002,Personas
09,Ciudad de México,006,Iztacalco,1002000088,Población de 5 a 9 años,2020,23276,Personas
09,Ciudad de México,006,Iztacalco,1002000089,Población de 5 a 9 años. Hombres,2020,11781,Personas
09,Ciudad de México,006,Iztacalco,1002000090,Población de 5 a 9 años. Mujeres,2020,11495,Personas
09,Ciudad de México,006,Iztacalco,1002000091,Población de 50 a 54 años,2020,28900,Personas
09,Ciudad de México,006,Iztacalco,1002000092,Población de 50 a 54 años. Hombres,2020,13188,Personas
09,Ciudad de México,006,Iztacalco,1002000093,Población de 50 a 54 años. Mujeres,2020,15712,Personas
09,Ciudad de México,006,Iztacalco,1002000094,Población de 55 a 59 años,2020,24605,Personas
09,Ciudad de México,006,Iztacalco,1002000095,Población de 55 a 59 años. Hombres,2020,11269,Número de personas
09,Ciudad de México,006,Iztacalco,1002000096,Población de 55 a 59 años. Mujeres,2020,13336,Número de personas
09,Ciudad de México,006,Iztacalco,1002000097,Población de 60 a 64 años,2020,21833,Personas
09,Ciudad de México,006,Iztacalco,1002000098,Población de 60 a 64 años. Hombres,2020,9660,Número de personas
09,Ciudad de México,006,Iztacalco,1002000099,Población de 60 a 64 años. Mujeres,2020,12173,Número de personas
09,Ciudad de México,006,Iztacalco,1002000100,Población de 65 a 69 años,2020,16292,Personas
09,Ciudad de México,006,Iztacalco,1002000101,Población de 65 a 69 años. Hombres,2020,7097,Número de personas
09,Ciudad de México,006,Iztacalco,1002000102,Población de 65 a 69 años. Mujeres,2020,9195,Número de personas
09,Ciudad de México,006,Iztacalco,1002000103,Población de 70 a 74 años,2020,12400,Personas
09,Ciudad de México,006,Iztacalco,1002000104,Población de 70 a 74 años. Hombres,2020,5192,Número de personas
09,Ciudad de México,006,Iztacalco,1002000105,Población de 70 a 74 años. Mujeres,2020,7208,Número de personas
09,Ciudad de México,006,Iztacalco,1002000106,Población de 75 a 79 años,2020,8395,Personas
09,Ciudad de México,006,Iztacalco,1002000107,Población de 75 a 79 años. Hombres,2020,3488,Número de personas
09,Ciudad de México,006,Iztacalco,1002000108,Población de 75 a 79 años. Mujeres,2020,4907,Número de personas
09,Ciudad de México,006,Iztacalco,1002000109,Población de 80 a 84 años,2020,6174,Personas
09,Ciudad de México,006,Iztacalco,1002000110,Población de 80 a 84 años. Hombres,2020,2400,Número de personas
09,Ciudad de México,006,Iztacalco,1002000111,Población de 80 a 84 años. Mujeres,2020,3774,Número de personas
09,Ciudad de México,006,Iztacalco,1002000112,Población de 85 a 89 años,2020,3638,Personas
09,Ciudad de México,006,Iztacalco,1002000113,Población de 85 a 89 años. Hombres,2020,1364,Número de personas
09,Ciudad de México,006,Iztacalco,1002000114,Población de 85 a 89 años. Mujeres,2020,2274,Número de personas
09,Ciudad de México,006,Iztacalco,1002000115,Población de 90 a 94 años,2020,1642,Personas
09,Ciudad de México,006,Iztacalco,1002000116,Población de 90 a 94 años. Hombres,2020,564,Número de personas
09,Ciudad de México,006,Iztacalco,1002000117,Población de 90 a 94 años. Mujeres,2020,1078,Número de personas
09,Ciudad de México,006,Iztacalco,1002000118,Población de 95 a 99 años,2020,468,Personas
09,Ciudad de México,006,Iztacalco,1002000119,Población de 95 a 99 años. Hombres,2020,164,Número de personas
09,Ciudad de México,006,Iztacalco,1002000120,Población de 95 a 99 años. Mujeres,2020,304,Número de personas
09,Ciudad de México,006,Iztacalco,1002000127,Relación de dependencia,2020,41.3747549199493,Personas dependientes por cada 100 personas en edad de trabajar
09,Ciudad de México,006,Iztacalco,1003000001,Total de viviendas particulares habitadas,2020,117720,Viviendas
09,Ciudad de México,006,Iztacalco,1003000011,Viviendas particulares habitadas,2020,112687,Número de Viviendas
09,Ciudad de México,006,Iztacalco,1003000015,Promedio de ocupantes en viviendas particulares habitadas,2020,3.43090247056421,Promedio
09,Ciudad de México,006,Iztacalco,1003000017,Viviendas particulares habitadas que disponen de energía eléctrica,2020,117396,Viviendas
09,Ciudad de México,006,Iztacalco,1003000018,Viviendas particulares habitadas que disponen de agua de la red pública en el ámbito de la vivienda,2020,117352,Viviendas
09,Ciudad de México,006,Iztacalco,1003000019,Viviendas particulares habitadas que disponen de drenaje,2020,117387,Viviendas
09,Ciudad de México,006,Iztacalco,1003000020,Viviendas particulares habitadas que disponen de excusado o sanitario,2020,117304,Viviendas
09,Ciudad de México,006,Iztacalco,1003000023,Viviendas particulares habitadas que disponen de lavadora,2020,97981,Viviendas
09,Ciudad de México,006,Iztacalco,1003000024,Viviendas particulares habitadas que disponen de computadora,2020,72374,Viviendas
09,Ciudad de México,006,Iztacalco,1004000001,Población derechohabiente a servicios de salud,2020,294078,Personas
09,Ciudad de México,006,Iztacalco,1005000012,Población de 5 años y más que asiste a la escuela,2020,91761,Personas
09,Ciudad de México,006,Iztacalco,1005000038,Grado promedio de escolaridad de la población de 15 y más años,2020,11.5210402258968,Años de escolaridad
09,Ciudad de México,006,Iztacalco,1005000039,Población de 5 años y más hablante de lengua indígena,2020,4383,Personas
09,Ciudad de México,006,Iztacalco,3104003001,Porcentaje de población inmigrante (migración reciente),2020,3.9475025018094,Porcentaje
09,Ciudad de México,006,Iztacalco,3105001001,Densidad de población,2020,17522.7098608519,Habitantes por kilómetro cuadrado
09,Ciudad de México,006,Iztacalco,3105004001,Porcentaje de población en localidades de menos de 2 500 habitantes,2020,0,Porcentaje
09,Ciudad de México,006,Iztacalco,3108001001,Porcentaje de analfabetas total,2020,1.15750063394042,Porcentaje
09,Ciudad de México,006,Iztacalco,3108001002,Porcentaje de analfabetas hombres,2020,0.726661873158689,Porcentaje
09,Ciudad de México,006,Iztacalco,3108001003,Porcentaje de analfabetas mujeres,2020,1.53778756290439,Porcentaje
09,Ciudad de México,006,Iztacalco,3114004001,Porcentaje de viviendas con piso de tierra,2020,0.2399101613013,Porcentaje
09,Ciudad de México,006,Iztacalco,3114006001,Porcentaje de viviendas con electricidad,2020,99.8740897025795,Porcentaje
09,Ciudad de México,006,Iztacalco,6200031290,Porcentaje de viviendas particulares habitadas con disponibilidad de drenaje,2020,99.8664329953039,Porcentaje
09,Ciudad de México,006,Iztacalco,6200031291,Porcentaje de viviendas particulares habitadas con disponibilidad de excusado,2020,99.795821139318,Porcentaje
09,Ciudad de México,006,Iztacalco,6200108938,Porcentaje de viviendas con techos de materiales resistentes,2020,94.4658877980122,Porcentaje
09,Ciudad de México,006,Iztacalco,6200205238,Población de 8 a 14 años que sabe leer y escribir,2020,34404,Personas
09,Ciudad de México,006,Iztacalco,6200205244,Viviendas que son cuarto de azotea,2020,102,Viviendas
09,Ciudad de México,006,Iztacalco,6200205245,Viviendas móviles,2020,1,Viviendas
09,Ciudad de México,006,Iztacalco,6200205246,Viviendas que son departamento en edificio o vivienda en vecindad,2020,39027,Viviendas
09,Ciudad de México,006,Iztacalco,6200205247,Viviendas que son refugio,2020,18,Viviendas
09,Ciudad de México,006,Iztacalco,6200205248,Viviendas colectivas,2020,20,Viviendas
09,Ciudad de México,006,Iztacalco,6200205249,Viviendas que son casa independiente o local no construido para habitación,2020,32788,Viviendas
09,Ciudad de México,006,Iztacalco,6200205251,Promedio de hijos nacidos vivos de las mujeres de 12 años y más casada sólo religiosamente,2020,2.47187728268809,Promedio
09,Ciudad de México,006,Iztacalco,6200205252,Población de 5 años y más inmigrante,2020,32637,Personas
09,Ciudad de México,006,Iztacalco,6200205253,Población total sin limitación en la actividad,2020,322710,Personas
09,Ciudad de México,006,Iztacalco,6200205254,Población total que no especificó limitación en la actividad,2020,466,Personas
09,Ciudad de México,006,Iztacalco,6200205255,Porcentaje de la población migrante internacional destino otro país,2020,48.3743061062649,Porcentaje
09,Ciudad de México,006,Iztacalco,6200205256,Población de 5 años y más con religión no especificada,2020,534,Personas
09,Ciudad de México,006,Iztacalco,6200205257,Población de 5 años y más católica,2020,292416,Personas
09,Ciudad de México,006,Iztacalco,6200205258,Promedio de hijos nacidos vivos de las mujeres de 12 años y más solteras,2020,0.361837142223208,Promedio
09,Ciudad de México,006,Iztacalco,6200205259,Población nacida en otro país residente en México,2020,2164,Personas
09,Ciudad de México,006,Iztacalco,6200205260,Población con limitación en la actividad para escuchar,2020,12837,Personas
09,Ciudad de México,006,Iztacalco,6200205261,Población con limitación en la actividad para hablar o comunicarse,2020,2664,Personas
09,Ciudad de México,006,Iztacalco,6200205263,Población con limitación en la actividad para caminar o moverse,2020,18646,Personas
09,Ciudad de México,006,Iztacalco,6200205264,Porcentaje de la población migrante internacional destino no especificado,2020,9.51625693893735,Porcentaje
09,Ciudad de México,006,Iztacalco,6200205265,Promedio de hijos nacidos vivos de las mujeres de 12 años y más que no especificó estado conyugal,2020,2.625,Promedio
09,Ciudad de México,006,Iztacalco,6200205266,Promedio de hijos nacidos vivos de las mujeres de 12 años y más casada civil y religiosamente,2020,2.49344303637854,Promedio
09,Ciudad de México,006,Iztacalco,6200205267,Promedio de hijos nacidos vivos de las mujeres de 12 años y más separadas,2020,2.23178165696869,Promedio
09,Ciudad de México,006,Iztacalco,6200205268,Población nacida en otro país residente en México hombres,2020,1080,Personas
09,Ciudad de México,006,Iztacalco,6200205269,Población con limitación en la actividad para atender el cuidado personal,2020,2520,Personas
09,Ciudad de México,006,Iztacalco,6200205270,Población con limitación en la actividad para poner atención o aprender,2020,11286,Personas
09,Ciudad de México,006,Iztacalco,6200205271,Población con limitación en la actividad,2020,54311,Personas
09,Ciudad de México,006,Iztacalco,6200205272,Porcentaje de población nacida en otro país residente en México,2020,0.534723680796649,Porcentaje
09,Ciudad de México,006,Iztacalco,6200205273,Población de 5 años y más con religión distinta de católica,2020,51307,Personas
09,Ciudad de México,006,Iztacalco,6200205274,Porcentaje de población masculina nacida en otro país residente en México,2020,0.561470637165197,Porcentaje
09,Ciudad de México,006,Iztacalco,6200205275,Promedio de hijos nacidos vivos de las mujeres de 12 años y más divorciadas,2020,2.09251279288985,Promedio
09,Ciudad de México,006,Iztacalco,6200205276,Promedio de hijos nacidos vivos de las mujeres de 12 años y más en unión libre,2020,1.70865544397081,Promedio
09,Ciudad de México,006,Iztacalco,6200205277,Población de 5 años y más emigrante,2020,33465,Personas
09,Ciudad de México,006,Iztacalco,6200205279,Promedio de hijos nacidos vivos de las mujeres de 12 años y más casada sólo por lo civil,2020,2.0612941686538,Promedio
09,Ciudad de México,006,Iztacalco,6200205280,Población con limitación en la actividad para ver,2020,33706,Personas
09,Ciudad de México,006,Iztacalco,6200205282,Porcentaje de población femenina nacida en otro país residente en México,2020,0.510494812638043,Porcentaje
09,Ciudad de México,006,Iztacalco,6200205283,Promedio de hijos nacidos vivos de las mujeres de 12 años y más viudas,2020,4.05299196189342,Promedio
09,Ciudad de México,006,Iztacalco,6200205284,Población nacida en otro país residente en México mujeres,2020,1084,Personas
09,Ciudad de México,006,Iztacalco,6200205285,Porcentaje de la población migrante internacional destino Estados Unidos de América,2020,42.1094369547978,Porcentaje
09,Ciudad de México,006,Iztacalco,6200205286,Población con limitación en la actividad mental,2020,6345,Personas
09,Ciudad de México,006,Iztacalco,6200205288,Índice de masculinidad de la población nacida en otro país residente en México,2020,99.6309963099631,Índice
09,Ciudad de México,006,Iztacalco,6200205289,Población de 5 años y más sin religión,2020,39794,Personas
09,Ciudad de México,006,Iztacalco,6200240300,Porcentaje de hombres de 0 a 4 años,2020,2.57739476956469,Porcentaje
09,Ciudad de México,006,Iztacalco,6200240301,Población católica,2020,307.375,Miles DE personas
09,Ciudad de México,006,Iztacalco,6200240302,Porcentaje de la población de 60 a 84 años con limitación en la actividad,2020,32.3025163609549,Porcentaje
09,Ciudad de México,006,Iztacalco,6200240304,Tasa de monolingüismo de la población de 5 años y más hablante de Tojolabal,2020,0,Porcentaje
09,Ciudad de México,006,Iztacalco,6200240305,Porcentaje de la población que profesa la religión católica,2020,75.9522603442098,Porcentaje
09,Ciudad de México,006,Iztacalco,6200240310,Porcentaje de mujeres de 75 a 79 años,2020,1.21305161464166,Porcentaje
09,Ciudad de México,006,Iztacalco,6200240311,Porcentaje de hombres de 10 a 14 años,2020,3.18898834906815,Porcentaje
09,Ciudad de México,006,Iztacalco,6200240312,Porcentaje de mujeres de 5 a 9 años,2020,2.84166054825879,Porcentaje
09,Ciudad de México,006,Iztacalco,6200240314,Porcentaje de la población de 15 años y más con instrucción media superior,2020,30.3644038722573,Porcentaje
09,Ciudad de México,006,Iztacalco,6200240315,Porcentaje de la población con limitación mental,2020,1.61454489936131,Porcentaje
09,Ciudad de México,006,Iztacalco,6200240316,Tasa de monolingüismo de la población de 5 años y más hablante de Maya,2020,0,Porcentaje
09,Ciudad de México,006,Iztacalco,6200240318,Población de 5 años y más hablante de Tzeltal  (Tseltal),2020,173,Personas
09,Ciudad de México,006,Iztacalco,6200240319,Tasa de monolingüismo de la población de 5 años y más hablante de Mazateco,2020,1.08527131782945,Porcentaje
09,Ciudad de México,006,Iztacalco,6200240320,Población de 5 años y más hablante de Lenguas chinantecas,2020,104,Personas
09,Ciudad de México,006,Iztacalco,6200240323,Porcentaje de la población derechohabiente en el Seguro popular,2020,14.719904243092,Porcentaje
09,Ciudad de México,006,Iztacalco,6200240325,Tasa de monolingüismo de la población de 5 años y más hablante de Náhuatl,2020,0.69384215091066,Porcentaje
09,Ciudad de México,006,Iztacalco,6200240326,Población de 5 años y más hablante de Lenguas zapotecas,2020,377,Personas
09,Ciudad de México,006,Iztacalco,6200240328,Porcentaje de mujeres de 55 a 59 años,2020,3.29677121109867,Porcentaje
09,Ciudad de México,006,Iztacalco,6200240330,Porcentaje de hombres de 75 a 79 años,2020,0.862262896244163,Porcentaje
09,Ciudad de México,006,Iztacalco,6200240331,Población de 5 años y más hablante de Maya,2020,50,Personas
09,Ciudad de México,006,Iztacalco,6200240332,Población de 5 años y más hablante de Otomí,2020,300,Personas
09,Ciudad de México,006,Iztacalco,6200240334,Población de 5 años y más hablante de Tojolabal,2020,0,Personas
09,Ciudad de México,006,Iztacalco,6200240341,Porcentaje de mujeres de 40 a 44 años,2020,3.76597275269025,Porcentaje
09,Ciudad de México,006,Iztacalco,6200240342,Porcentaje de mujeres de 70 a 74 años,2020,1.78187814109172,Porcentaje
09,Ciudad de México,006,Iztacalco,6200240343,Porcentaje de hombres de 15 a 19 años,2020,3.52618060551225,Porcentaje
09,Ciudad de México,006,Iztacalco,6200240344,Porcentaje de mujeres de 85 años y más,2020,0.912693409671287,Porcentaje
09,Ciudad de México,006,Iztacalco,6200240345,Población de 5 años y más hablante de Mixe,2020,86,Personas
09,Ciudad de México,006,Iztacalco,6200240354,Porcentaje de mujeres de 10 a 14 años,2020,3.13213041726306,Porcentaje
09,Ciudad de México,006,Iztacalco,6200240356,Porcentaje de mujeres de 20 a 24 años,2020,3.78055804824025,Porcentaje
09,Ciudad de México,006,Iztacalco,6200240357,Porcentaje de hombres de 35 a 39 años,2020,3.58130807852328,Porcentaje
09,Ciudad de México,006,Iztacalco,6200240358,Porcentaje de la población de 0 a 14 años con limitación en la actividad,2020,4.64133194829178,Porcentaje
09,Ciudad de México,006,Iztacalco,6200240361,Población de 5 años y más hablante de Mazahua,2020,349,Personas
09,Ciudad de México,006,Iztacalco,6200240364,Tasa de monolingüismo de la población de 5 años y más hablante de Chatino,2020,0,Porcentaje
09,Ciudad de México,006,Iztacalco,6200240365,Porcentaje de la población de 15 años y más con instrucción superior,2020,33.9440044152086,Porcentaje
09,Ciudad de México,006,Iztacalco,6200240366,Tasa de monolingüismo de la población de 5 años y más hablante de Lenguas mixtecas,2020,1.39130434782608,Porcentaje
09,Ciudad de México,006,Iztacalco,6200240367,Porcentaje de la población con limitación para hablar o comunicarse,2020,4.63727936419924,Porcentaje
09,Ciudad de México,006,Iztacalco,6200240368,Porcentaje de la población de 15 años y más con instrucción no especificada,2020,0.191524589430349,Porcentaje
09,Ciudad de México,006,Iztacalco,6200240377,Porcentaje de mujeres de 45 a 49 años,2020,3.95582880323942,Porcentaje
09,Ciudad de México,006,Iztacalco,6200240378,Porcentaje de mujeres de 0 a 4 años,2020,2.4819723274918,Porcentaje
09,Ciudad de México,006,Iztacalco,6200240379,Porcentaje de mujeres de 80 a 84 años,2020,0.932964498401798,Porcentaje
09,Ciudad de México,006,Iztacalco,6200240381,Tasa de monolingüismo de la población de 5 años y más hablante de Tzotzil (Tsotsil),2020,0,Porcentaje
09,Ciudad de México,006,Iztacalco,6200240384,Porcentaje de mujeres de 15 a 19 años,2020,3.33607734656393,Porcentaje
09,Ciudad de México,006,Iztacalco,6200240386,Población de 5 años y más hablante de Lenguas mixtecas,2020,575,Personas
09,Ciudad de México,006,Iztacalco,6200240388,Porcentaje de hombres de 65 a 69 años,2020,1.75443800878579,Porcentaje
09,Ciudad de México,006,Iztacalco,6200240389,Tasa de crecimiento promedio anual de las viviendas particulares habitadas,2020,1.23900836957453,Tasa
09,Ciudad de México,006,Iztacalco,6200240390,Porcentaje de la población con discapacidad por accidente,2020,10.7421476126292,Porcentaje
09,Ciudad de México,006,Iztacalco,6200240395,"Viviendas, de cada cien que cuentan con electricidad, agua y drenaje",2020,99.7609405839515,Porcentaje
09,Ciudad de México,006,Iztacalco,6200240396,Porcentaje de la población de 30 a 59 años con limitación en la actividad,2020,12.6668618771208,Porcentaje
09,Ciudad de México,006,Iztacalco,6200240397,Tasa de monolingüismo de la población de 5 años y más hablante de Chol (Ch''ol),2020,0,Porcentaje
09,Ciudad de México,006,Iztacalco,6200240398,Tasa de monolingüismo de la población de 5 años y más hablante de Totonaca (Totonaco),2020,0.76923076923076,Porcentaje
09,Ciudad de México,006,Iztacalco,6200240407,Índice de envejecimiento,2020,102.301188827331,Porcentaje
09,Ciudad de México,006,Iztacalco,6200240410,Porcentaje de hombres de 60 a 64 años,2020,2.38803313581382,Porcentaje
09,Ciudad de México,006,Iztacalco,6200240411,Porcentaje de hombres de 85 años y más,2020,0.5243290146026,Porcentaje
09,Ciudad de México,006,Iztacalco,6200240413,Tasa de monolingüismo de la población de 5 años y más hablante de Huasteco,2020,0,Porcentaje
09,Ciudad de México,006,Iztacalco,6200240414,"Porcentaje de la población derechohabiente en PEMEX, SDN o SM",2020,0.887179591808976,Porcentaje
09,Ciudad de México,006,Iztacalco,6200240416,Porcentaje de la población usuaria de servicios de salud en instituciones de servicios médicos privados,2020,2.91181251232666,Porcentaje
09,Ciudad de México,006,Iztacalco,6200240421,Porcentaje de la población derechohabiente en el ISSSTE,2020,19.6991954515469,Porcentaje
09,Ciudad de México,006,Iztacalco,6200240423,Porcentaje de hombres de 40 a 44 años,2020,3.34077430614783,Porcentaje
09,Ciudad de México,006,Iztacalco,6200240424,Tasa de monolingüismo de la población de 5 años y más hablante de Mixe,2020,1.16279069767441,Porcentaje
09,Ciudad de México,006,Iztacalco,6200240425,Porcentaje de hombres de 70 a 74 años,2020,1.28350600840014,Porcentaje
09,Ciudad de México,006,Iztacalco,6200240426,Porcentaje de mujeres de 60 a 64 años,2020,3.00926784288423,Porcentaje
09,Ciudad de México,006,Iztacalco,6200240427,Porcentaje de mujeres de 65 a 69 años,2020,2.27308123020788,Porcentaje
09,Ciudad de México,006,Iztacalco,6200240428,Tasa de monolingüismo de la población de 5 años y más hablante de Otomí,2020,0.66666666666666,Porcentaje
09,Ciudad de México,006,Iztacalco,6200240430,Porcentaje de la población con limitación para caminar y moverse,2020,34.3319032976745,Porcentaje
09,Ciudad de México,006,Iztacalco,6200240431,Población de 5 años y más hablante de Purépecha (Tarasco),2020,62,Personas
09,Ciudad de México,006,Iztacalco,6200240432,Tasa de monolingüismo de la población de 5 años y más hablante de Zoque,2020,0,Porcentaje
09,Ciudad de México,006,Iztacalco,6200240433,Tasa de monolingüismo de la población de 5 años y más hablante de Lenguas zapotecas,2020,0,Porcentaje
09,Ciudad de México,006,Iztacalco,6200240434,Población de 5 años y más hablante de Chatino,2020,0,Personas
09,Ciudad de México,006,Iztacalco,6200240435,Porcentaje de la población con limitación para atender el cuidado personal,2020,4.63994402607207,Porcentaje
09,Ciudad de México,006,Iztacalco,6200240443,Porcentaje de mujeres de 35 a 39 años,2020,3.86139519476314,Porcentaje
09,Ciudad de México,006,Iztacalco,6200240444,Porcentaje de hombres de 55 a 59 años,2020,2.78579145005031,Porcentaje
09,Ciudad de México,006,Iztacalco,6200240445,Porcentaje de hombres de 5 a 9 años,2020,2.91236215041642,Porcentaje
09,Ciudad de México,006,Iztacalco,6200240447,Porcentaje de la población de 15 años y más sin instrucción,2020,1.60498799242255,Porcentaje
09,Ciudad de México,006,Iztacalco,6200240449,Tasa de monolingüismo de la población de 5 años y más hablante de lengua indígena,2020,0.84417065936573,Porcentaje
09,Ciudad de México,006,Iztacalco,6200240450,Porcentaje de la población con limitación para ver,2020,62.0610925963433,Porcentaje
09,Ciudad de México,006,Iztacalco,6200240451,Población de 5 años y más hablante de Tarahumara,2020,3,Personas
09,Ciudad de México,006,Iztacalco,6200240452,Población de 5 años y más hablante de Chol (Ch''ol),2020,7,Personas
09,Ciudad de México,006,Iztacalco,6200240453,Población de 5 años y más hablante de Totonaca (Totonaco),2020,130,Personas
09,Ciudad de México,006,Iztacalco,6200240454,Tasa de monolingüismo de la población de 5 años y más hablante de Mazahua,2020,1.14613180515759,Porcentaje
09,Ciudad de México,006,Iztacalco,6200240458,Porcentaje de la población con discapacidad por edad avanzada,2020,27.2311399746763,Porcentaje
09,Ciudad de México,006,Iztacalco,6200240459,Porcentaje de la población con discapacidad por nacimiento,2020,14.5080259772087,Porcentaje
09,Ciudad de México,006,Iztacalco,6200240466,Población de 5 años y más hablante de Tlapaneco,2020,47,Personas
09,Ciudad de México,006,Iztacalco,6200240471,Porcentaje de la población derechohabiente en el IMSS,2020,62.3854895639932,Porcentaje
09,Ciudad de México,006,Iztacalco,6200240475,Porcentaje de hombres de 80 a 84 años,2020,0.593300157966167,Porcentaje
09,Ciudad de México,006,Iztacalco,6200240477,Porcentaje de la población de 85 y más con limitación en la actividad,2020,32.3757096163771,Porcentaje
09,Ciudad de México,006,Iztacalco,6200240478,Porcentaje de la población con limitación para escuchar,2020,23.6360958185266,Porcentaje
09,Ciudad de México,006,Iztacalco,6200240479,Porcentaje de la población con limitación para poner atención o aprender,2020,20.780320745337,Porcentaje
09,Ciudad de México,006,Iztacalco,6200240480,Población de 5 años y más hablante de Huasteco,2020,19,Personas
09,Ciudad de México,006,Iztacalco,6200240481,Población de 5 años y más hablante de Tzotzil (Tsotsil),2020,32,Personas
09,Ciudad de México,006,Iztacalco,6200240486,Porcentaje de hombres de 25 a 29 años,2020,3.84977640000297,Porcentaje
09,Ciudad de México,006,Iztacalco,6200240488,Porcentaje de la población de 15 a 29 años con limitación en la actividad,2020,6.79374660201715,Porcentaje
09,Ciudad de México,006,Iztacalco,6200240493,Porcentaje de la población de 5 años y más hablante de lengua indígena,2020,1.1412546771132,Porcentaje
09,Ciudad de México,006,Iztacalco,6200240495,Porcentaje de la población con discapacidad por otra causa,2020,10.6686272107176,Porcentaje
09,Ciudad de México,006,Iztacalco,6200240496,Población de 5 años y más hablante de Náhuatl,2020,1153,Personas
09,Ciudad de México,006,Iztacalco,6200240497,Población no católica,2020,34374,Miles DE personas
09,Ciudad de México,006,Iztacalco,6200240499,Porcentaje de la población que profesa la religión protestante y evangélica,2020,8.01492481992612,Porcentaje
09,Ciudad de México,006,Iztacalco,6200240507,Porcentaje de mujeres de 50 a 54 años,2020,3.88413836748517,Porcentaje
09,Ciudad de México,006,Iztacalco,6200240509,Tasa de monolingüismo de la población de 5 años y más hablante de Tarahumara,2020,0,Porcentaje
09,Ciudad de México,006,Iztacalco,6200240518,Porcentaje de hombres de 30 a 34 años,2020,3.82728043568008,Porcentaje
09,Ciudad de México,006,Iztacalco,6200240520,Porcentaje de hombres de 20 a 24 años,2020,3.79415451019364,Porcentaje
09,Ciudad de México,006,Iztacalco,6200240521,Población de 5 años y más hablante de Zoque,2020,2,Personas
09,Ciudad de México,006,Iztacalco,6200240522,Tasa de monolingüismo de la población de 5 años y más hablante de Purépecha (Tarasco),2020,0,Porcentaje
09,Ciudad de México,006,Iztacalco,6200240532,Porcentaje de hombres de 45 a 49 años,2020,3.47921100967326,Porcentaje
09,Ciudad de México,006,Iztacalco,6200240533,Porcentaje de hombres de 50 a 54 años,2020,3.26018436802409,Porcentaje
09,Ciudad de México,006,Iztacalco,6200240534,Tasa de monolingüismo de la población de 5 años y más hablante de Resto de lenguas,2020,1.48698884758364,Porcentaje
09,Ciudad de México,006,Iztacalco,6200240535,Población de 5 años y más hablante de Mazateco,2020,645,Personas
09,Ciudad de México,006,Iztacalco,6200240536,Tasa de monolingüismo de la población de 5 años y más hablante de Tlapaneco,2020,0,Porcentaje
09,Ciudad de México,006,Iztacalco,6200240537,Tasa de monolingüismo de la población de 5 años y más hablante de Tzeltal (Tseltal),2020,0.57803468208092,Porcentaje
09,Ciudad de México,006,Iztacalco,6200240538,Población de 5 años y más hablante del Resto de lenguas,2020,269,Personas
09,Ciudad de México,006,Iztacalco,6200240539,Tasa de monolingüismo de la población de 5 años y más hablante de Lenguas chinantecas,2020,0.96153846153846,Porcentaje
09,Ciudad de México,006,Iztacalco,6200240540,Porcentaje de la población con discapacidad por enfermedad,2020,43.1850671894784,Porcentaje
09,Ciudad de México,006,Iztacalco,6200240548,Porcentaje de mujeres de 25 a 29 años,2020,3.99340447991061,Porcentaje
09,Ciudad de México,006,Iztacalco,6200240549,Porcentaje de mujeres de 30 a 34 años,2020,4.01787811142671,Porcentaje
09,Ciudad de México,006,Iztacalco,6205370864,Porcentaje de población que se considera afrodescendiente,2020,1.71511879316522,Porcentaje
09,Ciudad de México,006,Iztacalco,6207019007,Porcentaje de la población de 12 años y más viuda,2020,6.13372723021296,Porcentaje
09,Ciudad de México,006,Iztacalco,6207019009,Porcentaje de la población de 12 años y más casada,2020,29.456433712402,Porcentaje
09,Ciudad de México,006,Iztacalco,6207019010,Porcentaje de población de 25 años y más alfabeta,2020,98.5036397463919,Porcentaje
09,Ciudad de México,006,Iztacalco,6207019011,Porcentaje de la población de 12 años y más soltera,2020,38.4300395797926,Porcentaje
09,Ciudad de México,006,Iztacalco,6207019012,Porcentaje de la población de 12 años y más separada,2020,6.60423629250265,Porcentaje
09,Ciudad de México,006,Iztacalco,6207019016,Porcentaje de la población de 12 años y más divorciada,2020,3.43927866683396,Porcentaje
09,Ciudad de México,006,Iztacalco,6207019017,Porcentaje de población afiliada a otra institución,2020,0.914723304701474,Porcentaje
09,Ciudad de México,006,Iztacalco,6207019018,Porcentaje de población afiliada a servicios de salud,2020,72.6665760634552,Porcentaje
09,Ciudad de México,006,Iztacalco,6207019019,Porcentaje de la población de 12 años y más en unión libre,2020,15.8595772832522,Porcentaje
09,Ciudad de México,006,Iztacalco,6207019020,Porcentaje de población de 15 años y más sin escolaridad,2020,1.4576154890291,Porcentaje
09,Ciudad de México,006,Iztacalco,6207019022,Porcentaje de viviendas particulares habitadas propias,2020,56.3807648801043,Porcentaje
09,Ciudad de México,006,Iztacalco,6207019023,Porcentaje de hijos fallecidos de las mujeres de 15 a 49 años,2020,2.87996861458352,Porcentaje
09,Ciudad de México,006,Iztacalco,6207019024,Porcentaje de la población de 3 a 5 años que asiste a la escuela,2020,76.7285365673297,Porcentaje
09,Ciudad de México,006,Iztacalco,6207019026,Porcentaje de la población de 6 a 11 años que asiste a la escuela,2020,96.1400826876976,Porcentaje
09,Ciudad de México,006,Iztacalco,6207019028,Porcentaje de la población de 12 a 14 años que asiste a la escuela,2020,94.6572776019123,Porcentaje
09,Ciudad de México,006,Iztacalco,6207019029,Porcentaje de la población de 15 a 24 años que asiste a la escuela,2020,57.7054794520548,Porcentaje
09,Ciudad de México,006,Iztacalco,6207019030,Porcentaje de población de 12 años y más económicamente activa,2020,64.1360883302346,Porcentaje
09,Ciudad de México,006,Iztacalco,6207019031,Porcentaje de población de 15 años y más con escolaridad básica,2020,34.0424516340747,Porcentaje
09,Ciudad de México,006,Iztacalco,6207019034,Porcentaje de población de 3 años y más hablante de lengua indígena,2020,1.12267487722334,Porcentaje
09,Ciudad de México,006,Iztacalco,6207019035,Porcentaje de la población de 12 años y más No Económicamente Activa,2020,35.6805557139761,Porcentaje
09,Ciudad de México,006,Iztacalco,6207019036,Promedio de hijos nacidos vivos de las mujeres de 15 a 49 años EI2015,2020,1.03930798669348,Promedio
09,Ciudad de México,006,Iztacalco,6207019039,Porcentaje de la población de 12 años y más económicamente activa ocupada,2020,97.5501856256808,Porcentaje
09,Ciudad de México,006,Iztacalco,6207019040,Porcentaje de la población femenina de 12 años y más económicamente activa,2020,45.7732921325834,Porcentaje
09,Ciudad de México,006,Iztacalco,6207019042,Porcentaje de viviendas particulares habitadas que disponen de Internet,2020,77.4509970734363,Porcentaje
09,Ciudad de México,006,Iztacalco,6207019043,Porcentaje de la población masculina de 12 años y más económicamente activa,2020,54.2267078674166,Porcentaje
09,Ciudad de México,006,Iztacalco,6207019046,Porcentaje de viviendas particulares habitadas que disponen de computadora,2020,61.5718369291499,Porcentaje
09,Ciudad de México,006,Iztacalco,6207019047,Porcentaje de la población de 12 años y más no económicamente activa que estudia,2020,36.1819286159551,Porcentaje
09,Ciudad de México,006,Iztacalco,6207019050,Porcentaje de viviendas particulares habitadas que disponen de teléfono fijo,2020,70.0146328183489,Porcentaje
09,Ciudad de México,006,Iztacalco,6207019051,Porcentaje de la población de 12 años y más sin especificar su situación conyugal,2020,0.076707235003593,Porcentaje
09,Ciudad de México,006,Iztacalco,6207019054,Porcentaje de la población femenina de 12 años y más económicamente activa ocupada,2020,98.0077901137434,Porcentaje
09,Ciudad de México,006,Iztacalco,6207019055,Porcentaje de viviendas particulares habitadas que disponen de teléfono celular,2020,92.4819642006398,Porcentaje
09,Ciudad de México,006,Iztacalco,6207019056,Porcentaje de la población masculina de 12 años y más económicamente activa ocupada,2020,97.1639172214752,Porcentaje
09,Ciudad de México,006,Iztacalco,6207019057,Porcentaje de viviendas particulares habitadas que disponen de televisión de paga,2020,45.915572041108,Porcentaje
09,Ciudad de México,006,Iztacalco,6207019058,Porcentaje de población de 3 años y más hablante de lengua indígena que no habla español,2020,0.838621940163191,Porcentaje
09,Ciudad de México,006,Iztacalco,6207019059,Porcentaje de población de 12 años con condición de actividad económica no especificada,2020,0.183355955789258,Porcentaje
09,Ciudad de México,006,Iztacalco,6207019060,Porcentaje de la población de 12 años y más no económicamente activa que es pensionada o jubilada,2020,18.271981842303,Porcentaje
09,Ciudad de México,006,Iztacalco,6207019063,Porcentaje de superficie en el ámbito geográfico de referencia respecto a la unidad geográfica superior,2020,1.54555451836603,Porcentaje
09,Ciudad de México,006,Iztacalco,6207019064,Porcentaje de la población de 12 años y más no económicamente activa que se dedica a los quehaceres del hogar,2020,34.3349903297476,Porcentaje
09,Ciudad de México,006,Iztacalco,6207019065,Porcentaje de la población de 12 años y más no económicamente activa que realiza otras actividades no económicas,2020,8.18854594568675,Porcentaje
09,Ciudad de México,006,Iztacalco,6207019070,Porcentaje de la población de 12 años y más no económicamente activa con alguna limitación física o mental que les impide trabajar,2020,3.02255326630756,Porcentaje
09,Ciudad de México,006,Iztacalco,6207020032,Porcentaje de hombres,2020,47.530115271995,Porcentaje
09,Ciudad de México,006,Iztacalco,6207020033,Porcentaje de mujeres,2020,52.469884728005,Porcentaje
09,Ciudad de México,006,Iztacalco,6207020035,Promedio de ocupantes por cuarto (Índice de hacinamiento),2020,0.820576972796248,Promedio
09,Ciudad de México,006,Iztacalco,6207049066,Población de 6 a 14 años que sabe leer y escribir,2020,41293,Porcentaje
09,Ciudad de México,006,Iztacalco,6207049067,Población de 6 a 14 años que no sabe leer y escribir,2020,2685,Porcentaje
09,Ciudad de México,006,Iztacalco,6207049068,Porcentaje de la población de 3 años y más que asiste a la escuela,2020,24.8907096872694,Porcentaje
09,Ciudad de México,006,Iztacalco,6207049069,Porcentaje de la población de 3 años y más que no asiste a la escuela,2020,75.0291356014148,Porcentaje
09,Ciudad de México,006,Iztacalco,6207049070,Población de 6 a 14 años que no especificó si sabe o no leer y escribir,2020,284,Porcentaje
09,Ciudad de México,006,Iztacalco,6207049071,Porcentaje de la población de 3 años y más que no especificó si asiste o no a la escuela,2020,0.0801547113158096,Porcentaje
09,Ciudad de México,006,Iztacalco,6207051593,Porcentaje de población de 6 a 14 años que no asiste a la escuela,2020,4.308436,Porcentaje
09,Ciudad de México,006,Iztacalco,6207068394,Porcentaje de viviendas con agua entubada dentro de la vivienda,2020,93.8108282855782,Porcentaje
09,Ciudad de México,006,Iztacalco,6207129629,Porcentaje de la población nacional/estatal que representa,2020,4.39410923671197,Porcentaje
09,Ciudad de México,006,Iztacalco,6207129630,Promedio de ocupantes por dormitorio,2020,1.59224792729025,Promedio
09,Ciudad de México,006,Iztacalco,6207129631,Porcentaje de viviendas particulares habitadas que disponen de tinaco,2020,84.5223916150548,Porcentaje
09,Ciudad de México,006,Iztacalco,6207129632,Porcentaje de viviendas particulares habitadas que disponen de cisterna o aljibe,2020,69.2030218471381,Porcentaje
09,Ciudad de México,006,Iztacalco,6207129635,Porcentaje de viviendas particulares habitadas que disponen de Automóvil o camioneta,2020,45.3421697406928,Porcentaje
09,Ciudad de México,006,Iztacalco,6207129636,Porcentaje de viviendas particulares habitadas que disponen de motocicleta o motoneta,2020,7.35979718233172,Porcentaje
09,Ciudad de México,006,Iztacalco,6207129637,Porcentaje de viviendas particulares habitadas que disponen de bicicleta como medio de transporte,2020,22.9360920166065,Porcentaje
09,Ciudad de México,006,Iztacalco,6207129638,Porcentaje de la población con algún tipo de  discapacidad,2020,6.0408455750627,Porcentaje
09,Ciudad de México,006,Iztacalco,6207129639,Porcentaje de la población entre 0 y 17 años con algún tipo de  discapacidad,2020,2.08313839243941,Porcentaje
09,Ciudad de México,006,Iztacalco,6207129640,Porcentaje de la población entre 18 y 29 años con algún tipo de  discapacidad,2020,2.11784753120647,Porcentaje
09,Ciudad de México,006,Iztacalco,6207129641,Porcentaje de la población entre 30 y 59 años con algún tipo de  discapacidad,2020,3.91339545618961,Porcentaje
09,Ciudad de México,006,Iztacalco,6207129642,Porcentaje de la población de 60 años y más con algún tipo de  discapacidad,2020,20.1446965743862,Porcentaje
09,Ciudad de México,006,Iztacalco,6207129643,Porcentaje de la población de 5 y más años migrante según causa: Trabajo,2020,19.6064369926279,Porcentaje
09,Ciudad de México,006,Iztacalco,6207129644,Porcentaje de la población de 5 y más años migrante según causa: Familiar,2020,44.0520925963111,Porcentaje
09,Ciudad de México,006,Iztacalco,6207129645,Porcentaje de la población de 5 y más años migrante según causa: Educativa,2020,5.88910243538625,Porcentaje
09,Ciudad de México,006,Iztacalco,6207129646,Porcentaje de la población de 5 y más años migrante según causa: Inseguridad delictiva o violencia,2020,4.51794268666992,Porcentaje
09,Ciudad de México,006,Iztacalco,6207129647,Porcentaje de la población de 5 y más años migrante según causa: Otra causa,2020,23.3613493588824,Porcentaje
09,Ciudad de México,006,Iztacalco,6207129648,Promedio de hijos nacidos vivos por grupo de edad: 15-19,2020,0.0478806324697498,Promedio
09,Ciudad de México,006,Iztacalco,6207129649,Promedio de hijos nacidos vivos por grupo de edad: 20-24,2020,0.325211239929259,Promedio
09,Ciudad de México,006,Iztacalco,6207129650,Promedio de hijos nacidos vivos por grupo de edad: 25-29,2020,0.712019826517968,Promedio
09,Ciudad de México,006,Iztacalco,6207129651,Promedio de hijos nacidos vivos por grupo de edad: 30-34,2020,1.10496488850561,Promedio
09,Ciudad de México,006,Iztacalco,6207129652,Promedio de hijos nacidos vivos por grupo de edad: 35-39,2020,1.43595332734966,Promedio
09,Ciudad de México,006,Iztacalco,6207129653,Promedio de hijos nacidos vivos por grupo de edad: 40-44,2020,1.68381290237814,Promedio
09,Ciudad de México,006,Iztacalco,6207129654,Promedio de hijos nacidos vivos por grupo de edad: 45-49,2020,1.81983109164842,Promedio
09,Ciudad de México,006,Iztacalco,6207129812,Porcentaje de viviendas particulares habitadas que disponen de refrigerador,2020,95.0401551759341,Porcentaje
09,Ciudad de México,006,Iztacalco,6207129813,Porcentaje de viviendas particulares habitadas que disponen de lavadora,2020,83.3568706186619,Porcentaje
09,Ciudad de México,006,Iztacalco,6207129818,Porcentaje de la población derechohabiente en Instituto de Salud para el Bienestar (IMSS-PROSPERA o IMSS-BIENESTAR),2020,0.585218887506036,Porcentaje
09,Ciudad de México,006,Iztacalco,6207129822,Ubicación geográfica con la mayor cantidad de pobladores. Primer lugar,2020,90060001,No aplica
09,Ciudad de México,006,Iztacalco,6207129825,Población de la ubicación geográfica con la mayor cantidad de pobladores. Primer lugar,2020,404695,Personas
09,Ciudad de México,006,Iztacalco,6207129828,Lengua indígena más frecuente. Descripción. Primer lugar,2020,211,No aplica
09,Ciudad de México,006,Iztacalco,6207129830,Lengua indígena más frecuente. Porcentaje. Primer lugar,2020,26.7267267267267,Porcentaje
09,Ciudad de México,006,Iztacalco,6207129840,Total de áreas geográficas,2020,1,Municipios
09,Ciudad de México,007,Iztapalapa,1001000001,Superficie continental,2020,113.16475811,Kilómetros cuadrados
09,Ciudad de México,007,Iztapalapa,1002000001,Población total,2020,1835486,Personas
09,Ciudad de México,007,Iztapalapa,1002000002,Población total hombres,2020,887651,Personas
09,Ciudad de México,007,Iztapalapa,1002000003,Población total mujeres,2020,947835,Personas
09,Ciudad de México,007,Iztapalapa,1002000004,Porcentaje de población de 15 a 29 años,2020,24.2779785852582,Porcentaje
09,Ciudad de México,007,Iztapalapa,1002000005,Porcentaje de hombres de 15 a 29 años,2020,25.2895918220171,Porcentaje
09,Ciudad de México,007,Iztapalapa,1002000006,Porcentaje de mujeres de 15 a 29 años,2020,23.3306072485714,Porcentaje
09,Ciudad de México,007,Iztapalapa,1002000007,Porcentaje de población de 60 y más años,2020,14.2807086951001,Porcentaje
09,Ciudad de México,007,Iztapalapa,1002000008,Porcentaje de hombres de 60 y más años,2020,12.9916300075722,Porcentaje
09,Ciudad de México,007,Iztapalapa,1002000009,Porcentaje de mujeres de 60 y más años,2020,15.4879252032692,Porcentaje
09,Ciudad de México,007,Iztapalapa,1002000010,Edad mediana,2020,33,Años
09,Ciudad de México,007,Iztapalapa,1002000011,Edad mediana hombres,2020,32,Años
09,Ciudad de México,007,Iztapalapa,1002000012,Edad mediana mujeres,2020,34,Años
09,Ciudad de México,007,Iztapalapa,1002000013,Promedio de hijos nacidos vivos de las mujeres de 12 años y más,2020,1.79950300648866,Promedio
09,Ciudad de México,007,Iztapalapa,1002000014,Población en hogares censales,2020,1820809,Personas
09,Ciudad de México,007,Iztapalapa,1002000015,Población en hogares familiares,2020,1756405,Personas
09,Ciudad de México,007,Iztapalapa,1002000016,Población en hogares no familiares,2020,64033,Personas
09,Ciudad de México,007,Iztapalapa,1002000018,Hogares censales,2020,504365,Hogares
09,Ciudad de México,007,Iztapalapa,1002000019,Hogares con jefatura masculina,2020,311336,Hogares
09,Ciudad de México,007,Iztapalapa,1002000020,Hogares con jefatura femenina,2020,193029,Hogares
09,Ciudad de México,007,Iztapalapa,1002000021,Tamaño promedio de los hogares censales,2020,3.61010181118833,Personas
09,Ciudad de México,007,Iztapalapa,1002000022,Tamaño promedio de los hogares con jefe hombre,2020,3.74133090937123,Personas
09,Ciudad de México,007,Iztapalapa,1002000023,Tamaño promedio de los hogares con jefe mujer,2020,3.39844272104192,Personas
09,Ciudad de México,007,Iztapalapa,1002000024,Relación hombres-mujeres,2020,93.6503716364135,Hombres por cada 100 mujeres
09,Ciudad de México,007,Iztapalapa,1002000041,Porcentaje de personas de 15 años y más alfabetas,2020,97.3556382538195,Porcentaje
09,Ciudad de México,007,Iztapalapa,1002000050,Tasa de alfabetización de las personas de 15 a 24 años,2020,99.1426617630548,Tasa
09,Ciudad de México,007,Iztapalapa,1002000055,Población de edad no especificada,2020,395,Personas
09,Ciudad de México,007,Iztapalapa,1002000056,Población de edad no especificada. Hombres,2020,195,Personas
09,Ciudad de México,007,Iztapalapa,1002000057,Población de edad no especificada. Mujeres,2020,200,Personas
09,Ciudad de México,007,Iztapalapa,1002000058,Población de 0 a 4 años,2020,103148,Personas
09,Ciudad de México,007,Iztapalapa,1002000059,Población de 0 a 4 años. Hombres,2020,52070,Personas
09,Ciudad de México,007,Iztapalapa,1002000060,Población de 0 a 4 años. Mujeres,2020,51078,Personas
09,Ciudad de México,007,Iztapalapa,1002000061,Población de 10 a 14 años,2020,136959,Personas
09,Ciudad de México,007,Iztapalapa,1002000062,Población de 10 a 14 años. Hombres,2020,69528,Personas
09,Ciudad de México,007,Iztapalapa,1002000063,Población de 10 a 14 años. Mujeres,2020,67431,Personas
09,Ciudad de México,007,Iztapalapa,1002000064,Población de 100 años y más,2020,200,Personas
09,Ciudad de México,007,Iztapalapa,1002000065,Población de 100 años y más. Hombres,2020,59,Personas
09,Ciudad de México,007,Iztapalapa,1002000066,Población de 100 años y más. Mujeres,2020,141,Personas
09,Ciudad de México,007,Iztapalapa,1002000067,Población de 15 a 19 años,2020,143193,Personas
09,Ciudad de México,007,Iztapalapa,1002000068,Población de 15 a 19 años. Hombres,2020,73108,Personas
09,Ciudad de México,007,Iztapalapa,1002000069,Población de 15 a 19 años. Mujeres,2020,70085,Personas
09,Ciudad de México,007,Iztapalapa,1002000070,Población de 20 a 24 años,2020,150740,Personas
09,Ciudad de México,007,Iztapalapa,1002000071,Población de 20 a 24 años. Hombres,2020,75828,Personas
09,Ciudad de México,007,Iztapalapa,1002000072,Población de 20 a 24 años. Mujeres,2020,74912,Personas
09,Ciudad de México,007,Iztapalapa,1002000073,Población de 25 a 29 años,2020,151590,Personas
09,Ciudad de México,007,Iztapalapa,1002000074,Población de 25 a 29 años. Hombres,2020,75498,Personas
09,Ciudad de México,007,Iztapalapa,1002000075,Población de 25 a 29 años. Mujeres,2020,76092,Personas
09,Ciudad de México,007,Iztapalapa,1002000076,Población de 30 a 34 años,2020,144870,Personas
09,Ciudad de México,007,Iztapalapa,1002000077,Población de 30 a 34 años. Hombres,2020,71308,Personas
09,Ciudad de México,007,Iztapalapa,1002000078,Población de 30 a 34 años. Mujeres,2020,73562,Personas
09,Ciudad de México,007,Iztapalapa,1002000079,Población de 35 a 39 años,2020,136930,Personas
09,Ciudad de México,007,Iztapalapa,1002000080,Población de 35 a 39 años. Hombres,2020,66445,Personas
09,Ciudad de México,007,Iztapalapa,1002000081,Población de 35 a 39 años. Mujeres,2020,70485,Personas
09,Ciudad de México,007,Iztapalapa,1002000082,Población de 40 a 44 años,2020,131513,Personas
09,Ciudad de México,007,Iztapalapa,1002000083,Población de 40 a 44 años. Hombres,2020,62646,Personas
09,Ciudad de México,007,Iztapalapa,1002000084,Población de 40 a 44 años. Mujeres,2020,68867,Personas
09,Ciudad de México,007,Iztapalapa,1002000085,Población de 45 a 49 años,2020,129385,Personas
09,Ciudad de México,007,Iztapalapa,1002000086,Población de 45 a 49 años. Hombres,2020,61013,Personas
09,Ciudad de México,007,Iztapalapa,1002000087,Población de 45 a 49 años. Mujeres,2020,68372,Personas
09,Ciudad de México,007,Iztapalapa,1002000088,Población de 5 a 9 años,2020,126728,Personas
09,Ciudad de México,007,Iztapalapa,1002000089,Población de 5 a 9 años. Hombres,2020,64449,Personas
09,Ciudad de México,007,Iztapalapa,1002000090,Población de 5 a 9 años. Mujeres,2020,62279,Personas
09,Ciudad de México,007,Iztapalapa,1002000091,Población de 50 a 54 años,2020,118681,Personas
09,Ciudad de México,007,Iztapalapa,1002000092,Población de 50 a 54 años. Hombres,2020,54898,Personas
09,Ciudad de México,007,Iztapalapa,1002000093,Población de 50 a 54 años. Mujeres,2020,63783,Personas
09,Ciudad de México,007,Iztapalapa,1002000094,Población de 55 a 59 años,2020,99290,Personas
09,Ciudad de México,007,Iztapalapa,1002000095,Población de 55 a 59 años. Hombres,2020,45370,Número de personas
09,Ciudad de México,007,Iztapalapa,1002000096,Población de 55 a 59 años. Mujeres,2020,53920,Número de personas
09,Ciudad de México,007,Iztapalapa,1002000097,Población de 60 a 64 años,2020,87752,Personas
09,Ciudad de México,007,Iztapalapa,1002000098,Población de 60 a 64 años. Hombres,2020,39606,Número de personas
09,Ciudad de México,007,Iztapalapa,1002000099,Población de 60 a 64 años. Mujeres,2020,48146,Número de personas
09,Ciudad de México,007,Iztapalapa,1002000100,Población de 65 a 69 años,2020,64935,Personas
09,Ciudad de México,007,Iztapalapa,1002000101,Población de 65 a 69 años. Hombres,2020,29058,Número de personas
09,Ciudad de México,007,Iztapalapa,1002000102,Población de 65 a 69 años. Mujeres,2020,35877,Número de personas
09,Ciudad de México,007,Iztapalapa,1002000103,Población de 70 a 74 años,2020,46866,Personas
09,Ciudad de México,007,Iztapalapa,1002000104,Población de 70 a 74 años. Hombres,2020,20815,Número de personas
09,Ciudad de México,007,Iztapalapa,1002000105,Población de 70 a 74 años. Mujeres,2020,26051,Número de personas
09,Ciudad de México,007,Iztapalapa,1002000106,Población de 75 a 79 años,2020,29463,Personas
09,Ciudad de México,007,Iztapalapa,1002000107,Población de 75 a 79 años. Hombres,2020,12994,Número de personas
09,Ciudad de México,007,Iztapalapa,1002000108,Población de 75 a 79 años. Mujeres,2020,16469,Número de personas
09,Ciudad de México,007,Iztapalapa,1002000109,Población de 80 a 84 años,2020,17848,Personas
09,Ciudad de México,007,Iztapalapa,1002000110,Población de 80 a 84 años. Hombres,2020,7309,Número de personas
09,Ciudad de México,007,Iztapalapa,1002000111,Población de 80 a 84 años. Mujeres,2020,10539,Número de personas
09,Ciudad de México,007,Iztapalapa,1002000112,Población de 85 a 89 años,2020,9780,Personas
09,Ciudad de México,007,Iztapalapa,1002000113,Población de 85 a 89 años. Hombres,2020,3715,Número de personas
09,Ciudad de México,007,Iztapalapa,1002000114,Población de 85 a 89 años. Mujeres,2020,6065,Número de personas
09,Ciudad de México,007,Iztapalapa,1002000115,Población de 90 a 94 años,2020,3883,Personas
09,Ciudad de México,007,Iztapalapa,1002000116,Población de 90 a 94 años. Hombres,2020,1313,Número de personas
09,Ciudad de México,007,Iztapalapa,1002000117,Población de 90 a 94 años. Mujeres,2020,2570,Número de personas
09,Ciudad de México,007,Iztapalapa,1002000118,Población de 95 a 99 años,2020,1337,Personas
09,Ciudad de México,007,Iztapalapa,1002000119,Población de 95 a 99 años. Hombres,2020,426,Número de personas
09,Ciudad de México,007,Iztapalapa,1002000120,Población de 95 a 99 años. Mujeres,2020,911,Número de personas
09,Ciudad de México,007,Iztapalapa,1002000127,Relación de dependencia,2020,41.8215162325417,Personas dependientes por cada 100 personas en edad de trabajar
09,Ciudad de México,007,Iztapalapa,1003000001,Total de viviendas particulares habitadas,2020,504365,Viviendas
09,Ciudad de México,007,Iztapalapa,1003000011,Viviendas particulares habitadas,2020,489238,Número de Viviendas
09,Ciudad de México,007,Iztapalapa,1003000015,Promedio de ocupantes en viviendas particulares habitadas,2020,3.61064294507764,Promedio
09,Ciudad de México,007,Iztapalapa,1003000017,Viviendas particulares habitadas que disponen de energía eléctrica,2020,503261,Viviendas
09,Ciudad de México,007,Iztapalapa,1003000018,Viviendas particulares habitadas que disponen de agua de la red pública en el ámbito de la vivienda,2020,502275,Viviendas
09,Ciudad de México,007,Iztapalapa,1003000019,Viviendas particulares habitadas que disponen de drenaje,2020,503213,Viviendas
09,Ciudad de México,007,Iztapalapa,1003000020,Viviendas particulares habitadas que disponen de excusado o sanitario,2020,502972,Viviendas
09,Ciudad de México,007,Iztapalapa,1003000023,Viviendas particulares habitadas que disponen de lavadora,2020,397599,Viviendas
09,Ciudad de México,007,Iztapalapa,1003000024,Viviendas particulares habitadas que disponen de computadora,2020,247057,Viviendas
09,Ciudad de México,007,Iztapalapa,1004000001,Población derechohabiente a servicios de salud,2020,1239534,Personas
09,Ciudad de México,007,Iztapalapa,1005000012,Población de 5 años y más que asiste a la escuela,2020,437896,Personas
09,Ciudad de México,007,Iztapalapa,1005000038,Grado promedio de escolaridad de la población de 15 y más años,2020,10.4230051518375,Años de escolaridad
09,Ciudad de México,007,Iztapalapa,1005000039,Población de 5 años y más hablante de lengua indígena,2020,28582,Personas
09,Ciudad de México,007,Iztapalapa,3104003001,Porcentaje de población inmigrante (migración reciente),2020,2.48874830051697,Porcentaje
09,Ciudad de México,007,Iztapalapa,3105001001,Densidad de población,2020,16219.5901856287,Habitantes por kilómetro cuadrado
09,Ciudad de México,007,Iztapalapa,3105004001,Porcentaje de población en localidades de menos de 2 500 habitantes,2020,0,Porcentaje
09,Ciudad de México,007,Iztapalapa,3108001001,Porcentaje de analfabetas total,2020,1.8235239631236,Porcentaje
09,Ciudad de México,007,Iztapalapa,3108001002,Porcentaje de analfabetas hombres,2020,1.189890634423,Porcentaje
09,Ciudad de México,007,Iztapalapa,3108001003,Porcentaje de analfabetas mujeres,2020,2.40308692607521,Porcentaje
09,Ciudad de México,007,Iztapalapa,3114004001,Porcentaje de viviendas con piso de tierra,2020,0.570271236249553,Porcentaje
09,Ciudad de México,007,Iztapalapa,3114006001,Porcentaje de viviendas con electricidad,2020,99.9287160954688,Porcentaje
09,Ciudad de México,007,Iztapalapa,6200031290,Porcentaje de viviendas particulares habitadas con disponibilidad de drenaje,2020,99.9191850998769,Porcentaje
09,Ciudad de México,007,Iztapalapa,6200031291,Porcentaje de viviendas particulares habitadas con disponibilidad de excusado,2020,99.8713315595092,Porcentaje
09,Ciudad de México,007,Iztapalapa,6200108938,Porcentaje de viviendas con techos de materiales resistentes,2020,94.5914341808066,Porcentaje
09,Ciudad de México,007,Iztapalapa,6200205238,Población de 8 a 14 años que sabe leer y escribir,2020,184998,Personas
09,Ciudad de México,007,Iztapalapa,6200205244,Viviendas que son cuarto de azotea,2020,43,Viviendas
09,Ciudad de México,007,Iztapalapa,6200205245,Viviendas móviles,2020,16,Viviendas
09,Ciudad de México,007,Iztapalapa,6200205246,Viviendas que son departamento en edificio o vivienda en vecindad,2020,101169,Viviendas
09,Ciudad de México,007,Iztapalapa,6200205247,Viviendas que son refugio,2020,100,Viviendas
09,Ciudad de México,007,Iztapalapa,6200205248,Viviendas colectivas,2020,91,Viviendas
09,Ciudad de México,007,Iztapalapa,6200205249,Viviendas que son casa independiente o local no construido para habitación,2020,183191,Viviendas
09,Ciudad de México,007,Iztapalapa,6200205251,Promedio de hijos nacidos vivos de las mujeres de 12 años y más casada sólo religiosamente,2020,2.87210922262469,Promedio
09,Ciudad de México,007,Iztapalapa,6200205252,Población de 5 años y más inmigrante,2020,66061,Personas
09,Ciudad de México,007,Iztapalapa,6200205253,Población total sin limitación en la actividad,2020,1482533,Personas
09,Ciudad de México,007,Iztapalapa,6200205254,Población total que no especificó limitación en la actividad,2020,812,Personas
09,Ciudad de México,007,Iztapalapa,6200205255,Porcentaje de la población migrante internacional destino otro país,2020,45.1352804156961,Porcentaje
09,Ciudad de México,007,Iztapalapa,6200205256,Población de 5 años y más con religión no especificada,2020,1533,Personas
09,Ciudad de México,007,Iztapalapa,6200205257,Población de 5 años y más católica,2020,1309648,Personas
09,Ciudad de México,007,Iztapalapa,6200205258,Promedio de hijos nacidos vivos de las mujeres de 12 años y más solteras,2020,0.366378543101055,Promedio
09,Ciudad de México,007,Iztapalapa,6200205259,Población nacida en otro país residente en México,2020,5027,Personas
09,Ciudad de México,007,Iztapalapa,6200205260,Población con limitación en la actividad para escuchar,2020,49836,Personas
09,Ciudad de México,007,Iztapalapa,6200205261,Población con limitación en la actividad para hablar o comunicarse,2020,12033,Personas
09,Ciudad de México,007,Iztapalapa,6200205263,Población con limitación en la actividad para caminar o moverse,2020,72989,Personas
09,Ciudad de México,007,Iztapalapa,6200205264,Porcentaje de la población migrante internacional destino no especificado,2020,8.92313205518724,Porcentaje
09,Ciudad de México,007,Iztapalapa,6200205265,Promedio de hijos nacidos vivos de las mujeres de 12 años y más que no especificó estado conyugal,2020,2.3125,Promedio
09,Ciudad de México,007,Iztapalapa,6200205266,Promedio de hijos nacidos vivos de las mujeres de 12 años y más casada civil y religiosamente,2020,2.70228195354464,Promedio
09,Ciudad de México,007,Iztapalapa,6200205267,Promedio de hijos nacidos vivos de las mujeres de 12 años y más separadas,2020,2.39684483503818,Promedio
09,Ciudad de México,007,Iztapalapa,6200205268,Población nacida en otro país residente en México hombres,2020,2522,Personas
09,Ciudad de México,007,Iztapalapa,6200205269,Población con limitación en la actividad para atender el cuidado personal,2020,10724,Personas
09,Ciudad de México,007,Iztapalapa,6200205270,Población con limitación en la actividad para poner atención o aprender,2020,44113,Personas
09,Ciudad de México,007,Iztapalapa,6200205271,Población con limitación en la actividad,2020,233756,Personas
09,Ciudad de México,007,Iztapalapa,6200205272,Porcentaje de población nacida en otro país residente en México,2020,0.273878416942434,Porcentaje
09,Ciudad de México,007,Iztapalapa,6200205273,Población de 5 años y más con religión distinta de católica,2020,266062,Personas
09,Ciudad de México,007,Iztapalapa,6200205274,Porcentaje de población masculina nacida en otro país residente en México,2020,0.284120673553007,Porcentaje
09,Ciudad de México,007,Iztapalapa,6200205275,Promedio de hijos nacidos vivos de las mujeres de 12 años y más divorciadas,2020,2.24916177703269,Promedio
09,Ciudad de México,007,Iztapalapa,6200205276,Promedio de hijos nacidos vivos de las mujeres de 12 años y más en unión libre,2020,1.97316010793486,Promedio
09,Ciudad de México,007,Iztapalapa,6200205277,Población de 5 años y más emigrante,2020,126997,Personas
09,Ciudad de México,007,Iztapalapa,6200205279,Promedio de hijos nacidos vivos de las mujeres de 12 años y más casada sólo por lo civil,2020,2.33101286990128,Promedio
09,Ciudad de México,007,Iztapalapa,6200205280,Población con limitación en la actividad para ver,2020,156029,Personas
09,Ciudad de México,007,Iztapalapa,6200205282,Porcentaje de población femenina nacida en otro país residente en México,2020,0.264286505562677,Porcentaje
09,Ciudad de México,007,Iztapalapa,6200205283,Promedio de hijos nacidos vivos de las mujeres de 12 años y más viudas,2020,4.23076177553789,Promedio
09,Ciudad de México,007,Iztapalapa,6200205284,Población nacida en otro país residente en México mujeres,2020,2505,Personas
09,Ciudad de México,007,Iztapalapa,6200205285,Porcentaje de la población migrante internacional destino Estados Unidos de América,2020,45.9415875291166,Porcentaje
09,Ciudad de México,007,Iztapalapa,6200205286,Población con limitación en la actividad mental,2020,28747,Personas
09,Ciudad de México,007,Iztapalapa,6200205288,Índice de masculinidad de la población nacida en otro país residente en México,2020,100.678642714571,Índice
09,Ciudad de México,007,Iztapalapa,6200205289,Población de 5 años y más sin religión,2020,154700,Personas
09,Ciudad de México,007,Iztapalapa,6200240300,Porcentaje de hombres de 0 a 4 años,2020,2.83746146648858,Porcentaje
09,Ciudad de México,007,Iztapalapa,6200240301,Población católica,2020,1384.54,Miles DE personas
09,Ciudad de México,007,Iztapalapa,6200240302,Porcentaje de la población de 60 a 84 años con limitación en la actividad,2020,31.8479000583317,Porcentaje
09,Ciudad de México,007,Iztapalapa,6200240304,Tasa de monolingüismo de la población de 5 años y más hablante de Tojolabal,2020,8.8235294117647,Porcentaje
09,Ciudad de México,007,Iztapalapa,6200240305,Porcentaje de la población que profesa la religión católica,2020,75.4317929965143,Porcentaje
09,Ciudad de México,007,Iztapalapa,6200240310,Porcentaje de mujeres de 75 a 79 años,2020,0.897448682381419,Porcentaje
09,Ciudad de México,007,Iztapalapa,6200240311,Porcentaje de hombres de 10 a 14 años,2020,3.78880393397385,Porcentaje
09,Ciudad de México,007,Iztapalapa,6200240312,Porcentaje de mujeres de 5 a 9 años,2020,3.39378265165052,Porcentaje
09,Ciudad de México,007,Iztapalapa,6200240314,Porcentaje de la población de 15 años y más con instrucción media superior,2020,29.9598298934246,Porcentaje
09,Ciudad de México,007,Iztapalapa,6200240315,Porcentaje de la población con limitación mental,2020,1.61755901471091,Porcentaje
09,Ciudad de México,007,Iztapalapa,6200240316,Tasa de monolingüismo de la población de 5 años y más hablante de Maya,2020,1.08108108108108,Porcentaje
09,Ciudad de México,007,Iztapalapa,6200240318,Población de 5 años y más hablante de Tzeltal  (Tseltal),2020,381,Personas
09,Ciudad de México,007,Iztapalapa,6200240319,Tasa de monolingüismo de la población de 5 años y más hablante de Mazateco,2020,1.70233463035019,Porcentaje
09,Ciudad de México,007,Iztapalapa,6200240320,Población de 5 años y más hablante de Lenguas chinantecas,2020,1022,Personas
09,Ciudad de México,007,Iztapalapa,6200240323,Porcentaje de la población derechohabiente en el Seguro popular,2020,24.4374902180981,Porcentaje
09,Ciudad de México,007,Iztapalapa,6200240325,Tasa de monolingüismo de la población de 5 años y más hablante de Náhuatl,2020,0.69246939532583,Porcentaje
09,Ciudad de México,007,Iztapalapa,6200240326,Población de 5 años y más hablante de Lenguas zapotecas,2020,1837,Personas
09,Ciudad de México,007,Iztapalapa,6200240328,Porcentaje de mujeres de 55 a 59 años,2020,2.93827390576271,Porcentaje
09,Ciudad de México,007,Iztapalapa,6200240330,Porcentaje de hombres de 75 a 79 años,2020,0.708084776177312,Porcentaje
09,Ciudad de México,007,Iztapalapa,6200240331,Población de 5 años y más hablante de Maya,2020,185,Personas
09,Ciudad de México,007,Iztapalapa,6200240332,Población de 5 años y más hablante de Otomí,2020,2011,Personas
09,Ciudad de México,007,Iztapalapa,6200240334,Población de 5 años y más hablante de Tojolabal,2020,34,Personas
09,Ciudad de México,007,Iztapalapa,6200240341,Porcentaje de mujeres de 40 a 44 años,2020,3.75278392188725,Porcentaje
09,Ciudad de México,007,Iztapalapa,6200240342,Porcentaje de mujeres de 70 a 74 años,2020,1.41960262461099,Porcentaje
09,Ciudad de México,007,Iztapalapa,6200240343,Porcentaje de hombres de 15 a 19 años,2020,3.98388962727189,Porcentaje
09,Ciudad de México,007,Iztapalapa,6200240344,Porcentaje de mujeres de 85 años y más,2020,0.527875729323505,Porcentaje
09,Ciudad de México,007,Iztapalapa,6200240345,Población de 5 años y más hablante de Mixe,2020,647,Personas
09,Ciudad de México,007,Iztapalapa,6200240354,Porcentaje de mujeres de 10 a 14 años,2020,3.67453167172636,Porcentaje
09,Ciudad de México,007,Iztapalapa,6200240356,Porcentaje de mujeres de 20 a 24 años,2020,4.08219537886677,Porcentaje
09,Ciudad de México,007,Iztapalapa,6200240357,Porcentaje de hombres de 35 a 39 años,2020,3.62080136625377,Porcentaje
09,Ciudad de México,007,Iztapalapa,6200240358,Porcentaje de la población de 0 a 14 años con limitación en la actividad,2020,5.19279785189527,Porcentaje
09,Ciudad de México,007,Iztapalapa,6200240361,Población de 5 años y más hablante de Mazahua,2020,2317,Personas
09,Ciudad de México,007,Iztapalapa,6200240364,Tasa de monolingüismo de la población de 5 años y más hablante de Chatino,2020,0,Porcentaje
09,Ciudad de México,007,Iztapalapa,6200240365,Porcentaje de la población de 15 años y más con instrucción superior,2020,23.3831157509317,Porcentaje
09,Ciudad de México,007,Iztapalapa,6200240366,Tasa de monolingüismo de la población de 5 años y más hablante de Lenguas mixtecas,2020,1.43384749076689,Porcentaje
09,Ciudad de México,007,Iztapalapa,6200240367,Porcentaje de la población con limitación para hablar o comunicarse,2020,4.91049757933218,Porcentaje
09,Ciudad de México,007,Iztapalapa,6200240368,Porcentaje de la población de 15 años y más con instrucción no especificada,2020,0.131176034696947,Porcentaje
09,Ciudad de México,007,Iztapalapa,6200240377,Porcentaje de mujeres de 45 a 49 años,2020,3.72580978273012,Porcentaje
09,Ciudad de México,007,Iztapalapa,6200240378,Porcentaje de mujeres de 0 a 4 años,2020,2.78340420175348,Porcentaje
09,Ciudad de México,007,Iztapalapa,6200240379,Porcentaje de mujeres de 80 a 84 años,2020,0.574303944600023,Porcentaje
09,Ciudad de México,007,Iztapalapa,6200240381,Tasa de monolingüismo de la población de 5 años y más hablante de Tzotzil (Tsotsil),2020,4.13793103448275,Porcentaje
09,Ciudad de México,007,Iztapalapa,6200240384,Porcentaje de mujeres de 15 a 19 años,2020,3.81915665217692,Porcentaje
09,Ciudad de México,007,Iztapalapa,6200240386,Población de 5 años y más hablante de Lenguas mixtecas,2020,4603,Personas
09,Ciudad de México,007,Iztapalapa,6200240388,Porcentaje de hombres de 65 a 69 años,2020,1.58346370833926,Porcentaje
09,Ciudad de México,007,Iztapalapa,6200240389,Tasa de crecimiento promedio anual de las viviendas particulares habitadas,2020,0.932538748447165,Tasa
09,Ciudad de México,007,Iztapalapa,6200240390,Porcentaje de la población con discapacidad por accidente,2020,13.9192821315951,Porcentaje
09,Ciudad de México,007,Iztapalapa,6200240395,"Viviendas, de cada cien que cuentan con electricidad, agua y drenaje",2020,99.6380207299154,Porcentaje
09,Ciudad de México,007,Iztapalapa,6200240396,Porcentaje de la población de 30 a 59 años con limitación en la actividad,2020,12.9362442797064,Porcentaje
09,Ciudad de México,007,Iztapalapa,6200240397,Tasa de monolingüismo de la población de 5 años y más hablante de Chol (Ch''ol),2020,0,Porcentaje
09,Ciudad de México,007,Iztapalapa,6200240398,Tasa de monolingüismo de la población de 5 años y más hablante de Totonaca (Totonaco),2020,0.55555555555555,Porcentaje
09,Ciudad de México,007,Iztapalapa,6200240407,Índice de envejecimiento,2020,71.4392029113907,Porcentaje
09,Ciudad de México,007,Iztapalapa,6200240410,Porcentaje de hombres de 60 a 64 años,2020,2.15825809183305,Porcentaje
09,Ciudad de México,007,Iztapalapa,6200240411,Porcentaje de hombres de 85 años y más,2020,0.300421069036903,Porcentaje
09,Ciudad de México,007,Iztapalapa,6200240413,Tasa de monolingüismo de la población de 5 años y más hablante de Huasteco,2020,1,Porcentaje
09,Ciudad de México,007,Iztapalapa,6200240414,"Porcentaje de la población derechohabiente en PEMEX, SDN o SM",2020,1.30839492906205,Porcentaje
09,Ciudad de México,007,Iztapalapa,6200240416,Porcentaje de la población usuaria de servicios de salud en instituciones de servicios médicos privados,2020,2.03705586131562,Porcentaje
09,Ciudad de México,007,Iztapalapa,6200240421,Porcentaje de la población derechohabiente en el ISSSTE,2020,16.2100434518133,Porcentaje
09,Ciudad de México,007,Iztapalapa,6200240423,Porcentaje de hombres de 40 a 44 años,2020,3.41378165987409,Porcentaje
09,Ciudad de México,007,Iztapalapa,6200240424,Tasa de monolingüismo de la población de 5 años y más hablante de Mixe,2020,2.00927357032457,Porcentaje
09,Ciudad de México,007,Iztapalapa,6200240425,Porcentaje de hombres de 70 a 74 años,2020,1.13427617485999,Porcentaje
09,Ciudad de México,007,Iztapalapa,6200240426,Porcentaje de mujeres de 60 a 64 años,2020,2.62363010880659,Porcentaje
09,Ciudad de México,007,Iztapalapa,6200240427,Porcentaje de mujeres de 65 a 69 años,2020,1.95505291018266,Porcentaje
09,Ciudad de México,007,Iztapalapa,6200240428,Tasa de monolingüismo de la población de 5 años y más hablante de Otomí,2020,0.89507707608155,Porcentaje
09,Ciudad de México,007,Iztapalapa,6200240430,Porcentaje de la población con limitación para caminar y moverse,2020,31.224439158781,Porcentaje
09,Ciudad de México,007,Iztapalapa,6200240431,Población de 5 años y más hablante de Purépecha (Tarasco),2020,549,Personas
09,Ciudad de México,007,Iztapalapa,6200240432,Tasa de monolingüismo de la población de 5 años y más hablante de Zoque,2020,0,Porcentaje
09,Ciudad de México,007,Iztapalapa,6200240433,Tasa de monolingüismo de la población de 5 años y más hablante de Lenguas zapotecas,2020,0.87098530212302,Porcentaje
09,Ciudad de México,007,Iztapalapa,6200240434,Población de 5 años y más hablante de Chatino,2020,17,Personas
09,Ciudad de México,007,Iztapalapa,6200240435,Porcentaje de la población con limitación para atender el cuidado personal,2020,4.5876897277503,Porcentaje
09,Ciudad de México,007,Iztapalapa,6200240443,Porcentaje de mujeres de 35 a 39 años,2020,3.8409539363443,Porcentaje
09,Ciudad de México,007,Iztapalapa,6200240444,Porcentaje de hombres de 55 a 59 años,2020,2.47235695668498,Porcentaje
09,Ciudad de México,007,Iztapalapa,6200240445,Porcentaje de hombres de 5 a 9 años,2020,3.51203291825855,Porcentaje
09,Ciudad de México,007,Iztapalapa,6200240447,Porcentaje de la población de 15 años y más sin instrucción,2020,3.16143778741582,Porcentaje
09,Ciudad de México,007,Iztapalapa,6200240449,Tasa de monolingüismo de la población de 5 años y más hablante de lengua indígena,2020,1.04261423273388,Porcentaje
09,Ciudad de México,007,Iztapalapa,6200240450,Porcentaje de la población con limitación para ver,2020,66.748660996937,Porcentaje
09,Ciudad de México,007,Iztapalapa,6200240451,Población de 5 años y más hablante de Tarahumara,2020,12,Personas
09,Ciudad de México,007,Iztapalapa,6200240452,Población de 5 años y más hablante de Chol (Ch''ol),2020,46,Personas
09,Ciudad de México,007,Iztapalapa,6200240453,Población de 5 años y más hablante de Totonaca (Totonaco),2020,1080,Personas
09,Ciudad de México,007,Iztapalapa,6200240454,Tasa de monolingüismo de la población de 5 años y más hablante de Mazahua,2020,0.9495036685369,Porcentaje
09,Ciudad de México,007,Iztapalapa,6200240458,Porcentaje de la población con discapacidad por edad avanzada,2020,27.7158155382955,Porcentaje
09,Ciudad de México,007,Iztapalapa,6200240459,Porcentaje de la población con discapacidad por nacimiento,2020,12.6632240587501,Porcentaje
09,Ciudad de México,007,Iztapalapa,6200240466,Población de 5 años y más hablante de Tlapaneco,2020,488,Personas
09,Ciudad de México,007,Iztapalapa,6200240471,Porcentaje de la población derechohabiente en el IMSS,2020,55.0780373914713,Porcentaje
09,Ciudad de México,007,Iztapalapa,6200240475,Porcentaje de hombres de 80 a 84 años,2020,0.398290874948436,Porcentaje
09,Ciudad de México,007,Iztapalapa,6200240477,Porcentaje de la población de 85 y más con limitación en la actividad,2020,29.7631578947368,Porcentaje
09,Ciudad de México,007,Iztapalapa,6200240478,Porcentaje de la población con limitación para escuchar,2020,21.3196666609627,Porcentaje
09,Ciudad de México,007,Iztapalapa,6200240479,Porcentaje de la población con limitación para poner atención o aprender,2020,18.8713872585089,Porcentaje
09,Ciudad de México,007,Iztapalapa,6200240480,Población de 5 años y más hablante de Huasteco,2020,100,Personas
09,Ciudad de México,007,Iztapalapa,6200240481,Población de 5 años y más hablante de Tzotzil (Tsotsil),2020,145,Personas
09,Ciudad de México,007,Iztapalapa,6200240486,Porcentaje de hombres de 25 a 29 años,2020,4.11412840017198,Porcentaje
09,Ciudad de México,007,Iztapalapa,6200240488,Porcentaje de la población de 15 a 29 años con limitación en la actividad,2020,7.44271339526803,Porcentaje
09,Ciudad de México,007,Iztapalapa,6200240493,Porcentaje de la población de 5 años y más hablante de lengua indígena,2020,1.65028525765571,Porcentaje
09,Ciudad de México,007,Iztapalapa,6200240495,Porcentaje de la población con discapacidad por otra causa,2020,8.97229688260566,Porcentaje
09,Ciudad de México,007,Iztapalapa,6200240496,Población de 5 años y más hablante de Náhuatl,2020,8087,Personas
09,Ciudad de México,007,Iztapalapa,6200240497,Población no católica,2020,160234,Miles DE personas
09,Ciudad de México,007,Iztapalapa,6200240499,Porcentaje de la población que profesa la religión protestante y evangélica,2020,8.39516073672041,Porcentaje
09,Ciudad de México,007,Iztapalapa,6200240507,Porcentaje de mujeres de 50 a 54 años,2020,3.47574044011986,Porcentaje
09,Ciudad de México,007,Iztapalapa,6200240509,Tasa de monolingüismo de la población de 5 años y más hablante de Tarahumara,2020,0,Porcentaje
09,Ciudad de México,007,Iztapalapa,6200240518,Porcentaje de hombres de 30 a 34 años,2020,3.88580184851868,Porcentaje
09,Ciudad de México,007,Iztapalapa,6200240520,Porcentaje de hombres de 20 a 24 años,2020,4.13211115961007,Porcentaje
09,Ciudad de México,007,Iztapalapa,6200240521,Población de 5 años y más hablante de Zoque,2020,24,Personas
09,Ciudad de México,007,Iztapalapa,6200240522,Tasa de monolingüismo de la población de 5 años y más hablante de Purépecha (Tarasco),2020,0.18214936247723,Porcentaje
09,Ciudad de México,007,Iztapalapa,6200240532,Porcentaje de hombres de 45 a 49 años,2020,3.32479424726076,Porcentaje
09,Ciudad de México,007,Iztapalapa,6200240533,Porcentaje de hombres de 50 a 54 años,2020,2.99156826555195,Porcentaje
09,Ciudad de México,007,Iztapalapa,6200240534,Tasa de monolingüismo de la población de 5 años y más hablante de Resto de lenguas,2020,0.7909604519774,Porcentaje
09,Ciudad de México,007,Iztapalapa,6200240535,Población de 5 años y más hablante de Mazateco,2020,4112,Personas
09,Ciudad de México,007,Iztapalapa,6200240536,Tasa de monolingüismo de la población de 5 años y más hablante de Tlapaneco,2020,0.40983606557377,Porcentaje
09,Ciudad de México,007,Iztapalapa,6200240537,Tasa de monolingüismo de la población de 5 años y más hablante de Tzeltal (Tseltal),2020,0.78740157480314,Porcentaje
09,Ciudad de México,007,Iztapalapa,6200240538,Población de 5 años y más hablante del Resto de lenguas,2020,885,Personas
09,Ciudad de México,007,Iztapalapa,6200240539,Tasa de monolingüismo de la población de 5 años y más hablante de Lenguas chinantecas,2020,0.58708414872798,Porcentaje
09,Ciudad de México,007,Iztapalapa,6200240540,Porcentaje de la población con discapacidad por enfermedad,2020,46.6625044972593,Porcentaje
09,Ciudad de México,007,Iztapalapa,6200240548,Porcentaje de mujeres de 25 a 29 años,2020,4.14649736716054,Porcentaje
09,Ciudad de México,007,Iztapalapa,6200240549,Porcentaje de mujeres de 30 a 34 años,2020,4.00862954480186,Porcentaje
09,Ciudad de México,007,Iztapalapa,6205370864,Porcentaje de población que se considera afrodescendiente,2020,1.81494165577945,Porcentaje
09,Ciudad de México,007,Iztapalapa,6207019007,Porcentaje de la población de 12 años y más viuda,2020,5.16827543155484,Porcentaje
09,Ciudad de México,007,Iztapalapa,6207019009,Porcentaje de la población de 12 años y más casada,2020,29.2053380727839,Porcentaje
09,Ciudad de México,007,Iztapalapa,6207019010,Porcentaje de población de 25 años y más alfabeta,2020,96.9083463408279,Porcentaje
09,Ciudad de México,007,Iztapalapa,6207019011,Porcentaje de la población de 12 años y más soltera,2020,37.1776236367201,Porcentaje
09,Ciudad de México,007,Iztapalapa,6207019012,Porcentaje de la población de 12 años y más separada,2020,6.88249997420473,Porcentaje
09,Ciudad de México,007,Iztapalapa,6207019016,Porcentaje de la población de 12 años y más divorciada,2020,2.45113086455421,Porcentaje
09,Ciudad de México,007,Iztapalapa,6207019017,Porcentaje de población afiliada a otra institución,2020,1.9423428481994,Porcentaje
09,Ciudad de México,007,Iztapalapa,6207019018,Porcentaje de población afiliada a servicios de salud,2020,67.5316510177686,Porcentaje
09,Ciudad de México,007,Iztapalapa,6207019019,Porcentaje de la población de 12 años y más en unión libre,2020,19.0875310832981,Porcentaje
09,Ciudad de México,007,Iztapalapa,6207019020,Porcentaje de población de 15 años y más sin escolaridad,2020,3.00478935553473,Porcentaje
09,Ciudad de México,007,Iztapalapa,6207019022,Porcentaje de viviendas particulares habitadas propias,2020,52.850657196958,Porcentaje
09,Ciudad de México,007,Iztapalapa,6207019023,Porcentaje de hijos fallecidos de las mujeres de 15 a 49 años,2020,3.16086617390335,Porcentaje
09,Ciudad de México,007,Iztapalapa,6207019024,Porcentaje de la población de 3 a 5 años que asiste a la escuela,2020,65.1673263763944,Porcentaje
09,Ciudad de México,007,Iztapalapa,6207019026,Porcentaje de la población de 6 a 11 años que asiste a la escuela,2020,95.3858007985379,Porcentaje
09,Ciudad de México,007,Iztapalapa,6207019028,Porcentaje de la población de 12 a 14 años que asiste a la escuela,2020,92.9018637157833,Porcentaje
09,Ciudad de México,007,Iztapalapa,6207019029,Porcentaje de la población de 15 a 24 años que asiste a la escuela,2020,50.4574171664971,Porcentaje
09,Ciudad de México,007,Iztapalapa,6207019030,Porcentaje de población de 12 años y más económicamente activa,2020,63.5073697081007,Porcentaje
09,Ciudad de México,007,Iztapalapa,6207019031,Porcentaje de población de 15 años y más con escolaridad básica,2020,43.521088965412,Porcentaje
09,Ciudad de México,007,Iztapalapa,6207019034,Porcentaje de población de 3 años y más hablante de lengua indígena,2020,1.61581468210382,Porcentaje
09,Ciudad de México,007,Iztapalapa,6207019035,Porcentaje de la población de 12 años y más No Económicamente Activa,2020,36.3244451437828,Porcentaje
09,Ciudad de México,007,Iztapalapa,6207019036,Promedio de hijos nacidos vivos de las mujeres de 15 a 49 años EI2015,2020,1.23312437521656,Promedio
09,Ciudad de México,007,Iztapalapa,6207019039,Porcentaje de la población de 12 años y más económicamente activa ocupada,2020,97.8844242077761,Porcentaje
09,Ciudad de México,007,Iztapalapa,6207019040,Porcentaje de la población femenina de 12 años y más económicamente activa,2020,43.838134182786,Porcentaje
09,Ciudad de México,007,Iztapalapa,6207019042,Porcentaje de viviendas particulares habitadas que disponen de Internet,2020,69.3187323775863,Porcentaje
09,Ciudad de México,007,Iztapalapa,6207019043,Porcentaje de la población masculina de 12 años y más económicamente activa,2020,56.161865817214,Porcentaje
09,Ciudad de México,007,Iztapalapa,6207019046,Porcentaje de viviendas particulares habitadas que disponen de computadora,2020,49.0562328739923,Porcentaje
09,Ciudad de México,007,Iztapalapa,6207019047,Porcentaje de la población de 12 años y más no económicamente activa que estudia,2020,37.4532420336143,Porcentaje
09,Ciudad de México,007,Iztapalapa,6207019050,Porcentaje de viviendas particulares habitadas que disponen de teléfono fijo,2020,64.2573765934633,Porcentaje
09,Ciudad de México,007,Iztapalapa,6207019051,Porcentaje de la población de 12 años y más sin especificar su situación conyugal,2020,0.027600936884138,Porcentaje
09,Ciudad de México,007,Iztapalapa,6207019054,Porcentaje de la población femenina de 12 años y más económicamente activa ocupada,2020,98.3076759150734,Porcentaje
09,Ciudad de México,007,Iztapalapa,6207019055,Porcentaje de viviendas particulares habitadas que disponen de teléfono celular,2020,90.3887851951869,Porcentaje
09,Ciudad de México,007,Iztapalapa,6207019056,Porcentaje de la población masculina de 12 años y más económicamente activa ocupada,2020,97.5540476280879,Porcentaje
09,Ciudad de México,007,Iztapalapa,6207019057,Porcentaje de viviendas particulares habitadas que disponen de televisión de paga,2020,36.4965648703388,Porcentaje
09,Ciudad de México,007,Iztapalapa,6207019058,Porcentaje de población de 3 años y más hablante de lengua indígena que no habla español,2020,1.06212564424014,Porcentaje
09,Ciudad de México,007,Iztapalapa,6207019059,Porcentaje de población de 12 años con condición de actividad económica no especificada,2020,0.16818514811643,Porcentaje
09,Ciudad de México,007,Iztapalapa,6207019060,Porcentaje de la población de 12 años y más no económicamente activa que es pensionada o jubilada,2020,12.2883575104789,Porcentaje
09,Ciudad de México,007,Iztapalapa,6207019063,Porcentaje de superficie en el ámbito geográfico de referencia respecto a la unidad geográfica superior,2020,7.57301749035974,Porcentaje
09,Ciudad de México,007,Iztapalapa,6207019064,Porcentaje de la población de 12 años y más no económicamente activa que se dedica a los quehaceres del hogar,2020,38.0215277494217,Porcentaje
09,Ciudad de México,007,Iztapalapa,6207019065,Porcentaje de la población de 12 años y más no económicamente activa que realiza otras actividades no económicas,2020,9.12097686201895,Porcentaje
09,Ciudad de México,007,Iztapalapa,6207019070,Porcentaje de la población de 12 años y más no económicamente activa con alguna limitación física o mental que les impide trabajar,2020,3.11589584446618,Porcentaje
09,Ciudad de México,007,Iztapalapa,6207020032,Porcentaje de hombres,2020,48.3605432021819,Porcentaje
09,Ciudad de México,007,Iztapalapa,6207020033,Porcentaje de mujeres,2020,51.6394567978181,Porcentaje
09,Ciudad de México,007,Iztapalapa,6207020035,Promedio de ocupantes por cuarto (Índice de hacinamiento),2020,0.916790038544467,Promedio
09,Ciudad de México,007,Iztapalapa,6207049066,Población de 6 a 14 años que sabe leer y escribir,2020,220154,Porcentaje
09,Ciudad de México,007,Iztapalapa,6207049067,Población de 6 a 14 años que no sabe leer y escribir,2020,17987,Porcentaje
09,Ciudad de México,007,Iztapalapa,6207049068,Porcentaje de la población de 3 años y más que asiste a la escuela,2020,25.9359751156886,Porcentaje
09,Ciudad de México,007,Iztapalapa,6207049069,Porcentaje de la población de 3 años y más que no asiste a la escuela,2020,73.3021454165691,Porcentaje
09,Ciudad de México,007,Iztapalapa,6207049070,Población de 6 a 14 años que no especificó si sabe o no leer y escribir,2020,1312,Porcentaje
09,Ciudad de México,007,Iztapalapa,6207049071,Porcentaje de la población de 3 años y más que no especificó si asiste o no a la escuela,2020,0.761879467742226,Porcentaje
09,Ciudad de México,007,Iztapalapa,6207051593,Porcentaje de población de 6 a 14 años que no asiste a la escuela,2020,5.444492,Porcentaje
09,Ciudad de México,007,Iztapalapa,6207068394,Porcentaje de viviendas con agua entubada dentro de la vivienda,2020,86.8962709979747,Porcentaje
09,Ciudad de México,007,Iztapalapa,6207129629,Porcentaje de la población nacional/estatal que representa,2020,19.929393707497,Porcentaje
09,Ciudad de México,007,Iztapalapa,6207129630,Promedio de ocupantes por dormitorio,2020,1.72065171204064,Promedio
09,Ciudad de México,007,Iztapalapa,6207129631,Porcentaje de viviendas particulares habitadas que disponen de tinaco,2020,83.6150272030499,Porcentaje
09,Ciudad de México,007,Iztapalapa,6207129632,Porcentaje de viviendas particulares habitadas que disponen de cisterna o aljibe,2020,64.3904134069338,Porcentaje
09,Ciudad de México,007,Iztapalapa,6207129635,Porcentaje de viviendas particulares habitadas que disponen de Automóvil o camioneta,2020,39.1336722131766,Porcentaje
09,Ciudad de México,007,Iztapalapa,6207129636,Porcentaje de viviendas particulares habitadas que disponen de motocicleta o motoneta,2020,7.59401930026607,Porcentaje
09,Ciudad de México,007,Iztapalapa,6207129637,Porcentaje de viviendas particulares habitadas que disponen de bicicleta como medio de transporte,2020,22.1121083356499,Porcentaje
09,Ciudad de México,007,Iztapalapa,6207129638,Porcentaje de la población con algún tipo de  discapacidad,2020,5.68917442028978,Porcentaje
09,Ciudad de México,007,Iztapalapa,6207129639,Porcentaje de la población entre 0 y 17 años con algún tipo de  discapacidad,2020,2.25736883126085,Porcentaje
09,Ciudad de México,007,Iztapalapa,6207129640,Porcentaje de la población entre 18 y 29 años con algún tipo de  discapacidad,2020,2.38186324246104,Porcentaje
09,Ciudad de México,007,Iztapalapa,6207129641,Porcentaje de la población entre 30 y 59 años con algún tipo de  discapacidad,2020,4.35248445776021,Porcentaje
09,Ciudad de México,007,Iztapalapa,6207129642,Porcentaje de la población de 60 años y más con algún tipo de  discapacidad,2020,20.0435771414616,Porcentaje
09,Ciudad de México,007,Iztapalapa,6207129643,Porcentaje de la población de 5 y más años migrante según causa: Trabajo,2020,23.271349862259,Porcentaje
09,Ciudad de México,007,Iztapalapa,6207129644,Porcentaje de la población de 5 y más años migrante según causa: Familiar,2020,45.2079889807163,Porcentaje
09,Ciudad de México,007,Iztapalapa,6207129645,Porcentaje de la población de 5 y más años migrante según causa: Educativa,2020,6.61707988980716,Porcentaje
09,Ciudad de México,007,Iztapalapa,6207129646,Porcentaje de la población de 5 y más años migrante según causa: Inseguridad delictiva o violencia,2020,3.48898071625344,Porcentaje
09,Ciudad de México,007,Iztapalapa,6207129647,Porcentaje de la población de 5 y más años migrante según causa: Otra causa,2020,18.2272727272727,Porcentaje
09,Ciudad de México,007,Iztapalapa,6207129648,Promedio de hijos nacidos vivos por grupo de edad: 15-19,2020,0.0773612380082229,Promedio
09,Ciudad de México,007,Iztapalapa,6207129649,Promedio de hijos nacidos vivos por grupo de edad: 20-24,2020,0.458512484977968,Promedio
09,Ciudad de México,007,Iztapalapa,6207129650,Promedio de hijos nacidos vivos por grupo de edad: 25-29,2020,0.953673029394752,Promedio
09,Ciudad de México,007,Iztapalapa,6207129651,Promedio de hijos nacidos vivos por grupo de edad: 30-34,2020,1.40181959120395,Promedio
09,Ciudad de México,007,Iztapalapa,6207129652,Promedio de hijos nacidos vivos por grupo de edad: 35-39,2020,1.74649066780214,Promedio
09,Ciudad de México,007,Iztapalapa,6207129653,Promedio de hijos nacidos vivos por grupo de edad: 40-44,2020,1.97170249854736,Promedio
09,Ciudad de México,007,Iztapalapa,6207129654,Promedio de hijos nacidos vivos por grupo de edad: 45-49,2020,2.12292947029558,Promedio
09,Ciudad de México,007,Iztapalapa,6207129812,Porcentaje de viviendas particulares habitadas que disponen de refrigerador,2020,91.8926968746277,Porcentaje
09,Ciudad de México,007,Iztapalapa,6207129813,Porcentaje de viviendas particulares habitadas que disponen de lavadora,2020,78.9482149239506,Porcentaje
09,Ciudad de México,007,Iztapalapa,6207129818,Porcentaje de la población derechohabiente en Instituto de Salud para el Bienestar (IMSS-PROSPERA o IMSS-BIENESTAR),2020,0.275748789464428,Porcentaje
09,Ciudad de México,007,Iztapalapa,6207129822,Ubicación geográfica con la mayor cantidad de pobladores. Primer lugar,2020,90070001,No aplica
09,Ciudad de México,007,Iztapalapa,6207129825,Población de la ubicación geográfica con la mayor cantidad de pobladores. Primer lugar,2020,1835486,Personas
09,Ciudad de México,007,Iztapalapa,6207129828,Lengua indígena más frecuente. Descripción. Primer lugar,2020,211,No aplica
09,Ciudad de México,007,Iztapalapa,6207129830,Lengua indígena más frecuente. Porcentaje. Primer lugar,2020,28.6244171259008,Porcentaje
09,Ciudad de México,007,Iztapalapa,6207129840,Total de áreas geográficas,2020,1,Municipios
09,Ciudad de México,008,La Magdalena Contreras,1001000001,Superficie continental,2020,63.41875777,Kilómetros cuadrados
09,Ciudad de México,008,La Magdalena Contreras,1002000001,Población total,2020,247622,Personas
09,Ciudad de México,008,La Magdalena Contreras,1002000002,Población total hombres,2020,118287,Personas
09,Ciudad de México,008,La Magdalena Contreras,1002000003,Población total mujeres,2020,129335,Personas
09,Ciudad de México,008,La Magdalena Contreras,1002000004,Porcentaje de población de 15 a 29 años,2020,23.7059685999216,Porcentaje
09,Ciudad de México,008,La Magdalena Contreras,1002000005,Porcentaje de hombres de 15 a 29 años,2020,24.8723238745899,Porcentaje
09,Ciudad de México,008,La Magdalena Contreras,1002000006,Porcentaje de mujeres de 15 a 29 años,2020,22.639218627959,Porcentaje
09,Ciudad de México,008,La Magdalena Contreras,1002000007,Porcentaje de población de 60 y más años,2020,15.3781217308415,Porcentaje
09,Ciudad de México,008,La Magdalena Contreras,1002000008,Porcentaje de hombres de 60 y más años,2020,13.8896404775594,Porcentaje
09,Ciudad de México,008,La Magdalena Contreras,1002000009,Porcentaje de mujeres de 60 y más años,2020,16.7394885199248,Porcentaje
09,Ciudad de México,008,La Magdalena Contreras,1002000010,Edad mediana,2020,34,Años
09,Ciudad de México,008,La Magdalena Contreras,1002000011,Edad mediana hombres,2020,33,Años
09,Ciudad de México,008,La Magdalena Contreras,1002000012,Edad mediana mujeres,2020,36,Años
09,Ciudad de México,008,La Magdalena Contreras,1002000013,Promedio de hijos nacidos vivos de las mujeres de 12 años y más,2020,1.751274017251,Promedio
09,Ciudad de México,008,La Magdalena Contreras,1002000014,Población en hogares censales,2020,246785,Personas
09,Ciudad de México,008,La Magdalena Contreras,1002000015,Población en hogares familiares,2020,237516,Personas
09,Ciudad de México,008,La Magdalena Contreras,1002000016,Población en hogares no familiares,2020,9234,Personas
09,Ciudad de México,008,La Magdalena Contreras,1002000018,Hogares censales,2020,68089,Hogares
09,Ciudad de México,008,La Magdalena Contreras,1002000019,Hogares con jefatura masculina,2020,42609,Hogares
09,Ciudad de México,008,La Magdalena Contreras,1002000020,Hogares con jefatura femenina,2020,25480,Hogares
09,Ciudad de México,008,La Magdalena Contreras,1002000021,Tamaño promedio de los hogares censales,2020,3.62444741441349,Personas
09,Ciudad de México,008,La Magdalena Contreras,1002000022,Tamaño promedio de los hogares con jefe hombre,2020,3.79363514750405,Personas
09,Ciudad de México,008,La Magdalena Contreras,1002000023,Tamaño promedio de los hogares con jefe mujer,2020,3.34152276295133,Personas
09,Ciudad de México,008,La Magdalena Contreras,1002000024,Relación hombres-mujeres,2020,91.4578420381181,Hombres por cada 100 mujeres
09,Ciudad de México,008,La Magdalena Contreras,1002000041,Porcentaje de personas de 15 años y más alfabetas,2020,97.7392720316082,Porcentaje
09,Ciudad de México,008,La Magdalena Contreras,1002000050,Tasa de alfabetización de las personas de 15 a 24 años,2020,99.1713418086366,Tasa
09,Ciudad de México,008,La Magdalena Contreras,1002000055,Población de edad no especificada,2020,43,Personas
09,Ciudad de México,008,La Magdalena Contreras,1002000056,Población de edad no especificada. Hombres,2020,19,Personas
09,Ciudad de México,008,La Magdalena Contreras,1002000057,Población de edad no especificada. Mujeres,2020,24,Personas
09,Ciudad de México,008,La Magdalena Contreras,1002000058,Población de 0 a 4 años,2020,13012,Personas
09,Ciudad de México,008,La Magdalena Contreras,1002000059,Población de 0 a 4 años. Hombres,2020,6512,Personas
09,Ciudad de México,008,La Magdalena Contreras,1002000060,Población de 0 a 4 años. Mujeres,2020,6500,Personas
09,Ciudad de México,008,La Magdalena Contreras,1002000061,Población de 10 a 14 años,2020,18096,Personas
09,Ciudad de México,008,La Magdalena Contreras,1002000062,Población de 10 a 14 años. Hombres,2020,9066,Personas
09,Ciudad de México,008,La Magdalena Contreras,1002000063,Población de 10 a 14 años. Mujeres,2020,9030,Personas
09,Ciudad de México,008,La Magdalena Contreras,1002000064,Población de 100 años y más,2020,27,Personas
09,Ciudad de México,008,La Magdalena Contreras,1002000065,Población de 100 años y más. Hombres,2020,5,Personas
09,Ciudad de México,008,La Magdalena Contreras,1002000066,Población de 100 años y más. Mujeres,2020,22,Personas
09,Ciudad de México,008,La Magdalena Contreras,1002000067,Población de 15 a 19 años,2020,18889,Personas
09,Ciudad de México,008,La Magdalena Contreras,1002000068,Población de 15 a 19 años. Hombres,2020,9585,Personas
09,Ciudad de México,008,La Magdalena Contreras,1002000069,Población de 15 a 19 años. Mujeres,2020,9304,Personas
09,Ciudad de México,008,La Magdalena Contreras,1002000070,Población de 20 a 24 años,2020,19969,Personas
09,Ciudad de México,008,La Magdalena Contreras,1002000071,Población de 20 a 24 años. Hombres,2020,10068,Personas
09,Ciudad de México,008,La Magdalena Contreras,1002000072,Población de 20 a 24 años. Mujeres,2020,9901,Personas
09,Ciudad de México,008,La Magdalena Contreras,1002000073,Población de 25 a 29 años,2020,19833,Personas
09,Ciudad de México,008,La Magdalena Contreras,1002000074,Población de 25 a 29 años. Hombres,2020,9763,Personas
09,Ciudad de México,008,La Magdalena Contreras,1002000075,Población de 25 a 29 años. Mujeres,2020,10070,Personas
09,Ciudad de México,008,La Magdalena Contreras,1002000076,Población de 30 a 34 años,2020,18142,Personas
09,Ciudad de México,008,La Magdalena Contreras,1002000077,Población de 30 a 34 años. Hombres,2020,8855,Personas
09,Ciudad de México,008,La Magdalena Contreras,1002000078,Población de 30 a 34 años. Mujeres,2020,9287,Personas
09,Ciudad de México,008,La Magdalena Contreras,1002000079,Población de 35 a 39 años,2020,17677,Personas
09,Ciudad de México,008,La Magdalena Contreras,1002000080,Población de 35 a 39 años. Hombres,2020,8479,Personas
09,Ciudad de México,008,La Magdalena Contreras,1002000081,Población de 35 a 39 años. Mujeres,2020,9198,Personas
09,Ciudad de México,008,La Magdalena Contreras,1002000082,Población de 40 a 44 años,2020,17816,Personas
09,Ciudad de México,008,La Magdalena Contreras,1002000083,Población de 40 a 44 años. Hombres,2020,8278,Personas
09,Ciudad de México,008,La Magdalena Contreras,1002000084,Población de 40 a 44 años. Mujeres,2020,9538,Personas
09,Ciudad de México,008,La Magdalena Contreras,1002000085,Población de 45 a 49 años,2020,18821,Personas
09,Ciudad de México,008,La Magdalena Contreras,1002000086,Población de 45 a 49 años. Hombres,2020,8791,Personas
09,Ciudad de México,008,La Magdalena Contreras,1002000087,Población de 45 a 49 años. Mujeres,2020,10030,Personas
09,Ciudad de México,008,La Magdalena Contreras,1002000088,Población de 5 a 9 años,2020,16270,Personas
09,Ciudad de México,008,La Magdalena Contreras,1002000089,Población de 5 a 9 años. Hombres,2020,8278,Personas
09,Ciudad de México,008,La Magdalena Contreras,1002000090,Población de 5 a 9 años. Mujeres,2020,7992,Personas
09,Ciudad de México,008,La Magdalena Contreras,1002000091,Población de 50 a 54 años,2020,17234,Personas
09,Ciudad de México,008,La Magdalena Contreras,1002000092,Población de 50 a 54 años. Hombres,2020,7915,Personas
09,Ciudad de México,008,La Magdalena Contreras,1002000093,Población de 50 a 54 años. Mujeres,2020,9319,Personas
09,Ciudad de México,008,La Magdalena Contreras,1002000094,Población de 55 a 59 años,2020,13747,Personas
09,Ciudad de México,008,La Magdalena Contreras,1002000095,Población de 55 a 59 años. Hombres,2020,6251,Número de personas
09,Ciudad de México,008,La Magdalena Contreras,1002000096,Población de 55 a 59 años. Mujeres,2020,7496,Número de personas
09,Ciudad de México,008,La Magdalena Contreras,1002000097,Población de 60 a 64 años,2020,12007,Personas
09,Ciudad de México,008,La Magdalena Contreras,1002000098,Población de 60 a 64 años. Hombres,2020,5424,Número de personas
09,Ciudad de México,008,La Magdalena Contreras,1002000099,Población de 60 a 64 años. Mujeres,2020,6583,Número de personas
09,Ciudad de México,008,La Magdalena Contreras,1002000100,Población de 65 a 69 años,2020,9248,Personas
09,Ciudad de México,008,La Magdalena Contreras,1002000101,Población de 65 a 69 años. Hombres,2020,4035,Número de personas
09,Ciudad de México,008,La Magdalena Contreras,1002000102,Población de 65 a 69 años. Mujeres,2020,5213,Número de personas
09,Ciudad de México,008,La Magdalena Contreras,1002000103,Población de 70 a 74 años,2020,6846,Personas
09,Ciudad de México,008,La Magdalena Contreras,1002000104,Población de 70 a 74 años. Hombres,2020,3072,Número de personas
09,Ciudad de México,008,La Magdalena Contreras,1002000105,Población de 70 a 74 años. Mujeres,2020,3774,Número de personas
09,Ciudad de México,008,La Magdalena Contreras,1002000106,Población de 75 a 79 años,2020,4482,Personas
09,Ciudad de México,008,La Magdalena Contreras,1002000107,Población de 75 a 79 años. Hombres,2020,1899,Número de personas
09,Ciudad de México,008,La Magdalena Contreras,1002000108,Población de 75 a 79 años. Mujeres,2020,2583,Número de personas
09,Ciudad de México,008,La Magdalena Contreras,1002000109,Población de 80 a 84 años,2020,2832,Personas
09,Ciudad de México,008,La Magdalena Contreras,1002000110,Población de 80 a 84 años. Hombres,2020,1096,Número de personas
09,Ciudad de México,008,La Magdalena Contreras,1002000111,Población de 80 a 84 años. Mujeres,2020,1736,Número de personas
09,Ciudad de México,008,La Magdalena Contreras,1002000112,Población de 85 a 89 años,2020,1661,Personas
09,Ciudad de México,008,La Magdalena Contreras,1002000113,Población de 85 a 89 años. Hombres,2020,607,Número de personas
09,Ciudad de México,008,La Magdalena Contreras,1002000114,Población de 85 a 89 años. Mujeres,2020,1054,Número de personas
09,Ciudad de México,008,La Magdalena Contreras,1002000115,Población de 90 a 94 años,2020,731,Personas
09,Ciudad de México,008,La Magdalena Contreras,1002000116,Población de 90 a 94 años. Hombres,2020,224,Número de personas
09,Ciudad de México,008,La Magdalena Contreras,1002000117,Población de 90 a 94 años. Mujeres,2020,507,Número de personas
09,Ciudad de México,008,La Magdalena Contreras,1002000118,Población de 95 a 99 años,2020,239,Personas
09,Ciudad de México,008,La Magdalena Contreras,1002000119,Población de 95 a 99 años. Hombres,2020,65,Número de personas
09,Ciudad de México,008,La Magdalena Contreras,1002000120,Población de 95 a 99 años. Mujeres,2020,174,Número de personas
09,Ciudad de México,008,La Magdalena Contreras,1002000127,Relación de dependencia,2020,42.1764722772562,Personas dependientes por cada 100 personas en edad de trabajar
09,Ciudad de México,008,La Magdalena Contreras,1003000001,Total de viviendas particulares habitadas,2020,68089,Viviendas
09,Ciudad de México,008,La Magdalena Contreras,1003000011,Viviendas particulares habitadas,2020,63122,Número de Viviendas
09,Ciudad de México,008,La Magdalena Contreras,1003000015,Promedio de ocupantes en viviendas particulares habitadas,2020,3.62553122656353,Promedio
09,Ciudad de México,008,La Magdalena Contreras,1003000017,Viviendas particulares habitadas que disponen de energía eléctrica,2020,67911,Viviendas
09,Ciudad de México,008,La Magdalena Contreras,1003000018,Viviendas particulares habitadas que disponen de agua de la red pública en el ámbito de la vivienda,2020,67184,Viviendas
09,Ciudad de México,008,La Magdalena Contreras,1003000019,Viviendas particulares habitadas que disponen de drenaje,2020,67748,Viviendas
09,Ciudad de México,008,La Magdalena Contreras,1003000020,Viviendas particulares habitadas que disponen de excusado o sanitario,2020,67801,Viviendas
09,Ciudad de México,008,La Magdalena Contreras,1003000023,Viviendas particulares habitadas que disponen de lavadora,2020,56903,Viviendas
09,Ciudad de México,008,La Magdalena Contreras,1003000024,Viviendas particulares habitadas que disponen de computadora,2020,37699,Viviendas
09,Ciudad de México,008,La Magdalena Contreras,1004000001,Población derechohabiente a servicios de salud,2020,178961,Personas
09,Ciudad de México,008,La Magdalena Contreras,1005000012,Población de 5 años y más que asiste a la escuela,2020,58816,Personas
09,Ciudad de México,008,La Magdalena Contreras,1005000038,Grado promedio de escolaridad de la población de 15 y más años,2020,10.8415515382494,Años de escolaridad
09,Ciudad de México,008,La Magdalena Contreras,1005000039,Población de 5 años y más hablante de lengua indígena,2020,2881,Personas
09,Ciudad de México,008,La Magdalena Contreras,3104003001,Porcentaje de población inmigrante (migración reciente),2020,1.89240555094214,Porcentaje
09,Ciudad de México,008,La Magdalena Contreras,3105001001,Densidad de población,2020,3904.55456251678,Habitantes por kilómetro cuadrado
09,Ciudad de México,008,La Magdalena Contreras,3105004001,Porcentaje de población en localidades de menos de 2 500 habitantes,2020,0.482186558544879,Porcentaje
09,Ciudad de México,008,La Magdalena Contreras,3108001001,Porcentaje de analfabetas total,2020,1.86462605081893,Porcentaje
09,Ciudad de México,008,La Magdalena Contreras,3108001002,Porcentaje de analfabetas hombres,2020,1.29856374189722,Porcentaje
09,Ciudad de México,008,La Magdalena Contreras,3108001003,Porcentaje de analfabetas mujeres,2020,2.36981160612162,Porcentaje
09,Ciudad de México,008,La Magdalena Contreras,3114004001,Porcentaje de viviendas con piso de tierra,2020,0.908783436024881,Porcentaje
09,Ciudad de México,008,La Magdalena Contreras,3114006001,Porcentaje de viviendas con electricidad,2020,99.8647118509478,Porcentaje
09,Ciudad de México,008,La Magdalena Contreras,6200031290,Porcentaje de viviendas particulares habitadas con disponibilidad de drenaje,2020,99.6250165433878,Porcentaje
09,Ciudad de México,008,La Magdalena Contreras,6200031291,Porcentaje de viviendas particulares habitadas con disponibilidad de excusado,2020,99.7029542814288,Porcentaje
09,Ciudad de México,008,La Magdalena Contreras,6200108938,Porcentaje de viviendas con techos de materiales resistentes,2020,90.9185517091855,Porcentaje
09,Ciudad de México,008,La Magdalena Contreras,6200205238,Población de 8 a 14 años que sabe leer y escribir,2020,24178,Personas
09,Ciudad de México,008,La Magdalena Contreras,6200205244,Viviendas que son cuarto de azotea,2020,5,Viviendas
09,Ciudad de México,008,La Magdalena Contreras,6200205245,Viviendas móviles,2020,1,Viviendas
09,Ciudad de México,008,La Magdalena Contreras,6200205246,Viviendas que son departamento en edificio o vivienda en vecindad,2020,4574,Viviendas
09,Ciudad de México,008,La Magdalena Contreras,6200205247,Viviendas que son refugio,2020,21,Viviendas
09,Ciudad de México,008,La Magdalena Contreras,6200205248,Viviendas colectivas,2020,18,Viviendas
09,Ciudad de México,008,La Magdalena Contreras,6200205249,Viviendas que son casa independiente o local no construido para habitación,2020,21607,Viviendas
09,Ciudad de México,008,La Magdalena Contreras,6200205251,Promedio de hijos nacidos vivos de las mujeres de 12 años y más casada sólo religiosamente,2020,2.81541802388708,Promedio
09,Ciudad de México,008,La Magdalena Contreras,6200205252,Población de 5 años y más inmigrante,2020,11386,Personas
09,Ciudad de México,008,La Magdalena Contreras,6200205253,Población total sin limitación en la actividad,2020,198109,Personas
09,Ciudad de México,008,La Magdalena Contreras,6200205254,Población total que no especificó limitación en la actividad,2020,510,Personas
09,Ciudad de México,008,La Magdalena Contreras,6200205255,Porcentaje de la población migrante internacional destino otro país,2020,43.905325443787,Porcentaje
09,Ciudad de México,008,La Magdalena Contreras,6200205256,Población de 5 años y más con religión no especificada,2020,682,Personas
09,Ciudad de México,008,La Magdalena Contreras,6200205257,Población de 5 años y más católica,2020,188947,Personas
09,Ciudad de México,008,La Magdalena Contreras,6200205258,Promedio de hijos nacidos vivos de las mujeres de 12 años y más solteras,2020,0.306461554954037,Promedio
09,Ciudad de México,008,La Magdalena Contreras,6200205259,Población nacida en otro país residente en México,2020,1443,Personas
09,Ciudad de México,008,La Magdalena Contreras,6200205260,Población con limitación en la actividad para escuchar,2020,7095,Personas
09,Ciudad de México,008,La Magdalena Contreras,6200205261,Población con limitación en la actividad para hablar o comunicarse,2020,1730,Personas
09,Ciudad de México,008,La Magdalena Contreras,6200205263,Población con limitación en la actividad para caminar o moverse,2020,10742,Personas
09,Ciudad de México,008,La Magdalena Contreras,6200205264,Porcentaje de la población migrante internacional destino no especificado,2020,10.887573964497,Porcentaje
09,Ciudad de México,008,La Magdalena Contreras,6200205265,Promedio de hijos nacidos vivos de las mujeres de 12 años y más que no especificó estado conyugal,2020,1.07692307692308,Promedio
09,Ciudad de México,008,La Magdalena Contreras,6200205266,Promedio de hijos nacidos vivos de las mujeres de 12 años y más casada civil y religiosamente,2020,2.58389890007021,Promedio
09,Ciudad de México,008,La Magdalena Contreras,6200205267,Promedio de hijos nacidos vivos de las mujeres de 12 años y más separadas,2020,2.30025608194622,Promedio
09,Ciudad de México,008,La Magdalena Contreras,6200205268,Población nacida en otro país residente en México hombres,2020,701,Personas
09,Ciudad de México,008,La Magdalena Contreras,6200205269,Población con limitación en la actividad para atender el cuidado personal,2020,1455,Personas
09,Ciudad de México,008,La Magdalena Contreras,6200205270,Población con limitación en la actividad para poner atención o aprender,2020,6955,Personas
09,Ciudad de México,008,La Magdalena Contreras,6200205271,Población con limitación en la actividad,2020,33389,Personas
09,Ciudad de México,008,La Magdalena Contreras,6200205272,Porcentaje de población nacida en otro país residente en México,2020,0.582743051909766,Porcentaje
09,Ciudad de México,008,La Magdalena Contreras,6200205273,Población de 5 años y más con religión distinta de católica,2020,23892,Personas
09,Ciudad de México,008,La Magdalena Contreras,6200205274,Porcentaje de población masculina nacida en otro país residente en México,2020,0.592626408650147,Porcentaje
09,Ciudad de México,008,La Magdalena Contreras,6200205275,Promedio de hijos nacidos vivos de las mujeres de 12 años y más divorciadas,2020,2.18546987354327,Promedio
09,Ciudad de México,008,La Magdalena Contreras,6200205276,Promedio de hijos nacidos vivos de las mujeres de 12 años y más en unión libre,2020,1.91107400624798,Promedio
09,Ciudad de México,008,La Magdalena Contreras,6200205277,Población de 5 años y más emigrante,2020,13945,Personas
09,Ciudad de México,008,La Magdalena Contreras,6200205279,Promedio de hijos nacidos vivos de las mujeres de 12 años y más casada sólo por lo civil,2020,2.18922155688623,Promedio
09,Ciudad de México,008,La Magdalena Contreras,6200205280,Población con limitación en la actividad para ver,2020,21495,Personas
09,Ciudad de México,008,La Magdalena Contreras,6200205282,Porcentaje de población femenina nacida en otro país residente en México,2020,0.573703947114084,Porcentaje
09,Ciudad de México,008,La Magdalena Contreras,6200205283,Promedio de hijos nacidos vivos de las mujeres de 12 años y más viudas,2020,4.13108484005563,Promedio
09,Ciudad de México,008,La Magdalena Contreras,6200205284,Población nacida en otro país residente en México mujeres,2020,742,Personas
09,Ciudad de México,008,La Magdalena Contreras,6200205285,Porcentaje de la población migrante internacional destino Estados Unidos de América,2020,45.207100591716,Porcentaje
09,Ciudad de México,008,La Magdalena Contreras,6200205286,Población con limitación en la actividad mental,2020,3786,Personas
09,Ciudad de México,008,La Magdalena Contreras,6200205288,Índice de masculinidad de la población nacida en otro país residente en México,2020,94.4743935309973,Índice
09,Ciudad de México,008,La Magdalena Contreras,6200205289,Población de 5 años y más sin religión,2020,21046,Personas
09,Ciudad de México,008,La Magdalena Contreras,6200240300,Porcentaje de hombres de 0 a 4 años,2020,2.63027154968717,Porcentaje
09,Ciudad de México,008,La Magdalena Contreras,6200240301,Población católica,2020,199.259,Miles DE personas
09,Ciudad de México,008,La Magdalena Contreras,6200240302,Porcentaje de la población de 60 a 84 años con limitación en la actividad,2020,31.9666807849781,Porcentaje
09,Ciudad de México,008,La Magdalena Contreras,6200240304,Tasa de monolingüismo de la población de 5 años y más hablante de Tojolabal,2020,0,Porcentaje
09,Ciudad de México,008,La Magdalena Contreras,6200240305,Porcentaje de la población que profesa la religión católica,2020,80.4690213308995,Porcentaje
09,Ciudad de México,008,La Magdalena Contreras,6200240310,Porcentaje de mujeres de 75 a 79 años,2020,1.04330334963789,Porcentaje
09,Ciudad de México,008,La Magdalena Contreras,6200240311,Porcentaje de hombres de 10 a 14 años,2020,3.66186146644101,Porcentaje
09,Ciudad de México,008,La Magdalena Contreras,6200240312,Porcentaje de mujeres de 5 a 9 años,2020,3.22806053825244,Porcentaje
09,Ciudad de México,008,La Magdalena Contreras,6200240314,Porcentaje de la población de 15 años y más con instrucción media superior,2020,26.9993656375343,Porcentaje
09,Ciudad de México,008,La Magdalena Contreras,6200240315,Porcentaje de la población con limitación mental,2020,1.57515040065236,Porcentaje
09,Ciudad de México,008,La Magdalena Contreras,6200240316,Tasa de monolingüismo de la población de 5 años y más hablante de Maya,2020,0,Porcentaje
09,Ciudad de México,008,La Magdalena Contreras,6200240318,Población de 5 años y más hablante de Tzeltal  (Tseltal),2020,28,Personas
09,Ciudad de México,008,La Magdalena Contreras,6200240319,Tasa de monolingüismo de la población de 5 años y más hablante de Mazateco,2020,1.15830115830115,Porcentaje
09,Ciudad de México,008,La Magdalena Contreras,6200240320,Población de 5 años y más hablante de Lenguas chinantecas,2020,86,Personas
09,Ciudad de México,008,La Magdalena Contreras,6200240323,Porcentaje de la población derechohabiente en el Seguro popular,2020,18.378305887875,Porcentaje
09,Ciudad de México,008,La Magdalena Contreras,6200240325,Tasa de monolingüismo de la población de 5 años y más hablante de Náhuatl,2020,0.64279155188246,Porcentaje
09,Ciudad de México,008,La Magdalena Contreras,6200240326,Población de 5 años y más hablante de Lenguas zapotecas,2020,205,Personas
09,Ciudad de México,008,La Magdalena Contreras,6200240328,Porcentaje de mujeres de 55 a 59 años,2020,3.02772044478732,Porcentaje
09,Ciudad de México,008,La Magdalena Contreras,6200240330,Porcentaje de hombres de 75 a 79 años,2020,0.767027898165838,Porcentaje
09,Ciudad de México,008,La Magdalena Contreras,6200240331,Población de 5 años y más hablante de Maya,2020,28,Personas
09,Ciudad de México,008,La Magdalena Contreras,6200240332,Población de 5 años y más hablante de Otomí,2020,203,Personas
09,Ciudad de México,008,La Magdalena Contreras,6200240334,Población de 5 años y más hablante de Tojolabal,2020,0,Personas
09,Ciudad de México,008,La Magdalena Contreras,6200240341,Porcentaje de mujeres de 40 a 44 años,2020,3.85250768441588,Porcentaje
09,Ciudad de México,008,La Magdalena Contreras,6200240342,Porcentaje de mujeres de 70 a 74 años,2020,1.52436192084143,Porcentaje
09,Ciudad de México,008,La Magdalena Contreras,6200240343,Porcentaje de hombres de 15 a 19 años,2020,3.87149152391762,Porcentaje
09,Ciudad de México,008,La Magdalena Contreras,6200240344,Porcentaje de mujeres de 85 años y más,2020,0.709672468181873,Porcentaje
09,Ciudad de México,008,La Magdalena Contreras,6200240345,Población de 5 años y más hablante de Mixe,2020,85,Personas
09,Ciudad de México,008,La Magdalena Contreras,6200240354,Porcentaje de mujeres de 10 a 14 años,2020,3.64732065320564,Porcentaje
09,Ciudad de México,008,La Magdalena Contreras,6200240356,Porcentaje de mujeres de 20 a 24 años,2020,3.99912755120588,Porcentaje
09,Ciudad de México,008,La Magdalena Contreras,6200240357,Porcentaje de hombres de 35 a 39 años,2020,3.42476542840871,Porcentaje
09,Ciudad de México,008,La Magdalena Contreras,6200240358,Porcentaje de la población de 0 a 14 años con limitación en la actividad,2020,5.35480602811431,Porcentaje
09,Ciudad de México,008,La Magdalena Contreras,6200240361,Población de 5 años y más hablante de Mazahua,2020,137,Personas
09,Ciudad de México,008,La Magdalena Contreras,6200240364,Tasa de monolingüismo de la población de 5 años y más hablante de Chatino,2020,0,Porcentaje
09,Ciudad de México,008,La Magdalena Contreras,6200240365,Porcentaje de la población de 15 años y más con instrucción superior,2020,27.8909695755765,Porcentaje
09,Ciudad de México,008,La Magdalena Contreras,6200240366,Tasa de monolingüismo de la población de 5 años y más hablante de Lenguas mixtecas,2020,2.03252032520325,Porcentaje
09,Ciudad de México,008,La Magdalena Contreras,6200240367,Porcentaje de la población con limitación para hablar o comunicarse,2020,4.84987063000181,Porcentaje
09,Ciudad de México,008,La Magdalena Contreras,6200240368,Porcentaje de la población de 15 años y más con instrucción no especificada,2020,0.330168180978117,Porcentaje
09,Ciudad de México,008,La Magdalena Contreras,6200240377,Porcentaje de mujeres de 45 a 49 años,2020,4.05123213196596,Porcentaje
09,Ciudad de México,008,La Magdalena Contreras,6200240378,Porcentaje de mujeres de 0 a 4 años,2020,2.62542461194205,Porcentaje
09,Ciudad de México,008,La Magdalena Contreras,6200240379,Porcentaje de mujeres de 80 a 84 años,2020,0.701190327127907,Porcentaje
09,Ciudad de México,008,La Magdalena Contreras,6200240381,Tasa de monolingüismo de la población de 5 años y más hablante de Tzotzil (Tsotsil),2020,11.7647058823529,Porcentaje
09,Ciudad de México,008,La Magdalena Contreras,6200240384,Porcentaje de mujeres de 15 a 19 años,2020,3.75799239838597,Porcentaje
09,Ciudad de México,008,La Magdalena Contreras,6200240386,Población de 5 años y más hablante de Lenguas mixtecas,2020,246,Personas
09,Ciudad de México,008,La Magdalena Contreras,6200240388,Porcentaje de hombres de 65 a 69 años,2020,1.62978281679787,Porcentaje
09,Ciudad de México,008,La Magdalena Contreras,6200240389,Tasa de crecimiento promedio anual de las viviendas particulares habitadas,2020,0.757556418100447,Tasa
09,Ciudad de México,008,La Magdalena Contreras,6200240390,Porcentaje de la población con discapacidad por accidente,2020,12.4032208113967,Porcentaje
09,Ciudad de México,008,La Magdalena Contreras,6200240395,"Viviendas, de cada cien que cuentan con electricidad, agua y drenaje",2020,98.5530050144847,Porcentaje
09,Ciudad de México,008,La Magdalena Contreras,6200240396,Porcentaje de la población de 30 a 59 años con limitación en la actividad,2020,13.6218181115075,Porcentaje
09,Ciudad de México,008,La Magdalena Contreras,6200240397,Tasa de monolingüismo de la población de 5 años y más hablante de Chol (Ch''ol),2020,0,Porcentaje
09,Ciudad de México,008,La Magdalena Contreras,6200240398,Tasa de monolingüismo de la población de 5 años y más hablante de Totonaca (Totonaco),2020,2.9090909090909,Porcentaje
09,Ciudad de México,008,La Magdalena Contreras,6200240407,Índice de envejecimiento,2020,80.3600827388239,Porcentaje
09,Ciudad de México,008,La Magdalena Contreras,6200240410,Porcentaje de hombres de 60 a 64 años,2020,2.19081586079595,Porcentaje
09,Ciudad de México,008,La Magdalena Contreras,6200240411,Porcentaje de hombres de 85 años y más,2020,0.363924242363044,Porcentaje
09,Ciudad de México,008,La Magdalena Contreras,6200240413,Tasa de monolingüismo de la población de 5 años y más hablante de Huasteco,2020,0,Porcentaje
09,Ciudad de México,008,La Magdalena Contreras,6200240414,"Porcentaje de la población derechohabiente en PEMEX, SDN o SM",2020,1.15947049915903,Porcentaje
09,Ciudad de México,008,La Magdalena Contreras,6200240416,Porcentaje de la población usuaria de servicios de salud en instituciones de servicios médicos privados,2020,7.64691748481513,Porcentaje
09,Ciudad de México,008,La Magdalena Contreras,6200240421,Porcentaje de la población derechohabiente en el ISSSTE,2020,15.9543140684283,Porcentaje
09,Ciudad de México,008,La Magdalena Contreras,6200240423,Porcentaje de hombres de 40 a 44 años,2020,3.34357922117789,Porcentaje
09,Ciudad de México,008,La Magdalena Contreras,6200240424,Tasa de monolingüismo de la población de 5 años y más hablante de Mixe,2020,3.52941176470588,Porcentaje
09,Ciudad de México,008,La Magdalena Contreras,6200240425,Porcentaje de hombres de 70 a 74 años,2020,1.24081606275169,Porcentaje
09,Ciudad de México,008,La Magdalena Contreras,6200240426,Porcentaje de mujeres de 60 a 64 años,2020,2.65894926467915,Porcentaje
09,Ciudad de México,008,La Magdalena Contreras,6200240427,Porcentaje de mujeres de 65 a 69 años,2020,2.10559053877752,Porcentaje
09,Ciudad de México,008,La Magdalena Contreras,6200240428,Tasa de monolingüismo de la población de 5 años y más hablante de Otomí,2020,0,Porcentaje
09,Ciudad de México,008,La Magdalena Contreras,6200240430,Porcentaje de la población con limitación para caminar y moverse,2020,32.1722723052502,Porcentaje
09,Ciudad de México,008,La Magdalena Contreras,6200240431,Población de 5 años y más hablante de Purépecha (Tarasco),2020,13,Personas
09,Ciudad de México,008,La Magdalena Contreras,6200240432,Tasa de monolingüismo de la población de 5 años y más hablante de Zoque,2020,0,Porcentaje
09,Ciudad de México,008,La Magdalena Contreras,6200240433,Tasa de monolingüismo de la población de 5 años y más hablante de Lenguas zapotecas,2020,0,Porcentaje
09,Ciudad de México,008,La Magdalena Contreras,6200240434,Población de 5 años y más hablante de Chatino,2020,2,Personas
09,Ciudad de México,008,La Magdalena Contreras,6200240435,Porcentaje de la población con limitación para atender el cuidado personal,2020,4.35772260325257,Porcentaje
09,Ciudad de México,008,La Magdalena Contreras,6200240443,Porcentaje de mujeres de 35 a 39 años,2020,3.71517778163738,Porcentaje
09,Ciudad de México,008,La Magdalena Contreras,6200240444,Porcentaje de hombres de 55 a 59 años,2020,2.52485065373073,Porcentaje
09,Ciudad de México,008,La Magdalena Contreras,6200240445,Porcentaje de hombres de 5 a 9 años,2020,3.34357922117789,Porcentaje
09,Ciudad de México,008,La Magdalena Contreras,6200240447,Porcentaje de la población de 15 años y más sin instrucción,2020,2.59738962342845,Porcentaje
09,Ciudad de México,008,La Magdalena Contreras,6200240449,Tasa de monolingüismo de la población de 5 años y más hablante de lengua indígena,2020,1.041305102395,Porcentaje
09,Ciudad de México,008,La Magdalena Contreras,6200240450,Porcentaje de la población con limitación para ver,2020,64.3774895923807,Porcentaje
09,Ciudad de México,008,La Magdalena Contreras,6200240451,Población de 5 años y más hablante de Tarahumara,2020,3,Personas
09,Ciudad de México,008,La Magdalena Contreras,6200240452,Población de 5 años y más hablante de Chol (Ch''ol),2020,9,Personas
09,Ciudad de México,008,La Magdalena Contreras,6200240453,Población de 5 años y más hablante de Totonaca (Totonaco),2020,275,Personas
09,Ciudad de México,008,La Magdalena Contreras,6200240454,Tasa de monolingüismo de la población de 5 años y más hablante de Mazahua,2020,0,Porcentaje
09,Ciudad de México,008,La Magdalena Contreras,6200240458,Porcentaje de la población con discapacidad por edad avanzada,2020,30.187364509136,Porcentaje
09,Ciudad de México,008,La Magdalena Contreras,6200240459,Porcentaje de la población con discapacidad por nacimiento,2020,13.9826571694023,Porcentaje
09,Ciudad de México,008,La Magdalena Contreras,6200240466,Población de 5 años y más hablante de Tlapaneco,2020,69,Personas
09,Ciudad de México,008,La Magdalena Contreras,6200240471,Porcentaje de la población derechohabiente en el IMSS,2020,59.2240767541531,Porcentaje
09,Ciudad de México,008,La Magdalena Contreras,6200240475,Porcentaje de hombres de 80 a 84 años,2020,0.442686980721305,Porcentaje
09,Ciudad de México,008,La Magdalena Contreras,6200240477,Porcentaje de la población de 85 y más con limitación en la actividad,2020,32.543265613243,Porcentaje
09,Ciudad de México,008,La Magdalena Contreras,6200240478,Porcentaje de la población con limitación para escuchar,2020,21.2495133127677,Porcentaje
09,Ciudad de México,008,La Magdalena Contreras,6200240479,Porcentaje de la población con limitación para poner atención o aprender,2020,20.8302135433826,Porcentaje
09,Ciudad de México,008,La Magdalena Contreras,6200240480,Población de 5 años y más hablante de Huasteco,2020,27,Personas
09,Ciudad de México,008,La Magdalena Contreras,6200240481,Población de 5 años y más hablante de Tzotzil (Tsotsil),2020,17,Personas
09,Ciudad de México,008,La Magdalena Contreras,6200240486,Porcentaje de hombres de 25 a 29 años,2020,3.94338776713695,Porcentaje
09,Ciudad de México,008,La Magdalena Contreras,6200240488,Porcentaje de la población de 15 a 29 años con limitación en la actividad,2020,7.79506227530627,Porcentaje
09,Ciudad de México,008,La Magdalena Contreras,6200240493,Porcentaje de la población de 5 años y más hablante de lengua indígena,2020,1.22822050842616,Porcentaje
09,Ciudad de México,008,La Magdalena Contreras,6200240495,Porcentaje de la población con discapacidad por otra causa,2020,11.7838340043357,Porcentaje
09,Ciudad de México,008,La Magdalena Contreras,6200240496,Población de 5 años y más hablante de Náhuatl,2020,1089,Personas
09,Ciudad de México,008,La Magdalena Contreras,6200240497,Población no católica,2020,14233,Miles DE personas
09,Ciudad de México,008,La Magdalena Contreras,6200240499,Porcentaje de la población que profesa la religión protestante y evangélica,2020,5.27618709161545,Porcentaje
09,Ciudad de México,008,La Magdalena Contreras,6200240507,Porcentaje de mujeres de 50 a 54 años,2020,3.76405107056737,Porcentaje
09,Ciudad de México,008,La Magdalena Contreras,6200240509,Tasa de monolingüismo de la población de 5 años y más hablante de Tarahumara,2020,0,Porcentaje
09,Ciudad de México,008,La Magdalena Contreras,6200240518,Porcentaje de hombres de 30 a 34 años,2020,3.57663614442259,Porcentaje
09,Ciudad de México,008,La Magdalena Contreras,6200240520,Porcentaje de hombres de 20 a 24 años,2020,4.06658076815885,Porcentaje
09,Ciudad de México,008,La Magdalena Contreras,6200240521,Población de 5 años y más hablante de Zoque,2020,1,Personas
09,Ciudad de México,008,La Magdalena Contreras,6200240522,Tasa de monolingüismo de la población de 5 años y más hablante de Purépecha (Tarasco),2020,0,Porcentaje
09,Ciudad de México,008,La Magdalena Contreras,6200240532,Porcentaje de hombres de 45 a 49 años,2020,3.55078580978193,Porcentaje
09,Ciudad de México,008,La Magdalena Contreras,6200240533,Porcentaje de hombres de 50 a 54 años,2020,3.19695935438789,Porcentaje
09,Ciudad de México,008,La Magdalena Contreras,6200240534,Tasa de monolingüismo de la población de 5 años y más hablante de Resto de lenguas,2020,1.01010101010101,Porcentaje
09,Ciudad de México,008,La Magdalena Contreras,6200240535,Población de 5 años y más hablante de Mazateco,2020,259,Personas
09,Ciudad de México,008,La Magdalena Contreras,6200240536,Tasa de monolingüismo de la población de 5 años y más hablante de Tlapaneco,2020,0,Porcentaje
09,Ciudad de México,008,La Magdalena Contreras,6200240537,Tasa de monolingüismo de la población de 5 años y más hablante de Tzeltal (Tseltal),2020,0,Porcentaje
09,Ciudad de México,008,La Magdalena Contreras,6200240538,Población de 5 años y más hablante del Resto de lenguas,2020,99,Personas
09,Ciudad de México,008,La Magdalena Contreras,6200240539,Tasa de monolingüismo de la población de 5 años y más hablante de Lenguas chinantecas,2020,1.16279069767441,Porcentaje
09,Ciudad de México,008,La Magdalena Contreras,6200240540,Porcentaje de la población con discapacidad por enfermedad,2020,40.7943635800557,Porcentaje
09,Ciudad de México,008,La Magdalena Contreras,6200240548,Porcentaje de mujeres de 25 a 29 años,2020,4.06738859111637,Porcentaje
09,Ciudad de México,008,La Magdalena Contreras,6200240549,Porcentaje de mujeres de 30 a 34 años,2020,3.75112590324704,Porcentaje
09,Ciudad de México,008,La Magdalena Contreras,6205370864,Porcentaje de población que se considera afrodescendiente,2020,2.20456986859003,Porcentaje
09,Ciudad de México,008,La Magdalena Contreras,6207019007,Porcentaje de la población de 12 años y más viuda,2020,5.16699187299903,Porcentaje
09,Ciudad de México,008,La Magdalena Contreras,6207019009,Porcentaje de la población de 12 años y más casada,2020,31.4854983234509,Porcentaje
09,Ciudad de México,008,La Magdalena Contreras,6207019010,Porcentaje de población de 25 años y más alfabeta,2020,97.3943709984319,Porcentaje
09,Ciudad de México,008,La Magdalena Contreras,6207019011,Porcentaje de la población de 12 años y más soltera,2020,35.7479114175839,Porcentaje
09,Ciudad de México,008,La Magdalena Contreras,6207019012,Porcentaje de la población de 12 años y más separada,2020,6.86106427718946,Porcentaje
09,Ciudad de México,008,La Magdalena Contreras,6207019016,Porcentaje de la población de 12 años y más divorciada,2020,2.96000909314793,Porcentaje
09,Ciudad de México,008,La Magdalena Contreras,6207019017,Porcentaje de población afiliada a otra institución,2020,0.677801308665016,Porcentaje
09,Ciudad de México,008,La Magdalena Contreras,6207019018,Porcentaje de población afiliada a servicios de salud,2020,72.2718498356366,Porcentaje
09,Ciudad de México,008,La Magdalena Contreras,6207019019,Porcentaje de la población de 12 años y más en unión libre,2020,17.561615549283,Porcentaje
09,Ciudad de México,008,La Magdalena Contreras,6207019020,Porcentaje de población de 15 años y más sin escolaridad,2020,2.44304474003626,Porcentaje
09,Ciudad de México,008,La Magdalena Contreras,6207019022,Porcentaje de viviendas particulares habitadas propias,2020,60.9554094095541,Porcentaje
09,Ciudad de México,008,La Magdalena Contreras,6207019023,Porcentaje de hijos fallecidos de las mujeres de 15 a 49 años,2020,2.90782896302885,Porcentaje
09,Ciudad de México,008,La Magdalena Contreras,6207019024,Porcentaje de la población de 3 a 5 años que asiste a la escuela,2020,72.1283972709988,Porcentaje
09,Ciudad de México,008,La Magdalena Contreras,6207019026,Porcentaje de la población de 6 a 11 años que asiste a la escuela,2020,95.811337510484,Porcentaje
09,Ciudad de México,008,La Magdalena Contreras,6207019028,Porcentaje de la población de 12 a 14 años que asiste a la escuela,2020,93.8704667945556,Porcentaje
09,Ciudad de México,008,La Magdalena Contreras,6207019029,Porcentaje de la población de 15 a 24 años que asiste a la escuela,2020,52.0819393689845,Porcentaje
09,Ciudad de México,008,La Magdalena Contreras,6207019030,Porcentaje de población de 12 años y más económicamente activa,2020,62.9406861537879,Porcentaje
09,Ciudad de México,008,La Magdalena Contreras,6207019031,Porcentaje de población de 15 años y más con escolaridad básica,2020,42.3364518658748,Porcentaje
09,Ciudad de México,008,La Magdalena Contreras,6207019034,Porcentaje de población de 3 años y más hablante de lengua indígena,2020,1.20237312675259,Porcentaje
09,Ciudad de México,008,La Magdalena Contreras,6207019035,Porcentaje de la población de 12 años y más No Económicamente Activa,2020,36.6415973629871,Porcentaje
09,Ciudad de México,008,La Magdalena Contreras,6207019036,Promedio de hijos nacidos vivos de las mujeres de 15 a 49 años EI2015,2020,1.18804512844938,Promedio
09,Ciudad de México,008,La Magdalena Contreras,6207019039,Porcentaje de la población de 12 años y más económicamente activa ocupada,2020,97.336303029391,Porcentaje
09,Ciudad de México,008,La Magdalena Contreras,6207019040,Porcentaje de la población femenina de 12 años y más económicamente activa,2020,45.1902963174766,Porcentaje
09,Ciudad de México,008,La Magdalena Contreras,6207019042,Porcentaje de viviendas particulares habitadas que disponen de Internet,2020,74.4864197167772,Porcentaje
09,Ciudad de México,008,La Magdalena Contreras,6207019043,Porcentaje de la población masculina de 12 años y más económicamente activa,2020,54.8097036825234,Porcentaje
09,Ciudad de México,008,La Magdalena Contreras,6207019046,Porcentaje de viviendas particulares habitadas que disponen de computadora,2020,55.437260120877,Porcentaje
09,Ciudad de México,008,La Magdalena Contreras,6207019047,Porcentaje de la población de 12 años y más no económicamente activa que estudia,2020,37.8554441112605,Porcentaje
09,Ciudad de México,008,La Magdalena Contreras,6207019050,Porcentaje de viviendas particulares habitadas que disponen de teléfono fijo,2020,70.64688322574,Porcentaje
09,Ciudad de México,008,La Magdalena Contreras,6207019051,Porcentaje de la población de 12 años y más sin especificar su situación conyugal,2020,0.216909466345881,Porcentaje
09,Ciudad de México,008,La Magdalena Contreras,6207019054,Porcentaje de la población femenina de 12 años y más económicamente activa ocupada,2020,97.9502805667949,Porcentaje
09,Ciudad de México,008,La Magdalena Contreras,6207019055,Porcentaje de viviendas particulares habitadas que disponen de teléfono celular,2020,91.5930179550902,Porcentaje
09,Ciudad de México,008,La Magdalena Contreras,6207019056,Porcentaje de la población masculina de 12 años y más económicamente activa ocupada,2020,96.8300819593361,Porcentaje
09,Ciudad de México,008,La Magdalena Contreras,6207019057,Porcentaje de viviendas particulares habitadas que disponen de televisión de paga,2020,50.6242371660074,Porcentaje
09,Ciudad de México,008,La Magdalena Contreras,6207019058,Porcentaje de población de 3 años y más hablante de lengua indígena que no habla español,2020,1.03806228373702,Porcentaje
09,Ciudad de México,008,La Magdalena Contreras,6207019059,Porcentaje de población de 12 años con condición de actividad económica no especificada,2020,0.417716483225036,Porcentaje
09,Ciudad de México,008,La Magdalena Contreras,6207019060,Porcentaje de la población de 12 años y más no económicamente activa que es pensionada o jubilada,2020,14.6559301002999,Porcentaje
09,Ciudad de México,008,La Magdalena Contreras,6207019063,Porcentaje de superficie en el ámbito geográfico de referencia respecto a la unidad geográfica superior,2020,4.24400113454277,Porcentaje
09,Ciudad de México,008,La Magdalena Contreras,6207019064,Porcentaje de la población de 12 años y más no económicamente activa que se dedica a los quehaceres del hogar,2020,35.640057905077,Porcentaje
09,Ciudad de México,008,La Magdalena Contreras,6207019065,Porcentaje de la población de 12 años y más no económicamente activa que realiza otras actividades no económicas,2020,8.76977561782649,Porcentaje
09,Ciudad de México,008,La Magdalena Contreras,6207019070,Porcentaje de la población de 12 años y más no económicamente activa con alguna limitación física o mental que les impide trabajar,2020,3.07879226553614,Porcentaje
09,Ciudad de México,008,La Magdalena Contreras,6207020032,Porcentaje de hombres,2020,47.769180444387,Porcentaje
09,Ciudad de México,008,La Magdalena Contreras,6207020033,Porcentaje de mujeres,2020,52.230819555613,Porcentaje
09,Ciudad de México,008,La Magdalena Contreras,6207020035,Promedio de ocupantes por cuarto (Índice de hacinamiento),2020,0.865716674159829,Promedio
09,Ciudad de México,008,La Magdalena Contreras,6207049066,Población de 6 a 14 años que sabe leer y escribir,2020,28949,Porcentaje
09,Ciudad de México,008,La Magdalena Contreras,6207049067,Población de 6 a 14 años que no sabe leer y escribir,2020,2080,Porcentaje
09,Ciudad de México,008,La Magdalena Contreras,6207049068,Porcentaje de la población de 3 años y más que asiste a la escuela,2020,25.9221661022308,Porcentaje
09,Ciudad de México,008,La Magdalena Contreras,6207049069,Porcentaje de la población de 3 años y más que no asiste a la escuela,2020,73.8702269115236,Porcentaje
09,Ciudad de México,008,La Magdalena Contreras,6207049070,Población de 6 a 14 años que no especificó si sabe o no leer y escribir,2020,187,Porcentaje
09,Ciudad de México,008,La Magdalena Contreras,6207049071,Porcentaje de la población de 3 años y más que no especificó si asiste o no a la escuela,2020,0.207606986245517,Porcentaje
09,Ciudad de México,008,La Magdalena Contreras,6207051593,Porcentaje de población de 6 a 14 años que no asiste a la escuela,2020,4.721937,Porcentaje
09,Ciudad de México,008,La Magdalena Contreras,6207068394,Porcentaje de viviendas con agua entubada dentro de la vivienda,2020,88.5637398350073,Porcentaje
09,Ciudad de México,008,La Magdalena Contreras,6207129629,Porcentaje de la población nacional/estatal que representa,2020,2.68863741191043,Porcentaje
09,Ciudad de México,008,La Magdalena Contreras,6207129630,Promedio de ocupantes por dormitorio,2020,1.66871589324161,Promedio
09,Ciudad de México,008,La Magdalena Contreras,6207129631,Porcentaje de viviendas particulares habitadas que disponen de tinaco,2020,84.8918430069262,Porcentaje
09,Ciudad de México,008,La Magdalena Contreras,6207129632,Porcentaje de viviendas particulares habitadas que disponen de cisterna o aljibe,2020,24.7518491831243,Porcentaje
09,Ciudad de México,008,La Magdalena Contreras,6207129635,Porcentaje de viviendas particulares habitadas que disponen de Automóvil o camioneta,2020,45.918562416364,Porcentaje
09,Ciudad de México,008,La Magdalena Contreras,6207129636,Porcentaje de viviendas particulares habitadas que disponen de motocicleta o motoneta,2020,7.71289501933738,Porcentaje
09,Ciudad de México,008,La Magdalena Contreras,6207129637,Porcentaje de viviendas particulares habitadas que disponen de bicicleta como medio de transporte,2020,8.47609664279517,Porcentaje
09,Ciudad de México,008,La Magdalena Contreras,6207129638,Porcentaje de la población con algún tipo de  discapacidad,2020,5.5968371146344,Porcentaje
09,Ciudad de México,008,La Magdalena Contreras,6207129639,Porcentaje de la población entre 0 y 17 años con algún tipo de  discapacidad,2020,2.00915738399508,Porcentaje
09,Ciudad de México,008,La Magdalena Contreras,6207129640,Porcentaje de la población entre 18 y 29 años con algún tipo de  discapacidad,2020,2.15831878326356,Porcentaje
09,Ciudad de México,008,La Magdalena Contreras,6207129641,Porcentaje de la población entre 30 y 59 años con algún tipo de  discapacidad,2020,4.27603275423688,Porcentaje
09,Ciudad de México,008,La Magdalena Contreras,6207129642,Porcentaje de la población de 60 años y más con algún tipo de  discapacidad,2020,19.000341449321,Porcentaje
09,Ciudad de México,008,La Magdalena Contreras,6207129643,Porcentaje de la población de 5 y más años migrante según causa: Trabajo,2020,23.08066872261,Porcentaje
09,Ciudad de México,008,La Magdalena Contreras,6207129644,Porcentaje de la población de 5 y más años migrante según causa: Familiar,2020,44.724882324298,Porcentaje
09,Ciudad de México,008,La Magdalena Contreras,6207129645,Porcentaje de la población de 5 y más años migrante según causa: Educativa,2020,5.16149975653303,Porcentaje
09,Ciudad de México,008,La Magdalena Contreras,6207129646,Porcentaje de la población de 5 y más años migrante según causa: Inseguridad delictiva o violencia,2020,3.68446680733647,Porcentaje
09,Ciudad de México,008,La Magdalena Contreras,6207129647,Porcentaje de la población de 5 y más años migrante según causa: Otra causa,2020,19.9886382080831,Porcentaje
09,Ciudad de México,008,La Magdalena Contreras,6207129648,Promedio de hijos nacidos vivos por grupo de edad: 15-19,2020,0.0793924377895077,Promedio
09,Ciudad de México,008,La Magdalena Contreras,6207129649,Promedio de hijos nacidos vivos por grupo de edad: 20-24,2020,0.431606636989073,Promedio
09,Ciudad de México,008,La Magdalena Contreras,6207129650,Promedio de hijos nacidos vivos por grupo de edad: 25-29,2020,0.899452463912394,Promedio
09,Ciudad de México,008,La Magdalena Contreras,6207129651,Promedio de hijos nacidos vivos por grupo de edad: 30-34,2020,1.30524384980578,Promedio
09,Ciudad de México,008,La Magdalena Contreras,6207129652,Promedio de hijos nacidos vivos por grupo de edad: 35-39,2020,1.68874605076806,Promedio
09,Ciudad de México,008,La Magdalena Contreras,6207129653,Promedio de hijos nacidos vivos por grupo de edad: 40-44,2020,1.88478101039807,Promedio
09,Ciudad de México,008,La Magdalena Contreras,6207129654,Promedio de hijos nacidos vivos por grupo de edad: 45-49,2020,2.0226863881671,Promedio
09,Ciudad de México,008,La Magdalena Contreras,6207129812,Porcentaje de viviendas particulares habitadas que disponen de refrigerador,2020,92.5356234283782,Porcentaje
09,Ciudad de México,008,La Magdalena Contreras,6207129813,Porcentaje de viviendas particulares habitadas que disponen de lavadora,2020,83.6771907121745,Porcentaje
09,Ciudad de México,008,La Magdalena Contreras,6207129818,Porcentaje de la población derechohabiente en Instituto de Salud para el Bienestar (IMSS-PROSPERA o IMSS-BIENESTAR),2020,0.16204647940054,Porcentaje
09,Ciudad de México,008,La Magdalena Contreras,6207129822,Ubicación geográfica con la mayor cantidad de pobladores. Primer lugar,2020,90080001,No aplica
09,Ciudad de México,008,La Magdalena Contreras,6207129825,Población de la ubicación geográfica con la mayor cantidad de pobladores. Primer lugar,2020,246428,Personas
09,Ciudad de México,008,La Magdalena Contreras,6207129828,Lengua indígena más frecuente. Descripción. Primer lugar,2020,211,No aplica
09,Ciudad de México,008,La Magdalena Contreras,6207129830,Lengua indígena más frecuente. Porcentaje. Primer lugar,2020,38.4453042560675,Porcentaje
09,Ciudad de México,008,La Magdalena Contreras,6207129840,Total de áreas geográficas,2020,23,Municipios
09,Ciudad de México,009,Milpa Alta,1001000001,Superficie continental,2020,298.24826134,Kilómetros cuadrados
09,Ciudad de México,009,Milpa Alta,1002000001,Población total,2020,152685,Personas
09,Ciudad de México,009,Milpa Alta,1002000002,Población total hombres,2020,74371,Personas
09,Ciudad de México,009,Milpa Alta,1002000003,Población total mujeres,2020,78314,Personas
09,Ciudad de México,009,Milpa Alta,1002000004,Porcentaje de población de 15 a 29 años,2020,26.0593039935548,Porcentaje
09,Ciudad de México,009,Milpa Alta,1002000005,Porcentaje de hombres de 15 a 29 años,2020,26.9323866386961,Porcentaje
09,Ciudad de México,009,Milpa Alta,1002000006,Porcentaje de mujeres de 15 a 29 años,2020,25.2301837639036,Porcentaje
09,Ciudad de México,009,Milpa Alta,1002000007,Porcentaje de población de 60 y más años,2020,10.7662882931271,Porcentaje
09,Ciudad de México,009,Milpa Alta,1002000008,Porcentaje de hombres de 60 y más años,2020,10.3141304932494,Porcentaje
09,Ciudad de México,009,Milpa Alta,1002000009,Porcentaje de mujeres de 60 y más años,2020,11.1956785472563,Porcentaje
09,Ciudad de México,009,Milpa Alta,1002000010,Edad mediana,2020,30,Años
09,Ciudad de México,009,Milpa Alta,1002000011,Edad mediana hombres,2020,29,Años
09,Ciudad de México,009,Milpa Alta,1002000012,Edad mediana mujeres,2020,30,Años
09,Ciudad de México,009,Milpa Alta,1002000013,Promedio de hijos nacidos vivos de las mujeres de 12 años y más,2020,1.88609861281936,Promedio
09,Ciudad de México,009,Milpa Alta,1002000014,Población en hogares censales,2020,152682,Personas
09,Ciudad de México,009,Milpa Alta,1002000015,Población en hogares familiares,2020,149038,Personas
09,Ciudad de México,009,Milpa Alta,1002000016,Población en hogares no familiares,2020,3632,Personas
09,Ciudad de México,009,Milpa Alta,1002000018,Hogares censales,2020,39100,Hogares
09,Ciudad de México,009,Milpa Alta,1002000019,Hogares con jefatura masculina,2020,26530,Hogares
09,Ciudad de México,009,Milpa Alta,1002000020,Hogares con jefatura femenina,2020,12570,Hogares
09,Ciudad de México,009,Milpa Alta,1002000021,Tamaño promedio de los hogares censales,2020,3.9049104859335,Personas
09,Ciudad de México,009,Milpa Alta,1002000022,Tamaño promedio de los hogares con jefe hombre,2020,4.04828496042216,Personas
09,Ciudad de México,009,Milpa Alta,1002000023,Tamaño promedio de los hogares con jefe mujer,2020,3.60230708035004,Personas
09,Ciudad de México,009,Milpa Alta,1002000024,Relación hombres-mujeres,2020,94.9651403325076,Hombres por cada 100 mujeres
09,Ciudad de México,009,Milpa Alta,1002000041,Porcentaje de personas de 15 años y más alfabetas,2020,97.0960811275352,Porcentaje
09,Ciudad de México,009,Milpa Alta,1002000050,Tasa de alfabetización de las personas de 15 a 24 años,2020,99.2435534356834,Tasa
09,Ciudad de México,009,Milpa Alta,1002000055,Población de edad no especificada,2020,14,Personas
09,Ciudad de México,009,Milpa Alta,1002000056,Población de edad no especificada. Hombres,2020,7,Personas
09,Ciudad de México,009,Milpa Alta,1002000057,Población de edad no especificada. Mujeres,2020,7,Personas
09,Ciudad de México,009,Milpa Alta,1002000058,Población de 0 a 4 años,2020,10348,Personas
09,Ciudad de México,009,Milpa Alta,1002000059,Población de 0 a 4 años. Hombres,2020,5173,Personas
09,Ciudad de México,009,Milpa Alta,1002000060,Población de 0 a 4 años. Mujeres,2020,5175,Personas
09,Ciudad de México,009,Milpa Alta,1002000061,Población de 10 a 14 años,2020,13298,Personas
09,Ciudad de México,009,Milpa Alta,1002000062,Población de 10 a 14 años. Hombres,2020,6719,Personas
09,Ciudad de México,009,Milpa Alta,1002000063,Población de 10 a 14 años. Mujeres,2020,6579,Personas
09,Ciudad de México,009,Milpa Alta,1002000064,Población de 100 años y más,2020,6,Personas
09,Ciudad de México,009,Milpa Alta,1002000065,Población de 100 años y más. Hombres,2020,1,Personas
09,Ciudad de México,009,Milpa Alta,1002000066,Población de 100 años y más. Mujeres,2020,5,Personas
09,Ciudad de México,009,Milpa Alta,1002000067,Población de 15 a 19 años,2020,13445,Personas
09,Ciudad de México,009,Milpa Alta,1002000068,Población de 15 a 19 años. Hombres,2020,6977,Personas
09,Ciudad de México,009,Milpa Alta,1002000069,Población de 15 a 19 años. Mujeres,2020,6468,Personas
09,Ciudad de México,009,Milpa Alta,1002000070,Población de 20 a 24 años,2020,13391,Personas
09,Ciudad de México,009,Milpa Alta,1002000071,Población de 20 a 24 años. Hombres,2020,6748,Personas
09,Ciudad de México,009,Milpa Alta,1002000072,Población de 20 a 24 años. Mujeres,2020,6643,Personas
09,Ciudad de México,009,Milpa Alta,1002000073,Población de 25 a 29 años,2020,12949,Personas
09,Ciudad de México,009,Milpa Alta,1002000074,Población de 25 a 29 años. Hombres,2020,6303,Personas
09,Ciudad de México,009,Milpa Alta,1002000075,Población de 25 a 29 años. Mujeres,2020,6646,Personas
09,Ciudad de México,009,Milpa Alta,1002000076,Población de 30 a 34 años,2020,11690,Personas
09,Ciudad de México,009,Milpa Alta,1002000077,Población de 30 a 34 años. Hombres,2020,5577,Personas
09,Ciudad de México,009,Milpa Alta,1002000078,Población de 30 a 34 años. Mujeres,2020,6113,Personas
09,Ciudad de México,009,Milpa Alta,1002000079,Población de 35 a 39 años,2020,10995,Personas
09,Ciudad de México,009,Milpa Alta,1002000080,Población de 35 a 39 años. Hombres,2020,5176,Personas
09,Ciudad de México,009,Milpa Alta,1002000081,Población de 35 a 39 años. Mujeres,2020,5819,Personas
09,Ciudad de México,009,Milpa Alta,1002000082,Población de 40 a 44 años,2020,10591,Personas
09,Ciudad de México,009,Milpa Alta,1002000083,Población de 40 a 44 años. Hombres,2020,4984,Personas
09,Ciudad de México,009,Milpa Alta,1002000084,Población de 40 a 44 años. Mujeres,2020,5607,Personas
09,Ciudad de México,009,Milpa Alta,1002000085,Población de 45 a 49 años,2020,10215,Personas
09,Ciudad de México,009,Milpa Alta,1002000086,Población de 45 a 49 años. Hombres,2020,4838,Personas
09,Ciudad de México,009,Milpa Alta,1002000087,Población de 45 a 49 años. Mujeres,2020,5377,Personas
09,Ciudad de México,009,Milpa Alta,1002000088,Población de 5 a 9 años,2020,12665,Personas
09,Ciudad de México,009,Milpa Alta,1002000089,Población de 5 a 9 años. Hombres,2020,6368,Personas
09,Ciudad de México,009,Milpa Alta,1002000090,Población de 5 a 9 años. Mujeres,2020,6297,Personas
09,Ciudad de México,009,Milpa Alta,1002000091,Población de 50 a 54 años,2020,9428,Personas
09,Ciudad de México,009,Milpa Alta,1002000092,Población de 50 a 54 años. Hombres,2020,4355,Personas
09,Ciudad de México,009,Milpa Alta,1002000093,Población de 50 a 54 años. Mujeres,2020,5073,Personas
09,Ciudad de México,009,Milpa Alta,1002000094,Población de 55 a 59 años,2020,7219,Personas
09,Ciudad de México,009,Milpa Alta,1002000095,Población de 55 a 59 años. Hombres,2020,3476,Número de personas
09,Ciudad de México,009,Milpa Alta,1002000096,Población de 55 a 59 años. Mujeres,2020,3743,Número de personas
09,Ciudad de México,009,Milpa Alta,1002000097,Población de 60 a 64 años,2020,5696,Personas
09,Ciudad de México,009,Milpa Alta,1002000098,Población de 60 a 64 años. Hombres,2020,2724,Número de personas
09,Ciudad de México,009,Milpa Alta,1002000099,Población de 60 a 64 años. Mujeres,2020,2972,Número de personas
09,Ciudad de México,009,Milpa Alta,1002000100,Población de 65 a 69 años,2020,4012,Personas
09,Ciudad de México,009,Milpa Alta,1002000101,Población de 65 a 69 años. Hombres,2020,1911,Número de personas
09,Ciudad de México,009,Milpa Alta,1002000102,Población de 65 a 69 años. Mujeres,2020,2101,Número de personas
09,Ciudad de México,009,Milpa Alta,1002000103,Población de 70 a 74 años,2020,2761,Personas
09,Ciudad de México,009,Milpa Alta,1002000104,Población de 70 a 74 años. Hombres,2020,1263,Número de personas
09,Ciudad de México,009,Milpa Alta,1002000105,Población de 70 a 74 años. Mujeres,2020,1498,Número de personas
09,Ciudad de México,009,Milpa Alta,1002000106,Población de 75 a 79 años,2020,1830,Personas
09,Ciudad de México,009,Milpa Alta,1002000107,Población de 75 a 79 años. Hombres,2020,867,Número de personas
09,Ciudad de México,009,Milpa Alta,1002000108,Población de 75 a 79 años. Mujeres,2020,963,Número de personas
09,Ciudad de México,009,Milpa Alta,1002000109,Población de 80 a 84 años,2020,1146,Personas
09,Ciudad de México,009,Milpa Alta,1002000110,Población de 80 a 84 años. Hombres,2020,518,Número de personas
09,Ciudad de México,009,Milpa Alta,1002000111,Población de 80 a 84 años. Mujeres,2020,628,Número de personas
09,Ciudad de México,009,Milpa Alta,1002000112,Población de 85 a 89 años,2020,622,Personas
09,Ciudad de México,009,Milpa Alta,1002000113,Población de 85 a 89 años. Hombres,2020,242,Número de personas
09,Ciudad de México,009,Milpa Alta,1002000114,Población de 85 a 89 años. Mujeres,2020,380,Número de personas
09,Ciudad de México,009,Milpa Alta,1002000115,Población de 90 a 94 años,2020,277,Personas
09,Ciudad de México,009,Milpa Alta,1002000116,Población de 90 a 94 años. Hombres,2020,109,Número de personas
09,Ciudad de México,009,Milpa Alta,1002000117,Población de 90 a 94 años. Mujeres,2020,168,Número de personas
09,Ciudad de México,009,Milpa Alta,1002000118,Población de 95 a 99 años,2020,87,Personas
09,Ciudad de México,009,Milpa Alta,1002000119,Población de 95 a 99 años. Hombres,2020,35,Número de personas
09,Ciudad de México,009,Milpa Alta,1002000120,Población de 95 a 99 años. Mujeres,2020,52,Número de personas
09,Ciudad de México,009,Milpa Alta,1002000127,Relación de dependencia,2020,44.5488027722285,Personas dependientes por cada 100 personas en edad de trabajar
09,Ciudad de México,009,Milpa Alta,1003000001,Total de viviendas particulares habitadas,2020,39100,Viviendas
09,Ciudad de México,009,Milpa Alta,1003000011,Viviendas particulares habitadas,2020,37668,Número de Viviendas
09,Ciudad de México,009,Milpa Alta,1003000015,Promedio de ocupantes en viviendas particulares habitadas,2020,3.90621237351095,Promedio
09,Ciudad de México,009,Milpa Alta,1003000017,Viviendas particulares habitadas que disponen de energía eléctrica,2020,38879,Viviendas
09,Ciudad de México,009,Milpa Alta,1003000018,Viviendas particulares habitadas que disponen de agua de la red pública en el ámbito de la vivienda,2020,34923,Viviendas
09,Ciudad de México,009,Milpa Alta,1003000019,Viviendas particulares habitadas que disponen de drenaje,2020,38425,Viviendas
09,Ciudad de México,009,Milpa Alta,1003000020,Viviendas particulares habitadas que disponen de excusado o sanitario,2020,38683,Viviendas
09,Ciudad de México,009,Milpa Alta,1003000023,Viviendas particulares habitadas que disponen de lavadora,2020,26378,Viviendas
09,Ciudad de México,009,Milpa Alta,1003000024,Viviendas particulares habitadas que disponen de computadora,2020,13896,Viviendas
09,Ciudad de México,009,Milpa Alta,1004000001,Población derechohabiente a servicios de salud,2020,106580,Personas
09,Ciudad de México,009,Milpa Alta,1005000012,Población de 5 años y más que asiste a la escuela,2020,40732,Personas
09,Ciudad de México,009,Milpa Alta,1005000038,Grado promedio de escolaridad de la población de 15 y más años,2020,9.9515373352855,Años de escolaridad
09,Ciudad de México,009,Milpa Alta,1005000039,Población de 5 años y más hablante de lengua indígena,2020,4883,Personas
09,Ciudad de México,009,Milpa Alta,3104003001,Porcentaje de población inmigrante (migración reciente),2020,1.79739711572283,Porcentaje
09,Ciudad de México,009,Milpa Alta,3105001001,Densidad de población,2020,511.939279424468,Habitantes por kilómetro cuadrado
09,Ciudad de México,009,Milpa Alta,3105004001,Porcentaje de población en localidades de menos de 2 500 habitantes,2020,15.7022628286996,Porcentaje
09,Ciudad de México,009,Milpa Alta,3108001001,Porcentaje de analfabetas total,2020,2.76641457545548,Porcentaje
09,Ciudad de México,009,Milpa Alta,3108001002,Porcentaje de analfabetas hombres,2020,2.06937116783117,Porcentaje
09,Ciudad de México,009,Milpa Alta,3108001003,Porcentaje de analfabetas mujeres,2020,3.41542750929368,Porcentaje
09,Ciudad de México,009,Milpa Alta,3114004001,Porcentaje de viviendas con piso de tierra,2020,2.63097220443192,Porcentaje
09,Ciudad de México,009,Milpa Alta,3114006001,Porcentaje de viviendas con electricidad,2020,99.6003586524914,Porcentaje
09,Ciudad de México,009,Milpa Alta,6200031290,Porcentaje de viviendas particulares habitadas con disponibilidad de drenaje,2020,98.4372998591008,Porcentaje
09,Ciudad de México,009,Milpa Alta,6200031291,Porcentaje de viviendas particulares habitadas con disponibilidad de excusado,2020,99.0982451645959,Porcentaje
09,Ciudad de México,009,Milpa Alta,6200108938,Porcentaje de viviendas con techos de materiales resistentes,2020,82.9687025220298,Porcentaje
09,Ciudad de México,009,Milpa Alta,6200205238,Población de 8 a 14 años que sabe leer y escribir,2020,17986,Personas
09,Ciudad de México,009,Milpa Alta,6200205244,Viviendas que son cuarto de azotea,2020,0,Viviendas
09,Ciudad de México,009,Milpa Alta,6200205245,Viviendas móviles,2020,5,Viviendas
09,Ciudad de México,009,Milpa Alta,6200205246,Viviendas que son departamento en edificio o vivienda en vecindad,2020,297,Viviendas
09,Ciudad de México,009,Milpa Alta,6200205247,Viviendas que son refugio,2020,11,Viviendas
09,Ciudad de México,009,Milpa Alta,6200205248,Viviendas colectivas,2020,1,Viviendas
09,Ciudad de México,009,Milpa Alta,6200205249,Viviendas que son casa independiente o local no construido para habitación,2020,26019,Viviendas
09,Ciudad de México,009,Milpa Alta,6200205251,Promedio de hijos nacidos vivos de las mujeres de 12 años y más casada sólo religiosamente,2020,3.02424942263279,Promedio
09,Ciudad de México,009,Milpa Alta,6200205252,Población de 5 años y más inmigrante,2020,6293,Personas
09,Ciudad de México,009,Milpa Alta,6200205253,Población total sin limitación en la actividad,2020,124106,Personas
09,Ciudad de México,009,Milpa Alta,6200205254,Población total que no especificó limitación en la actividad,2020,52,Personas
09,Ciudad de México,009,Milpa Alta,6200205255,Porcentaje de la población migrante internacional destino otro país,2020,23.3333333333333,Porcentaje
09,Ciudad de México,009,Milpa Alta,6200205256,Población de 5 años y más con religión no especificada,2020,156,Personas
09,Ciudad de México,009,Milpa Alta,6200205257,Población de 5 años y más católica,2020,110066,Personas
09,Ciudad de México,009,Milpa Alta,6200205258,Promedio de hijos nacidos vivos de las mujeres de 12 años y más solteras,2020,0.268095430651031,Promedio
09,Ciudad de México,009,Milpa Alta,6200205259,Población nacida en otro país residente en México,2020,225,Personas
09,Ciudad de México,009,Milpa Alta,6200205260,Población con limitación en la actividad para escuchar,2020,4231,Personas
09,Ciudad de México,009,Milpa Alta,6200205261,Población con limitación en la actividad para hablar o comunicarse,2020,1084,Personas
09,Ciudad de México,009,Milpa Alta,6200205263,Población con limitación en la actividad para caminar o moverse,2020,5832,Personas
09,Ciudad de México,009,Milpa Alta,6200205264,Porcentaje de la población migrante internacional destino no especificado,2020,23.3333333333333,Porcentaje
09,Ciudad de México,009,Milpa Alta,6200205265,Promedio de hijos nacidos vivos de las mujeres de 12 años y más que no especificó estado conyugal,2020,0,Promedio
09,Ciudad de México,009,Milpa Alta,6200205266,Promedio de hijos nacidos vivos de las mujeres de 12 años y más casada civil y religiosamente,2020,2.88029997115662,Promedio
09,Ciudad de México,009,Milpa Alta,6200205267,Promedio de hijos nacidos vivos de las mujeres de 12 años y más separadas,2020,2.4198707043212,Promedio
09,Ciudad de México,009,Milpa Alta,6200205268,Población nacida en otro país residente en México hombres,2020,108,Personas
09,Ciudad de México,009,Milpa Alta,6200205269,Población con limitación en la actividad para atender el cuidado personal,2020,885,Personas
09,Ciudad de México,009,Milpa Alta,6200205270,Población con limitación en la actividad para poner atención o aprender,2020,4298,Personas
09,Ciudad de México,009,Milpa Alta,6200205271,Población con limitación en la actividad,2020,19860,Personas
09,Ciudad de México,009,Milpa Alta,6200205272,Porcentaje de población nacida en otro país residente en México,2020,0.147362216327734,Porcentaje
09,Ciudad de México,009,Milpa Alta,6200205273,Población de 5 años y más con religión distinta de católica,2020,22768,Personas
09,Ciudad de México,009,Milpa Alta,6200205274,Porcentaje de población masculina nacida en otro país residente en México,2020,0.145217894071614,Porcentaje
09,Ciudad de México,009,Milpa Alta,6200205275,Promedio de hijos nacidos vivos de las mujeres de 12 años y más divorciadas,2020,2.50045829514207,Promedio
09,Ciudad de México,009,Milpa Alta,6200205276,Promedio de hijos nacidos vivos de las mujeres de 12 años y más en unión libre,2020,2.08522127738812,Promedio
09,Ciudad de México,009,Milpa Alta,6200205277,Población de 5 años y más emigrante,2020,4524,Personas
09,Ciudad de México,009,Milpa Alta,6200205279,Promedio de hijos nacidos vivos de las mujeres de 12 años y más casada sólo por lo civil,2020,2.49640528339743,Promedio
09,Ciudad de México,009,Milpa Alta,6200205280,Población con limitación en la actividad para ver,2020,12929,Personas
09,Ciudad de México,009,Milpa Alta,6200205282,Porcentaje de población femenina nacida en otro país residente en México,2020,0.149398574967439,Porcentaje
09,Ciudad de México,009,Milpa Alta,6200205283,Promedio de hijos nacidos vivos de las mujeres de 12 años y más viudas,2020,4.31828113619811,Promedio
09,Ciudad de México,009,Milpa Alta,6200205284,Población nacida en otro país residente en México mujeres,2020,117,Personas
09,Ciudad de México,009,Milpa Alta,6200205285,Porcentaje de la población migrante internacional destino Estados Unidos de América,2020,53.3333333333333,Porcentaje
09,Ciudad de México,009,Milpa Alta,6200205286,Población con limitación en la actividad mental,2020,2041,Personas
09,Ciudad de México,009,Milpa Alta,6200205288,Índice de masculinidad de la población nacida en otro país residente en México,2020,92.3076923076923,Índice
09,Ciudad de México,009,Milpa Alta,6200205289,Población de 5 años y más sin religión,2020,9333,Personas
09,Ciudad de México,009,Milpa Alta,6200240300,Porcentaje de hombres de 0 a 4 años,2020,3.38833177224227,Porcentaje
09,Ciudad de México,009,Milpa Alta,6200240301,Población católica,2020,117.841,Miles DE personas
09,Ciudad de México,009,Milpa Alta,6200240302,Porcentaje de la población de 60 a 84 años con limitación en la actividad,2020,35.0534153447718,Porcentaje
09,Ciudad de México,009,Milpa Alta,6200240304,Tasa de monolingüismo de la población de 5 años y más hablante de Tojolabal,2020,0,Porcentaje
09,Ciudad de México,009,Milpa Alta,6200240305,Porcentaje de la población que profesa la religión católica,2020,77.1791597078953,Porcentaje
09,Ciudad de México,009,Milpa Alta,6200240310,Porcentaje de mujeres de 75 a 79 años,2020,0.630768122302205,Porcentaje
09,Ciudad de México,009,Milpa Alta,6200240311,Porcentaje de hombres de 10 a 14 años,2020,4.40096678478559,Porcentaje
09,Ciudad de México,009,Milpa Alta,6200240312,Porcentaje de mujeres de 5 a 9 años,2020,4.12455541654931,Porcentaje
09,Ciudad de México,009,Milpa Alta,6200240314,Porcentaje de la población de 15 años y más con instrucción media superior,2020,29.6192849776556,Porcentaje
09,Ciudad de México,009,Milpa Alta,6200240315,Porcentaje de la población con limitación mental,2020,1.38988198601265,Porcentaje
09,Ciudad de México,009,Milpa Alta,6200240316,Tasa de monolingüismo de la población de 5 años y más hablante de Maya,2020,0,Porcentaje
09,Ciudad de México,009,Milpa Alta,6200240318,Población de 5 años y más hablante de Tzeltal  (Tseltal),2020,16,Personas
09,Ciudad de México,009,Milpa Alta,6200240319,Tasa de monolingüismo de la población de 5 años y más hablante de Mazateco,2020,1.26382306477093,Porcentaje
09,Ciudad de México,009,Milpa Alta,6200240320,Población de 5 años y más hablante de Lenguas chinantecas,2020,49,Personas
09,Ciudad de México,009,Milpa Alta,6200240323,Porcentaje de la población derechohabiente en el Seguro popular,2020,50.9626571589416,Porcentaje
09,Ciudad de México,009,Milpa Alta,6200240325,Tasa de monolingüismo de la población de 5 años y más hablante de Náhuatl,2020,0.42826552462526,Porcentaje
09,Ciudad de México,009,Milpa Alta,6200240326,Población de 5 años y más hablante de Lenguas zapotecas,2020,105,Personas
09,Ciudad de México,009,Milpa Alta,6200240328,Porcentaje de mujeres de 55 a 59 años,2020,2.45167713580182,Porcentaje
09,Ciudad de México,009,Milpa Alta,6200240330,Porcentaje de hombres de 75 a 79 años,2020,0.567887811044665,Porcentaje
09,Ciudad de México,009,Milpa Alta,6200240331,Población de 5 años y más hablante de Maya,2020,10,Personas
09,Ciudad de México,009,Milpa Alta,6200240332,Población de 5 años y más hablante de Otomí,2020,453,Personas
09,Ciudad de México,009,Milpa Alta,6200240334,Población de 5 años y más hablante de Tojolabal,2020,0,Personas
09,Ciudad de México,009,Milpa Alta,6200240341,Porcentaje de mujeres de 40 a 44 años,2020,3.67260317938574,Porcentaje
09,Ciudad de México,009,Milpa Alta,6200240342,Porcentaje de mujeres de 70 a 74 años,2020,0.981194856914542,Porcentaje
09,Ciudad de México,009,Milpa Alta,6200240343,Porcentaje de hombres de 15 a 19 años,2020,4.56995762129023,Porcentaje
09,Ciudad de México,009,Milpa Alta,6200240344,Porcentaje de mujeres de 85 años y más,2020,0.39627696157096,Porcentaje
09,Ciudad de México,009,Milpa Alta,6200240345,Población de 5 años y más hablante de Mixe,2020,93,Personas
09,Ciudad de México,009,Milpa Alta,6200240354,Porcentaje de mujeres de 10 a 14 años,2020,4.30926633086834,Porcentaje
09,Ciudad de México,009,Milpa Alta,6200240356,Porcentaje de mujeres de 20 a 24 años,2020,4.35118653837337,Porcentaje
09,Ciudad de México,009,Milpa Alta,6200240357,Porcentaje de hombres de 35 a 39 años,2020,3.39029678196907,Porcentaje
09,Ciudad de México,009,Milpa Alta,6200240358,Porcentaje de la población de 0 a 14 años con limitación en la actividad,2020,5.20778827352593,Porcentaje
09,Ciudad de México,009,Milpa Alta,6200240361,Población de 5 años y más hablante de Mazahua,2020,216,Personas
09,Ciudad de México,009,Milpa Alta,6200240364,Tasa de monolingüismo de la población de 5 años y más hablante de Chatino,2020,0,Porcentaje
09,Ciudad de México,009,Milpa Alta,6200240365,Porcentaje de la población de 15 años y más con instrucción superior,2020,17.0677208662771,Porcentaje
09,Ciudad de México,009,Milpa Alta,6200240366,Tasa de monolingüismo de la población de 5 años y más hablante de Lenguas mixtecas,2020,0.62794348508634,Porcentaje
09,Ciudad de México,009,Milpa Alta,6200240367,Porcentaje de la población con limitación para hablar o comunicarse,2020,5.08809234507898,Porcentaje
09,Ciudad de México,009,Milpa Alta,6200240368,Porcentaje de la población de 15 años y más con instrucción no especificada,2020,0.137504297009282,Porcentaje
09,Ciudad de México,009,Milpa Alta,6200240377,Porcentaje de mujeres de 45 a 49 años,2020,3.52195243366455,Porcentaje
09,Ciudad de México,009,Milpa Alta,6200240378,Porcentaje de mujeres de 0 a 4 años,2020,3.3896417787268,Porcentaje
09,Ciudad de México,009,Milpa Alta,6200240379,Porcentaje de mujeres de 80 a 84 años,2020,0.411342036143079,Porcentaje
09,Ciudad de México,009,Milpa Alta,6200240381,Tasa de monolingüismo de la población de 5 años y más hablante de Tzotzil (Tsotsil),2020,0,Porcentaje
09,Ciudad de México,009,Milpa Alta,6200240384,Porcentaje de mujeres de 15 a 19 años,2020,4.23656097097681,Porcentaje
09,Ciudad de México,009,Milpa Alta,6200240386,Población de 5 años y más hablante de Lenguas mixtecas,2020,637,Personas
09,Ciudad de México,009,Milpa Alta,6200240388,Porcentaje de hombres de 65 a 69 años,2020,1.25171119597042,Porcentaje
09,Ciudad de México,009,Milpa Alta,6200240389,Tasa de crecimiento promedio anual de las viviendas particulares habitadas,2020,2.13388294832808,Tasa
09,Ciudad de México,009,Milpa Alta,6200240390,Porcentaje de la población con discapacidad por accidente,2020,13.4805537244562,Porcentaje
09,Ciudad de México,009,Milpa Alta,6200240395,"Viviendas, de cada cien que cuentan con electricidad, agua y drenaje",2020,88.5538619187908,Porcentaje
09,Ciudad de México,009,Milpa Alta,6200240396,Porcentaje de la población de 30 a 59 años con limitación en la actividad,2020,15.1202234859822,Porcentaje
09,Ciudad de México,009,Milpa Alta,6200240397,Tasa de monolingüismo de la población de 5 años y más hablante de Chol (Ch''ol),2020,0,Porcentaje
09,Ciudad de México,009,Milpa Alta,6200240398,Tasa de monolingüismo de la población de 5 años y más hablante de Totonaca (Totonaco),2020,0,Porcentaje
09,Ciudad de México,009,Milpa Alta,6200240407,Índice de envejecimiento,2020,45.2672743796646,Porcentaje
09,Ciudad de México,009,Milpa Alta,6200240410,Porcentaje de hombres de 60 a 64 años,2020,1.78422883193272,Porcentaje
09,Ciudad de México,009,Milpa Alta,6200240411,Porcentaje de hombres de 85 años y más,2020,0.253486254756961,Porcentaje
09,Ciudad de México,009,Milpa Alta,6200240413,Tasa de monolingüismo de la población de 5 años y más hablante de Huasteco,2020,0,Porcentaje
09,Ciudad de México,009,Milpa Alta,6200240414,"Porcentaje de la población derechohabiente en PEMEX, SDN o SM",2020,1.67198348658285,Porcentaje
09,Ciudad de México,009,Milpa Alta,6200240416,Porcentaje de la población usuaria de servicios de salud en instituciones de servicios médicos privados,2020,1.31638206042409,Porcentaje
09,Ciudad de México,009,Milpa Alta,6200240421,Porcentaje de la población derechohabiente en el ISSSTE,2020,22.9179958716457,Porcentaje
09,Ciudad de México,009,Milpa Alta,6200240423,Porcentaje de hombres de 40 a 44 años,2020,3.26453615945399,Porcentaje
09,Ciudad de México,009,Milpa Alta,6200240424,Tasa de monolingüismo de la población de 5 años y más hablante de Mixe,2020,1.0752688172043,Porcentaje
09,Ciudad de México,009,Milpa Alta,6200240425,Porcentaje de hombres de 70 a 74 años,2020,0.82726909498202,Porcentaje
09,Ciudad de México,009,Milpa Alta,6200240426,Porcentaje de mujeres de 60 a 64 años,2020,1.9466696360147,Porcentaje
09,Ciudad de México,009,Milpa Alta,6200240427,Porcentaje de mujeres de 65 a 69 años,2020,1.37616181200097,Porcentaje
09,Ciudad de México,009,Milpa Alta,6200240428,Tasa de monolingüismo de la población de 5 años y más hablante de Otomí,2020,1.54525386313465,Porcentaje
09,Ciudad de México,009,Milpa Alta,6200240430,Porcentaje de la población con limitación para caminar y moverse,2020,29.3655589123867,Porcentaje
09,Ciudad de México,009,Milpa Alta,6200240431,Población de 5 años y más hablante de Purépecha (Tarasco),2020,37,Personas
09,Ciudad de México,009,Milpa Alta,6200240432,Tasa de monolingüismo de la población de 5 años y más hablante de Zoque,2020,0,Porcentaje
09,Ciudad de México,009,Milpa Alta,6200240433,Tasa de monolingüismo de la población de 5 años y más hablante de Lenguas zapotecas,2020,0,Porcentaje
09,Ciudad de México,009,Milpa Alta,6200240434,Población de 5 años y más hablante de Chatino,2020,1,Personas
09,Ciudad de México,009,Milpa Alta,6200240435,Porcentaje de la población con limitación para atender el cuidado personal,2020,4.45619335347432,Porcentaje
09,Ciudad de México,009,Milpa Alta,6200240443,Porcentaje de mujeres de 35 a 39 años,2020,3.81146386674614,Porcentaje
09,Ciudad de México,009,Milpa Alta,6200240444,Porcentaje de hombres de 55 a 59 años,2020,2.27679127011679,Porcentaje
09,Ciudad de México,009,Milpa Alta,6200240445,Porcentaje de hombres de 5 a 9 años,2020,4.1710606467502,Porcentaje
09,Ciudad de México,009,Milpa Alta,6200240447,Porcentaje de la población de 15 años y más sin instrucción,2020,3.13767617738054,Porcentaje
09,Ciudad de México,009,Milpa Alta,6200240449,Tasa de monolingüismo de la población de 5 años y más hablante de lengua indígena,2020,0.63485562154413,Porcentaje
09,Ciudad de México,009,Milpa Alta,6200240450,Porcentaje de la población con limitación para ver,2020,65.1007049345418,Porcentaje
09,Ciudad de México,009,Milpa Alta,6200240451,Población de 5 años y más hablante de Tarahumara,2020,0,Personas
09,Ciudad de México,009,Milpa Alta,6200240452,Población de 5 años y más hablante de Chol (Ch''ol),2020,3,Personas
09,Ciudad de México,009,Milpa Alta,6200240453,Población de 5 años y más hablante de Totonaca (Totonaco),2020,152,Personas
09,Ciudad de México,009,Milpa Alta,6200240454,Tasa de monolingüismo de la población de 5 años y más hablante de Mazahua,2020,0.46296296296296,Porcentaje
09,Ciudad de México,009,Milpa Alta,6200240458,Porcentaje de la población con discapacidad por edad avanzada,2020,25.7196220610855,Porcentaje
09,Ciudad de México,009,Milpa Alta,6200240459,Porcentaje de la población con discapacidad por nacimiento,2020,11.6567787299495,Porcentaje
09,Ciudad de México,009,Milpa Alta,6200240466,Población de 5 años y más hablante de Tlapaneco,2020,21,Personas
09,Ciudad de México,009,Milpa Alta,6200240471,Porcentaje de la población derechohabiente en el IMSS,2020,22.8185400638018,Porcentaje
09,Ciudad de México,009,Milpa Alta,6200240475,Porcentaje de hombres de 80 a 84 años,2020,0.339291679493814,Porcentaje
09,Ciudad de México,009,Milpa Alta,6200240477,Porcentaje de la población de 85 y más con limitación en la actividad,2020,27.5201612903226,Porcentaje
09,Ciudad de México,009,Milpa Alta,6200240478,Porcentaje de la población con limitación para escuchar,2020,21.3041289023162,Porcentaje
09,Ciudad de México,009,Milpa Alta,6200240479,Porcentaje de la población con limitación para poner atención o aprender,2020,21.6414904330312,Porcentaje
09,Ciudad de México,009,Milpa Alta,6200240480,Población de 5 años y más hablante de Huasteco,2020,8,Personas
09,Ciudad de México,009,Milpa Alta,6200240481,Población de 5 años y más hablante de Tzotzil (Tsotsil),2020,4,Personas
09,Ciudad de México,009,Milpa Alta,6200240486,Porcentaje de hombres de 25 a 29 años,2020,4.12848543600291,Porcentaje
09,Ciudad de México,009,Milpa Alta,6200240488,Porcentaje de la población de 15 a 29 años con limitación en la actividad,2020,8.01558376272464,Porcentaje
09,Ciudad de México,009,Milpa Alta,6200240493,Porcentaje de la población de 5 años y más hablante de lengua indígena,2020,3.43092824069195,Porcentaje
09,Ciudad de México,009,Milpa Alta,6200240495,Porcentaje de la población con discapacidad por otra causa,2020,11.8874972533509,Porcentaje
09,Ciudad de México,009,Milpa Alta,6200240496,Población de 5 años y más hablante de Náhuatl,2020,2335,Personas
09,Ciudad de México,009,Milpa Alta,6200240497,Población no católica,2020,11063,Miles DE personas
09,Ciudad de México,009,Milpa Alta,6200240499,Porcentaje de la población que profesa la religión protestante y evangélica,2020,7.08648524740479,Porcentaje
09,Ciudad de México,009,Milpa Alta,6200240507,Porcentaje de mujeres de 50 a 54 años,2020,3.32283144801567,Porcentaje
09,Ciudad de México,009,Milpa Alta,6200240509,Tasa de monolingüismo de la población de 5 años y más hablante de Tarahumara,2020,0,Porcentaje
09,Ciudad de México,009,Milpa Alta,6200240518,Porcentaje de hombres de 30 a 34 años,2020,3.65295308211776,Porcentaje
09,Ciudad de México,009,Milpa Alta,6200240520,Porcentaje de hombres de 20 a 24 años,2020,4.4199618788113,Porcentaje
09,Ciudad de México,009,Milpa Alta,6200240521,Población de 5 años y más hablante de Zoque,2020,1,Personas
09,Ciudad de México,009,Milpa Alta,6200240522,Tasa de monolingüismo de la población de 5 años y más hablante de Purépecha (Tarasco),2020,0,Porcentaje
09,Ciudad de México,009,Milpa Alta,6200240532,Porcentaje de hombres de 45 a 49 años,2020,3.16890568608315,Porcentaje
09,Ciudad de México,009,Milpa Alta,6200240533,Porcentaje de hombres de 50 a 54 años,2020,2.85253912006864,Porcentaje
09,Ciudad de México,009,Milpa Alta,6200240534,Tasa de monolingüismo de la población de 5 años y más hablante de Resto de lenguas,2020,0,Porcentaje
09,Ciudad de México,009,Milpa Alta,6200240535,Población de 5 años y más hablante de Mazateco,2020,633,Personas
09,Ciudad de México,009,Milpa Alta,6200240536,Tasa de monolingüismo de la población de 5 años y más hablante de Tlapaneco,2020,0,Porcentaje
09,Ciudad de México,009,Milpa Alta,6200240537,Tasa de monolingüismo de la población de 5 años y más hablante de Tzeltal (Tseltal),2020,0,Porcentaje
09,Ciudad de México,009,Milpa Alta,6200240538,Población de 5 años y más hablante del Resto de lenguas,2020,109,Personas
09,Ciudad de México,009,Milpa Alta,6200240539,Tasa de monolingüismo de la población de 5 años y más hablante de Lenguas chinantecas,2020,0,Porcentaje
09,Ciudad de México,009,Milpa Alta,6200240540,Porcentaje de la población con discapacidad por enfermedad,2020,44.2100637222588,Porcentaje
09,Ciudad de México,009,Milpa Alta,6200240548,Porcentaje de mujeres de 25 a 29 años,2020,4.35315154810016,Porcentaje
09,Ciudad de México,009,Milpa Alta,6200240549,Porcentaje de mujeres de 30 a 34 años,2020,4.00403481997236,Porcentaje
09,Ciudad de México,009,Milpa Alta,6205370864,Porcentaje de población que se considera afrodescendiente,2020,1.46117824278744,Porcentaje
09,Ciudad de México,009,Milpa Alta,6207019007,Porcentaje de la población de 12 años y más viuda,2020,4.26431689727531,Porcentaje
09,Ciudad de México,009,Milpa Alta,6207019009,Porcentaje de la población de 12 años y más casada,2020,27.7791624122655,Porcentaje
09,Ciudad de México,009,Milpa Alta,6207019010,Porcentaje de población de 25 años y más alfabeta,2020,96.4523479737277,Porcentaje
09,Ciudad de México,009,Milpa Alta,6207019011,Porcentaje de la población de 12 años y más soltera,2020,33.7189763709891,Porcentaje
09,Ciudad de México,009,Milpa Alta,6207019012,Porcentaje de la población de 12 años y más separada,2020,6.99142151936389,Porcentaje
09,Ciudad de México,009,Milpa Alta,6207019016,Porcentaje de la población de 12 años y más divorciada,2020,1.34506074078838,Porcentaje
09,Ciudad de México,009,Milpa Alta,6207019017,Porcentaje de población afiliada a otra institución,2020,0.910114468005254,Porcentaje
09,Ciudad de México,009,Milpa Alta,6207019018,Porcentaje de población afiliada a servicios de salud,2020,69.8038445164882,Porcentaje
09,Ciudad de México,009,Milpa Alta,6207019019,Porcentaje de la población de 12 años y más en unión libre,2020,25.876138638538,Porcentaje
09,Ciudad de México,009,Milpa Alta,6207019020,Porcentaje de población de 15 años y más sin escolaridad,2020,2.9503265727054,Porcentaje
09,Ciudad de México,009,Milpa Alta,6207019022,Porcentaje de viviendas particulares habitadas propias,2020,77.3599716398258,Porcentaje
09,Ciudad de México,009,Milpa Alta,6207019023,Porcentaje de hijos fallecidos de las mujeres de 15 a 49 años,2020,3.20127920636993,Porcentaje
09,Ciudad de México,009,Milpa Alta,6207019024,Porcentaje de la población de 3 a 5 años que asiste a la escuela,2020,68.6257686257686,Porcentaje
09,Ciudad de México,009,Milpa Alta,6207019026,Porcentaje de la población de 6 a 11 años que asiste a la escuela,2020,96.7427131131649,Porcentaje
09,Ciudad de México,009,Milpa Alta,6207019028,Porcentaje de la población de 12 a 14 años que asiste a la escuela,2020,93.8785687570128,Porcentaje
09,Ciudad de México,009,Milpa Alta,6207019029,Porcentaje de la población de 15 a 24 años que asiste a la escuela,2020,48.1219257713519,Porcentaje
09,Ciudad de México,009,Milpa Alta,6207019030,Porcentaje de población de 12 años y más económicamente activa,2020,66.9652117284794,Porcentaje
09,Ciudad de México,009,Milpa Alta,6207019031,Porcentaje de población de 15 años y más con escolaridad básica,2020,50.2251632863527,Porcentaje
09,Ciudad de México,009,Milpa Alta,6207019034,Porcentaje de población de 3 años y más hablante de lengua indígena,2020,3.33067750788235,Porcentaje
09,Ciudad de México,009,Milpa Alta,6207019035,Porcentaje de la población de 12 años y más No Económicamente Activa,2020,32.8402247931758,Porcentaje
09,Ciudad de México,009,Milpa Alta,6207019036,Promedio de hijos nacidos vivos de las mujeres de 15 a 49 años EI2015,2020,1.43662830219639,Promedio
09,Ciudad de México,009,Milpa Alta,6207019039,Porcentaje de la población de 12 años y más económicamente activa ocupada,2020,98.5772943379916,Porcentaje
09,Ciudad de México,009,Milpa Alta,6207019040,Porcentaje de la población femenina de 12 años y más económicamente activa,2020,43.3823176295443,Porcentaje
09,Ciudad de México,009,Milpa Alta,6207019042,Porcentaje de viviendas particulares habitadas que disponen de Internet,2020,50.7185858844627,Porcentaje
09,Ciudad de México,009,Milpa Alta,6207019043,Porcentaje de la población masculina de 12 años y más económicamente activa,2020,56.6176823704557,Porcentaje
09,Ciudad de México,009,Milpa Alta,6207019046,Porcentaje de viviendas particulares habitadas que disponen de computadora,2020,35.5988215703856,Porcentaje
09,Ciudad de México,009,Milpa Alta,6207019047,Porcentaje de la población de 12 años y más no económicamente activa que estudia,2020,42.6763287389527,Porcentaje
09,Ciudad de México,009,Milpa Alta,6207019050,Porcentaje de viviendas particulares habitadas que disponen de teléfono fijo,2020,51.8816446778532,Porcentaje
09,Ciudad de México,009,Milpa Alta,6207019051,Porcentaje de la población de 12 años y más sin especificar su situación conyugal,2020,0.0249234207797011,Porcentaje
09,Ciudad de México,009,Milpa Alta,6207019054,Porcentaje de la población femenina de 12 años y más económicamente activa ocupada,2020,98.8874744008413,Porcentaje
09,Ciudad de México,009,Milpa Alta,6207019055,Porcentaje de viviendas particulares habitadas que disponen de teléfono celular,2020,86.7042397848085,Porcentaje
09,Ciudad de México,009,Milpa Alta,6207019056,Porcentaje de la población masculina de 12 años y más económicamente activa ocupada,2020,98.3396242419102,Porcentaje
09,Ciudad de México,009,Milpa Alta,6207019057,Porcentaje de viviendas particulares habitadas que disponen de televisión de paga,2020,20.9299346740105,Porcentaje
09,Ciudad de México,009,Milpa Alta,6207019058,Porcentaje de población de 3 años y más hablante de lengua indígena que no habla español,2020,0.633817215293396,Porcentaje
09,Ciudad de México,009,Milpa Alta,6207019059,Porcentaje de población de 12 años con condición de actividad económica no especificada,2020,0.194563478344763,Porcentaje
09,Ciudad de México,009,Milpa Alta,6207019060,Porcentaje de la población de 12 años y más no económicamente activa que es pensionada o jubilada,2020,7.12169804391999,Porcentaje
09,Ciudad de México,009,Milpa Alta,6207019063,Porcentaje de superficie en el ámbito geográfico de referencia respecto a la unidad geográfica superior,2020,19.958857663105,Porcentaje
09,Ciudad de México,009,Milpa Alta,6207019064,Porcentaje de la población de 12 años y más no económicamente activa que se dedica a los quehaceres del hogar,2020,39.7287438489975,Porcentaje
09,Ciudad de México,009,Milpa Alta,6207019065,Porcentaje de la población de 12 años y más no económicamente activa que realiza otras actividades no económicas,2020,6.59044727886993,Porcentaje
09,Ciudad de México,009,Milpa Alta,6207019070,Porcentaje de la población de 12 años y más no económicamente activa con alguna limitación física o mental que les impide trabajar,2020,3.88278208925992,Porcentaje
09,Ciudad de México,009,Milpa Alta,6207020032,Porcentaje de hombres,2020,48.7087795133772,Porcentaje
09,Ciudad de México,009,Milpa Alta,6207020033,Porcentaje de mujeres,2020,51.2912204866228,Porcentaje
09,Ciudad de México,009,Milpa Alta,6207020035,Promedio de ocupantes por cuarto (Índice de hacinamiento),2020,1.0329356126051,Promedio
09,Ciudad de México,009,Milpa Alta,6207049066,Población de 6 a 14 años que sabe leer y escribir,2020,21505,Porcentaje
09,Ciudad de México,009,Milpa Alta,6207049067,Población de 6 a 14 años que no sabe leer y escribir,2020,1897,Porcentaje
09,Ciudad de México,009,Milpa Alta,6207049068,Porcentaje de la población de 3 años y más que asiste a la escuela,2020,29.4285889395085,Porcentaje
09,Ciudad de México,009,Milpa Alta,6207049069,Porcentaje de la población de 3 años y más que no asiste a la escuela,2020,70.5428098633271,Porcentaje
09,Ciudad de México,009,Milpa Alta,6207049070,Población de 6 a 14 años que no especificó si sabe o no leer y escribir,2020,92,Porcentaje
09,Ciudad de México,009,Milpa Alta,6207049071,Porcentaje de la población de 3 años y más que no especificó si asiste o no a la escuela,2020,0.0286011971643956,Porcentaje
09,Ciudad de México,009,Milpa Alta,6207051593,Porcentaje de población de 6 a 14 años que no asiste a la escuela,2020,4.196816,Porcentaje
09,Ciudad de México,009,Milpa Alta,6207068394,Porcentaje de viviendas con agua entubada dentro de la vivienda,2020,54.645830664788,Porcentaje
09,Ciudad de México,009,Milpa Alta,6207129629,Porcentaje de la población nacional/estatal que representa,2020,1.65782766974479,Porcentaje
09,Ciudad de México,009,Milpa Alta,6207129630,Promedio de ocupantes por dormitorio,2020,1.90746672004804,Promedio
09,Ciudad de México,009,Milpa Alta,6207129631,Porcentaje de viviendas particulares habitadas que disponen de tinaco,2020,86.9040604585628,Porcentaje
09,Ciudad de México,009,Milpa Alta,6207129632,Porcentaje de viviendas particulares habitadas que disponen de cisterna o aljibe,2020,21.9392852568208,Porcentaje
09,Ciudad de México,009,Milpa Alta,6207129635,Porcentaje de viviendas particulares habitadas que disponen de Automóvil o camioneta,2020,39.3800435506597,Porcentaje
09,Ciudad de México,009,Milpa Alta,6207129636,Porcentaje de viviendas particulares habitadas que disponen de motocicleta o motoneta,2020,7.60343281670296,Porcentaje
09,Ciudad de México,009,Milpa Alta,6207129637,Porcentaje de viviendas particulares habitadas que disponen de bicicleta como medio de transporte,2020,14.5254258998335,Porcentaje
09,Ciudad de México,009,Milpa Alta,6207129638,Porcentaje de la población con algún tipo de  discapacidad,2020,5.05943609391885,Porcentaje
09,Ciudad de México,009,Milpa Alta,6207129639,Porcentaje de la población entre 0 y 17 años con algún tipo de  discapacidad,2020,2.0228414389656,Porcentaje
09,Ciudad de México,009,Milpa Alta,6207129640,Porcentaje de la población entre 18 y 29 años con algún tipo de  discapacidad,2020,2.22061003690503,Porcentaje
09,Ciudad de México,009,Milpa Alta,6207129641,Porcentaje de la población entre 30 y 59 años con algún tipo de  discapacidad,2020,4.33669227443546,Porcentaje
09,Ciudad de México,009,Milpa Alta,6207129642,Porcentaje de la población de 60 años y más con algún tipo de  discapacidad,2020,21.3846809028412,Porcentaje
09,Ciudad de México,009,Milpa Alta,6207129643,Porcentaje de la población de 5 y más años migrante según causa: Trabajo,2020,14.9108347070283,Porcentaje
09,Ciudad de México,009,Milpa Alta,6207129644,Porcentaje de la población de 5 y más años migrante según causa: Familiar,2020,52.3153004645587,Porcentaje
09,Ciudad de México,009,Milpa Alta,6207129645,Porcentaje de la población de 5 y más años migrante según causa: Educativa,2020,3.26689644837404,Porcentaje
09,Ciudad de México,009,Milpa Alta,6207129646,Porcentaje de la población de 5 y más años migrante según causa: Inseguridad delictiva o violencia,2020,5.58968979469504,Porcentaje
09,Ciudad de México,009,Milpa Alta,6207129647,Porcentaje de la población de 5 y más años migrante según causa: Otra causa,2020,21.5794994754983,Porcentaje
09,Ciudad de México,009,Milpa Alta,6207129648,Promedio de hijos nacidos vivos por grupo de edad: 15-19,2020,0.116336633663366,Promedio
09,Ciudad de México,009,Milpa Alta,6207129649,Promedio de hijos nacidos vivos por grupo de edad: 20-24,2020,0.61854583772392,Promedio
09,Ciudad de México,009,Milpa Alta,6207129650,Promedio de hijos nacidos vivos por grupo de edad: 25-29,2020,1.16837195305447,Promedio
09,Ciudad de México,009,Milpa Alta,6207129651,Promedio de hijos nacidos vivos por grupo de edad: 30-34,2020,1.69067103109656,Promedio
09,Ciudad de México,009,Milpa Alta,6207129652,Promedio de hijos nacidos vivos por grupo de edad: 35-39,2020,2.08907996560619,Promedio
09,Ciudad de México,009,Milpa Alta,6207129653,Promedio de hijos nacidos vivos por grupo de edad: 40-44,2020,2.31139646869984,Promedio
09,Ciudad de México,009,Milpa Alta,6207129654,Promedio de hijos nacidos vivos por grupo de edad: 45-49,2020,2.45982142857143,Promedio
09,Ciudad de México,009,Milpa Alta,6207129812,Porcentaje de viviendas particulares habitadas que disponen de refrigerador,2020,79.7643140771103,Porcentaje
09,Ciudad de México,009,Milpa Alta,6207129813,Porcentaje de viviendas particulares habitadas que disponen de lavadora,2020,67.5752529780966,Porcentaje
09,Ciudad de México,009,Milpa Alta,6207129818,Porcentaje de la población derechohabiente en Instituto de Salud para el Bienestar (IMSS-PROSPERA o IMSS-BIENESTAR),2020,0.302120472884218,Porcentaje
09,Ciudad de México,009,Milpa Alta,6207129822,Ubicación geográfica con la mayor cantidad de pobladores. Primer lugar,2020,90090011,No aplica
09,Ciudad de México,009,Milpa Alta,6207129825,Población de la ubicación geográfica con la mayor cantidad de pobladores. Primer lugar,2020,27768,Personas
09,Ciudad de México,009,Milpa Alta,6207129828,Lengua indígena más frecuente. Descripción. Primer lugar,2020,211,No aplica
09,Ciudad de México,009,Milpa Alta,6207129830,Lengua indígena más frecuente. Porcentaje. Primer lugar,2020,48.0674342105263,Porcentaje
09,Ciudad de México,009,Milpa Alta,6207129840,Total de áreas geográficas,2020,244,Municipios
09,Ciudad de México,010,Álvaro Obregón,1001000001,Superficie continental,2020,95.89469384,Kilómetros cuadrados
09,Ciudad de México,010,Álvaro Obregón,1002000001,Población total,2020,759137,Personas
09,Ciudad de México,010,Álvaro Obregón,1002000002,Población total hombres,2020,361007,Personas
09,Ciudad de México,010,Álvaro Obregón,1002000003,Población total mujeres,2020,398130,Personas
09,Ciudad de México,010,Álvaro Obregón,1002000004,Porcentaje de población de 15 a 29 años,2020,23.1430515591167,Porcentaje
09,Ciudad de México,010,Álvaro Obregón,1002000005,Porcentaje de hombres de 15 a 29 años,2020,24.131715271384,Porcentaje
09,Ciudad de México,010,Álvaro Obregón,1002000006,Porcentaje de mujeres de 15 a 29 años,2020,22.2466672365847,Porcentaje
09,Ciudad de México,010,Álvaro Obregón,1002000007,Porcentaje de población de 60 y más años,2020,16.1303892582756,Porcentaje
09,Ciudad de México,010,Álvaro Obregón,1002000008,Porcentaje de hombres de 60 y más años,2020,14.6194078691943,Porcentaje
09,Ciudad de México,010,Álvaro Obregón,1002000009,Porcentaje de mujeres de 60 y más años,2020,17.5003394364851,Porcentaje
09,Ciudad de México,010,Álvaro Obregón,1002000010,Edad mediana,2020,35,Años
09,Ciudad de México,010,Álvaro Obregón,1002000011,Edad mediana hombres,2020,34,Años
09,Ciudad de México,010,Álvaro Obregón,1002000012,Edad mediana mujeres,2020,36,Años
09,Ciudad de México,010,Álvaro Obregón,1002000013,Promedio de hijos nacidos vivos de las mujeres de 12 años y más,2020,1.66480832398364,Promedio
09,Ciudad de México,010,Álvaro Obregón,1002000014,Población en hogares censales,2020,757117,Personas
09,Ciudad de México,010,Álvaro Obregón,1002000015,Población en hogares familiares,2020,718446,Personas
09,Ciudad de México,010,Álvaro Obregón,1002000016,Población en hogares no familiares,2020,37819,Personas
09,Ciudad de México,010,Álvaro Obregón,1002000018,Hogares censales,2020,219354,Hogares
09,Ciudad de México,010,Álvaro Obregón,1002000019,Hogares con jefatura masculina,2020,134185,Hogares
09,Ciudad de México,010,Álvaro Obregón,1002000020,Hogares con jefatura femenina,2020,85169,Hogares
09,Ciudad de México,010,Álvaro Obregón,1002000021,Tamaño promedio de los hogares censales,2020,3.45157599131997,Personas
09,Ciudad de México,010,Álvaro Obregón,1002000022,Tamaño promedio de los hogares con jefe hombre,2020,3.59379215262511,Personas
09,Ciudad de México,010,Álvaro Obregón,1002000023,Tamaño promedio de los hogares con jefe mujer,2020,3.22751235778276,Personas
09,Ciudad de México,010,Álvaro Obregón,1002000024,Relación hombres-mujeres,2020,90.6756587044433,Hombres por cada 100 mujeres
09,Ciudad de México,010,Álvaro Obregón,1002000041,Porcentaje de personas de 15 años y más alfabetas,2020,98.0611060935747,Porcentaje
09,Ciudad de México,010,Álvaro Obregón,1002000050,Tasa de alfabetización de las personas de 15 a 24 años,2020,99.1183824234029,Tasa
09,Ciudad de México,010,Álvaro Obregón,1002000055,Población de edad no especificada,2020,823,Personas
09,Ciudad de México,010,Álvaro Obregón,1002000056,Población de edad no especificada. Hombres,2020,411,Personas
09,Ciudad de México,010,Álvaro Obregón,1002000057,Población de edad no especificada. Mujeres,2020,412,Personas
09,Ciudad de México,010,Álvaro Obregón,1002000058,Población de 0 a 4 años,2020,38484,Personas
09,Ciudad de México,010,Álvaro Obregón,1002000059,Población de 0 a 4 años. Hombres,2020,19409,Personas
09,Ciudad de México,010,Álvaro Obregón,1002000060,Población de 0 a 4 años. Mujeres,2020,19075,Personas
09,Ciudad de México,010,Álvaro Obregón,1002000061,Población de 10 a 14 años,2020,50868,Personas
09,Ciudad de México,010,Álvaro Obregón,1002000062,Población de 10 a 14 años. Hombres,2020,25731,Personas
09,Ciudad de México,010,Álvaro Obregón,1002000063,Población de 10 a 14 años. Mujeres,2020,25137,Personas
09,Ciudad de México,010,Álvaro Obregón,1002000064,Población de 100 años y más,2020,91,Personas
09,Ciudad de México,010,Álvaro Obregón,1002000065,Población de 100 años y más. Hombres,2020,31,Personas
09,Ciudad de México,010,Álvaro Obregón,1002000066,Población de 100 años y más. Mujeres,2020,60,Personas
09,Ciudad de México,010,Álvaro Obregón,1002000067,Población de 15 a 19 años,2020,54848,Personas
09,Ciudad de México,010,Álvaro Obregón,1002000068,Población de 15 a 19 años. Hombres,2020,27601,Personas
09,Ciudad de México,010,Álvaro Obregón,1002000069,Población de 15 a 19 años. Mujeres,2020,27247,Personas
09,Ciudad de México,010,Álvaro Obregón,1002000070,Población de 20 a 24 años,2020,59941,Personas
09,Ciudad de México,010,Álvaro Obregón,1002000071,Población de 20 a 24 años. Hombres,2020,29868,Personas
09,Ciudad de México,010,Álvaro Obregón,1002000072,Población de 20 a 24 años. Mujeres,2020,30073,Personas
09,Ciudad de México,010,Álvaro Obregón,1002000073,Población de 25 a 29 años,2020,60708,Personas
09,Ciudad de México,010,Álvaro Obregón,1002000074,Población de 25 a 29 años. Hombres,2020,29549,Personas
09,Ciudad de México,010,Álvaro Obregón,1002000075,Población de 25 a 29 años. Mujeres,2020,31159,Personas
09,Ciudad de México,010,Álvaro Obregón,1002000076,Población de 30 a 34 años,2020,59486,Personas
09,Ciudad de México,010,Álvaro Obregón,1002000077,Población de 30 a 34 años. Hombres,2020,28598,Personas
09,Ciudad de México,010,Álvaro Obregón,1002000078,Población de 30 a 34 años. Mujeres,2020,30888,Personas
09,Ciudad de México,010,Álvaro Obregón,1002000079,Población de 35 a 39 años,2020,57172,Personas
09,Ciudad de México,010,Álvaro Obregón,1002000080,Población de 35 a 39 años. Hombres,2020,27331,Personas
09,Ciudad de México,010,Álvaro Obregón,1002000081,Población de 35 a 39 años. Mujeres,2020,29841,Personas
09,Ciudad de México,010,Álvaro Obregón,1002000082,Población de 40 a 44 años,2020,55144,Personas
09,Ciudad de México,010,Álvaro Obregón,1002000083,Población de 40 a 44 años. Hombres,2020,25942,Personas
09,Ciudad de México,010,Álvaro Obregón,1002000084,Población de 40 a 44 años. Mujeres,2020,29202,Personas
09,Ciudad de México,010,Álvaro Obregón,1002000085,Población de 45 a 49 años,2020,55973,Personas
09,Ciudad de México,010,Álvaro Obregón,1002000086,Población de 45 a 49 años. Hombres,2020,26046,Personas
09,Ciudad de México,010,Álvaro Obregón,1002000087,Población de 45 a 49 años. Mujeres,2020,29927,Personas
09,Ciudad de México,010,Álvaro Obregón,1002000088,Población de 5 a 9 años,2020,46700,Personas
09,Ciudad de México,010,Álvaro Obregón,1002000089,Población de 5 a 9 años. Hombres,2020,23613,Personas
09,Ciudad de México,010,Álvaro Obregón,1002000090,Población de 5 a 9 años. Mujeres,2020,23087,Personas
09,Ciudad de México,010,Álvaro Obregón,1002000091,Población de 50 a 54 años,2020,52721,Personas
09,Ciudad de México,010,Álvaro Obregón,1002000092,Población de 50 a 54 años. Hombres,2020,24129,Personas
09,Ciudad de México,010,Álvaro Obregón,1002000093,Población de 50 a 54 años. Mujeres,2020,28592,Personas
09,Ciudad de México,010,Álvaro Obregón,1002000094,Población de 55 a 59 años,2020,43950,Personas
09,Ciudad de México,010,Álvaro Obregón,1002000095,Población de 55 a 59 años. Hombres,2020,20062,Número de personas
09,Ciudad de México,010,Álvaro Obregón,1002000096,Población de 55 a 59 años. Mujeres,2020,23888,Número de personas
09,Ciudad de México,010,Álvaro Obregón,1002000097,Población de 60 a 64 años,2020,38506,Personas
09,Ciudad de México,010,Álvaro Obregón,1002000098,Población de 60 a 64 años. Hombres,2020,17223,Número de personas
09,Ciudad de México,010,Álvaro Obregón,1002000099,Población de 60 a 64 años. Mujeres,2020,21283,Número de personas
09,Ciudad de México,010,Álvaro Obregón,1002000100,Población de 65 a 69 años,2020,29503,Personas
09,Ciudad de México,010,Álvaro Obregón,1002000101,Población de 65 a 69 años. Hombres,2020,13187,Número de personas
09,Ciudad de México,010,Álvaro Obregón,1002000102,Población de 65 a 69 años. Mujeres,2020,16316,Número de personas
09,Ciudad de México,010,Álvaro Obregón,1002000103,Población de 70 a 74 años,2020,21797,Personas
09,Ciudad de México,010,Álvaro Obregón,1002000104,Población de 70 a 74 años. Hombres,2020,9514,Número de personas
09,Ciudad de México,010,Álvaro Obregón,1002000105,Población de 70 a 74 años. Mujeres,2020,12283,Número de personas
09,Ciudad de México,010,Álvaro Obregón,1002000106,Población de 75 a 79 años,2020,14182,Personas
09,Ciudad de México,010,Álvaro Obregón,1002000107,Población de 75 a 79 años. Hombres,2020,5966,Número de personas
09,Ciudad de México,010,Álvaro Obregón,1002000108,Población de 75 a 79 años. Mujeres,2020,8216,Número de personas
09,Ciudad de México,010,Álvaro Obregón,1002000109,Población de 80 a 84 años,2020,9657,Personas
09,Ciudad de México,010,Álvaro Obregón,1002000110,Población de 80 a 84 años. Hombres,2020,3808,Número de personas
09,Ciudad de México,010,Álvaro Obregón,1002000111,Población de 80 a 84 años. Mujeres,2020,5849,Número de personas
09,Ciudad de México,010,Álvaro Obregón,1002000112,Población de 85 a 89 años,2020,5536,Personas
09,Ciudad de México,010,Álvaro Obregón,1002000113,Población de 85 a 89 años. Hombres,2020,2044,Número de personas
09,Ciudad de México,010,Álvaro Obregón,1002000114,Población de 85 a 89 años. Mujeres,2020,3492,Número de personas
09,Ciudad de México,010,Álvaro Obregón,1002000115,Población de 90 a 94 años,2020,2332,Personas
09,Ciudad de México,010,Álvaro Obregón,1002000116,Población de 90 a 94 años. Hombres,2020,731,Número de personas
09,Ciudad de México,010,Álvaro Obregón,1002000117,Población de 90 a 94 años. Mujeres,2020,1601,Número de personas
09,Ciudad de México,010,Álvaro Obregón,1002000118,Población de 95 a 99 años,2020,715,Personas
09,Ciudad de México,010,Álvaro Obregón,1002000119,Población de 95 a 99 años. Hombres,2020,213,Número de personas
09,Ciudad de México,010,Álvaro Obregón,1002000120,Población de 95 a 99 años. Mujeres,2020,502,Número de personas
09,Ciudad de México,010,Álvaro Obregón,1002000127,Relación de dependencia,2020,40.8330222546611,Personas dependientes por cada 100 personas en edad de trabajar
09,Ciudad de México,010,Álvaro Obregón,1003000001,Total de viviendas particulares habitadas,2020,219354,Viviendas
09,Ciudad de México,010,Álvaro Obregón,1003000011,Viviendas particulares habitadas,2020,200569,Número de Viviendas
09,Ciudad de México,010,Álvaro Obregón,1003000015,Promedio de ocupantes en viviendas particulares habitadas,2020,3.4520257810075,Promedio
09,Ciudad de México,010,Álvaro Obregón,1003000017,Viviendas particulares habitadas que disponen de energía eléctrica,2020,218704,Viviendas
09,Ciudad de México,010,Álvaro Obregón,1003000018,Viviendas particulares habitadas que disponen de agua de la red pública en el ámbito de la vivienda,2020,218344,Viviendas
09,Ciudad de México,010,Álvaro Obregón,1003000019,Viviendas particulares habitadas que disponen de drenaje,2020,218480,Viviendas
09,Ciudad de México,010,Álvaro Obregón,1003000020,Viviendas particulares habitadas que disponen de excusado o sanitario,2020,218444,Viviendas
09,Ciudad de México,010,Álvaro Obregón,1003000023,Viviendas particulares habitadas que disponen de lavadora,2020,187834,Viviendas
09,Ciudad de México,010,Álvaro Obregón,1003000024,Viviendas particulares habitadas que disponen de computadora,2020,134949,Viviendas
09,Ciudad de México,010,Álvaro Obregón,1004000001,Población derechohabiente a servicios de salud,2020,569455,Personas
09,Ciudad de México,010,Álvaro Obregón,1005000012,Población de 5 años y más que asiste a la escuela,2020,172938,Personas
09,Ciudad de México,010,Álvaro Obregón,1005000038,Grado promedio de escolaridad de la población de 15 y más años,2020,11.2849824311085,Años de escolaridad
09,Ciudad de México,010,Álvaro Obregón,1005000039,Población de 5 años y más hablante de lengua indígena,2020,8456,Personas
09,Ciudad de México,010,Álvaro Obregón,3104003001,Porcentaje de población inmigrante (migración reciente),2020,2.84007526528214,Porcentaje
09,Ciudad de México,010,Álvaro Obregón,3105001001,Densidad de población,2020,7916.36084960673,Habitantes por kilómetro cuadrado
09,Ciudad de México,010,Álvaro Obregón,3105004001,Porcentaje de población en localidades de menos de 2 500 habitantes,2020,0.0176516228296078,Porcentaje
09,Ciudad de México,010,Álvaro Obregón,3108001001,Porcentaje de analfabetas total,2020,1.5678283424024,Porcentaje
09,Ciudad de México,010,Álvaro Obregón,3108001002,Porcentaje de analfabetas hombres,2020,1.03377500916589,Porcentaje
09,Ciudad de México,010,Álvaro Obregón,3108001003,Porcentaje de analfabetas mujeres,2020,2.03953162499735,Porcentaje
09,Ciudad de México,010,Álvaro Obregón,3114004001,Porcentaje de viviendas con piso de tierra,2020,0.526301374865344,Porcentaje
09,Ciudad de México,010,Álvaro Obregón,3114006001,Porcentaje de viviendas con electricidad,2020,99.8301959137468,Porcentaje
09,Ciudad de México,010,Álvaro Obregón,6200031290,Porcentaje de viviendas particulares habitadas con disponibilidad de drenaje,2020,99.727948291917,Porcentaje
09,Ciudad de México,010,Álvaro Obregón,6200031291,Porcentaje de viviendas particulares habitadas con disponibilidad de excusado,2020,99.7115156384086,Porcentaje
09,Ciudad de México,010,Álvaro Obregón,6200108938,Porcentaje de viviendas con techos de materiales resistentes,2020,93.8380175419861,Porcentaje
09,Ciudad de México,010,Álvaro Obregón,6200205238,Población de 8 a 14 años que sabe leer y escribir,2020,68389,Personas
09,Ciudad de México,010,Álvaro Obregón,6200205244,Viviendas que son cuarto de azotea,2020,72,Viviendas
09,Ciudad de México,010,Álvaro Obregón,6200205245,Viviendas móviles,2020,3,Viviendas
09,Ciudad de México,010,Álvaro Obregón,6200205246,Viviendas que son departamento en edificio o vivienda en vecindad,2020,45568,Viviendas
09,Ciudad de México,010,Álvaro Obregón,6200205247,Viviendas que son refugio,2020,13,Viviendas
09,Ciudad de México,010,Álvaro Obregón,6200205248,Viviendas colectivas,2020,91,Viviendas
09,Ciudad de México,010,Álvaro Obregón,6200205249,Viviendas que son casa independiente o local no construido para habitación,2020,66225,Viviendas
09,Ciudad de México,010,Álvaro Obregón,6200205251,Promedio de hijos nacidos vivos de las mujeres de 12 años y más casada sólo religiosamente,2020,2.63585434173669,Promedio
09,Ciudad de México,010,Álvaro Obregón,6200205252,Población de 5 años y más inmigrante,2020,38310,Personas
09,Ciudad de México,010,Álvaro Obregón,6200205253,Población total sin limitación en la actividad,2020,625836,Personas
09,Ciudad de México,010,Álvaro Obregón,6200205254,Población total que no especificó limitación en la actividad,2020,2224,Personas
09,Ciudad de México,010,Álvaro Obregón,6200205255,Porcentaje de la población migrante internacional destino otro país,2020,57.736557877436,Porcentaje
09,Ciudad de México,010,Álvaro Obregón,6200205256,Población de 5 años y más con religión no especificada,2020,2184,Personas
09,Ciudad de México,010,Álvaro Obregón,6200205257,Población de 5 años y más católica,2020,577682,Personas
09,Ciudad de México,010,Álvaro Obregón,6200205258,Promedio de hijos nacidos vivos de las mujeres de 12 años y más solteras,2020,0.339016579512749,Promedio
09,Ciudad de México,010,Álvaro Obregón,6200205259,Población nacida en otro país residente en México,2020,7999,Personas
09,Ciudad de México,010,Álvaro Obregón,6200205260,Población con limitación en la actividad para escuchar,2020,19768,Personas
09,Ciudad de México,010,Álvaro Obregón,6200205261,Población con limitación en la actividad para hablar o comunicarse,2020,4788,Personas
09,Ciudad de México,010,Álvaro Obregón,6200205263,Población con limitación en la actividad para caminar o moverse,2020,28528,Personas
09,Ciudad de México,010,Álvaro Obregón,6200205264,Porcentaje de la población migrante internacional destino no especificado,2020,3.82718948109885,Porcentaje
09,Ciudad de México,010,Álvaro Obregón,6200205265,Promedio de hijos nacidos vivos de las mujeres de 12 años y más que no especificó estado conyugal,2020,1.73913043478261,Promedio
09,Ciudad de México,010,Álvaro Obregón,6200205266,Promedio de hijos nacidos vivos de las mujeres de 12 años y más casada civil y religiosamente,2020,2.51546222500821,Promedio
09,Ciudad de México,010,Álvaro Obregón,6200205267,Promedio de hijos nacidos vivos de las mujeres de 12 años y más separadas,2020,2.25936518166438,Promedio
09,Ciudad de México,010,Álvaro Obregón,6200205268,Población nacida en otro país residente en México hombres,2020,3732,Personas
09,Ciudad de México,010,Álvaro Obregón,6200205269,Población con limitación en la actividad para atender el cuidado personal,2020,4455,Personas
09,Ciudad de México,010,Álvaro Obregón,6200205270,Población con limitación en la actividad para poner atención o aprender,2020,17224,Personas
09,Ciudad de México,010,Álvaro Obregón,6200205271,Población con limitación en la actividad,2020,87395,Personas
09,Ciudad de México,010,Álvaro Obregón,6200205272,Porcentaje de población nacida en otro país residente en México,2020,1.05369650010472,Porcentaje
09,Ciudad de México,010,Álvaro Obregón,6200205273,Población de 5 años y más con religión distinta de católica,2020,75460,Personas
09,Ciudad de México,010,Álvaro Obregón,6200205274,Porcentaje de población masculina nacida en otro país residente en México,2020,1.03377496835241,Porcentaje
09,Ciudad de México,010,Álvaro Obregón,6200205275,Promedio de hijos nacidos vivos de las mujeres de 12 años y más divorciadas,2020,2.05976252260753,Promedio
09,Ciudad de México,010,Álvaro Obregón,6200205276,Promedio de hijos nacidos vivos de las mujeres de 12 años y más en unión libre,2020,1.78310481273581,Promedio
09,Ciudad de México,010,Álvaro Obregón,6200205277,Población de 5 años y más emigrante,2020,51607,Personas
09,Ciudad de México,010,Álvaro Obregón,6200205279,Promedio de hijos nacidos vivos de las mujeres de 12 años y más casada sólo por lo civil,2020,2.07047425097967,Promedio
09,Ciudad de México,010,Álvaro Obregón,6200205280,Población con limitación en la actividad para ver,2020,55712,Personas
09,Ciudad de México,010,Álvaro Obregón,6200205282,Porcentaje de población femenina nacida en otro país residente en México,2020,1.07176048024515,Porcentaje
09,Ciudad de México,010,Álvaro Obregón,6200205283,Promedio de hijos nacidos vivos de las mujeres de 12 años y más viudas,2020,4.01367714640018,Promedio
09,Ciudad de México,010,Álvaro Obregón,6200205284,Población nacida en otro país residente en México mujeres,2020,4267,Personas
09,Ciudad de México,010,Álvaro Obregón,6200205285,Porcentaje de la población migrante internacional destino Estados Unidos de América,2020,38.4362526414651,Porcentaje
09,Ciudad de México,010,Álvaro Obregón,6200205286,Población con limitación en la actividad mental,2020,11128,Personas
09,Ciudad de México,010,Álvaro Obregón,6200205288,Índice de masculinidad de la población nacida en otro país residente en México,2020,87.4619170377314,Índice
09,Ciudad de México,010,Álvaro Obregón,6200205289,Población de 5 años y más sin religión,2020,64504,Personas
09,Ciudad de México,010,Álvaro Obregón,6200240300,Porcentaje de hombres de 0 a 4 años,2020,2.55949382445794,Porcentaje
09,Ciudad de México,010,Álvaro Obregón,6200240301,Población católica,2020,608.016,Miles DE personas
09,Ciudad de México,010,Álvaro Obregón,6200240302,Porcentaje de la población de 60 a 84 años con limitación en la actividad,2020,28.5855075014299,Porcentaje
09,Ciudad de México,010,Álvaro Obregón,6200240304,Tasa de monolingüismo de la población de 5 años y más hablante de Tojolabal,2020,0,Porcentaje
09,Ciudad de México,010,Álvaro Obregón,6200240305,Porcentaje de la población que profesa la religión católica,2020,80.0930530325883,Porcentaje
09,Ciudad de México,010,Álvaro Obregón,6200240310,Porcentaje de mujeres de 75 a 79 años,2020,1.08345619360845,Porcentaje
09,Ciudad de México,010,Álvaro Obregón,6200240311,Porcentaje de hombres de 10 a 14 años,2020,3.39318540868295,Porcentaje
09,Ciudad de México,010,Álvaro Obregón,6200240312,Porcentaje de mujeres de 5 a 9 años,2020,3.04451717889951,Porcentaje
09,Ciudad de México,010,Álvaro Obregón,6200240314,Porcentaje de la población de 15 años y más con instrucción media superior,2020,26.4928599207408,Porcentaje
09,Ciudad de México,010,Álvaro Obregón,6200240315,Porcentaje de la población con limitación mental,2020,1.50969812820767,Porcentaje
09,Ciudad de México,010,Álvaro Obregón,6200240316,Tasa de monolingüismo de la población de 5 años y más hablante de Maya,2020,0,Porcentaje
09,Ciudad de México,010,Álvaro Obregón,6200240318,Población de 5 años y más hablante de Tzeltal  (Tseltal),2020,124,Personas
09,Ciudad de México,010,Álvaro Obregón,6200240319,Tasa de monolingüismo de la población de 5 años y más hablante de Mazateco,2020,0.60313630880579,Porcentaje
09,Ciudad de México,010,Álvaro Obregón,6200240320,Población de 5 años y más hablante de Lenguas chinantecas,2020,232,Personas
09,Ciudad de México,010,Álvaro Obregón,6200240323,Porcentaje de la población derechohabiente en el Seguro popular,2020,16.4657435618267,Porcentaje
09,Ciudad de México,010,Álvaro Obregón,6200240325,Tasa de monolingüismo de la población de 5 años y más hablante de Náhuatl,2020,0.55970149253731,Porcentaje
09,Ciudad de México,010,Álvaro Obregón,6200240326,Población de 5 años y más hablante de Lenguas zapotecas,2020,575,Personas
09,Ciudad de México,010,Álvaro Obregón,6200240328,Porcentaje de mujeres de 55 a 59 años,2020,3.1501462454867,Porcentaje
09,Ciudad de México,010,Álvaro Obregón,6200240330,Porcentaje de hombres de 75 a 79 años,2020,0.786745332408475,Porcentaje
09,Ciudad de México,010,Álvaro Obregón,6200240331,Población de 5 años y más hablante de Maya,2020,86,Personas
09,Ciudad de México,010,Álvaro Obregón,6200240332,Población de 5 años y más hablante de Otomí,2020,760,Personas
09,Ciudad de México,010,Álvaro Obregón,6200240334,Población de 5 años y más hablante de Tojolabal,2020,3,Personas
09,Ciudad de México,010,Álvaro Obregón,6200240341,Porcentaje de mujeres de 40 a 44 años,2020,3.85091136389411,Porcentaje
09,Ciudad de México,010,Álvaro Obregón,6200240342,Porcentaje de mujeres de 70 a 74 años,2020,1.61977755916415,Porcentaje
09,Ciudad de México,010,Álvaro Obregón,6200240343,Porcentaje de hombres de 15 a 19 años,2020,3.63978510221359,Porcentaje
09,Ciudad de México,010,Álvaro Obregón,6200240344,Porcentaje de mujeres de 85 años y más,2020,0.745733297815944,Porcentaje
09,Ciudad de México,010,Álvaro Obregón,6200240345,Población de 5 años y más hablante de Mixe,2020,425,Personas
09,Ciudad de México,010,Álvaro Obregón,6200240354,Porcentaje de mujeres de 10 a 14 años,2020,3.31485374132615,Porcentaje
09,Ciudad de México,010,Álvaro Obregón,6200240356,Porcentaje de mujeres de 20 a 24 años,2020,3.96577143505197,Porcentaje
09,Ciudad de México,010,Álvaro Obregón,6200240357,Porcentaje de hombres de 35 a 39 años,2020,3.6041797988696,Porcentaje
09,Ciudad de México,010,Álvaro Obregón,6200240358,Porcentaje de la población de 0 a 14 años con limitación en la actividad,2020,4.17266927351307,Porcentaje
09,Ciudad de México,010,Álvaro Obregón,6200240361,Población de 5 años y más hablante de Mazahua,2020,741,Personas
09,Ciudad de México,010,Álvaro Obregón,6200240364,Tasa de monolingüismo de la población de 5 años y más hablante de Chatino,2020,0,Porcentaje
09,Ciudad de México,010,Álvaro Obregón,6200240365,Porcentaje de la población de 15 años y más con instrucción superior,2020,32.9796773706252,Porcentaje
09,Ciudad de México,010,Álvaro Obregón,6200240366,Tasa de monolingüismo de la población de 5 años y más hablante de Lenguas mixtecas,2020,1.05757931844888,Porcentaje
09,Ciudad de México,010,Álvaro Obregón,6200240367,Porcentaje de la población con limitación para hablar o comunicarse,2020,5.22706124277689,Porcentaje
09,Ciudad de México,010,Álvaro Obregón,6200240368,Porcentaje de la población de 15 años y más con instrucción no especificada,2020,0.313372823665916,Porcentaje
09,Ciudad de México,010,Álvaro Obregón,6200240377,Porcentaje de mujeres de 45 a 49 años,2020,3.94651819694744,Porcentaje
09,Ciudad de México,010,Álvaro Obregón,6200240378,Porcentaje de mujeres de 0 a 4 años,2020,2.51544874550648,Porcentaje
09,Ciudad de México,010,Álvaro Obregón,6200240379,Porcentaje de mujeres de 80 a 84 años,2020,0.771316367626076,Porcentaje
09,Ciudad de México,010,Álvaro Obregón,6200240381,Tasa de monolingüismo de la población de 5 años y más hablante de Tzotzil (Tsotsil),2020,5.81395348837209,Porcentaje
09,Ciudad de México,010,Álvaro Obregón,6200240384,Porcentaje de mujeres de 15 a 19 años,2020,3.5931025933848,Porcentaje
09,Ciudad de México,010,Álvaro Obregón,6200240386,Población de 5 años y más hablante de Lenguas mixtecas,2020,851,Personas
09,Ciudad de México,010,Álvaro Obregón,6200240388,Porcentaje de hombres de 65 a 69 años,2020,1.7389893896196,Porcentaje
09,Ciudad de México,010,Álvaro Obregón,6200240389,Tasa de crecimiento promedio anual de las viviendas particulares habitadas,2020,1.06180393231927,Tasa
09,Ciudad de México,010,Álvaro Obregón,6200240390,Porcentaje de la población con discapacidad por accidente,2020,11.9572654070838,Porcentaje
09,Ciudad de México,010,Álvaro Obregón,6200240395,"Viviendas, de cada cien que cuentan con electricidad, agua y drenaje",2020,99.5412550895579,Porcentaje
09,Ciudad de México,010,Álvaro Obregón,6200240396,Porcentaje de la población de 30 a 59 años con limitación en la actividad,2020,10.9919678467295,Porcentaje
09,Ciudad de México,010,Álvaro Obregón,6200240397,Tasa de monolingüismo de la población de 5 años y más hablante de Chol (Ch''ol),2020,0,Porcentaje
09,Ciudad de México,010,Álvaro Obregón,6200240398,Tasa de monolingüismo de la población de 5 años y más hablante de Totonaca (Totonaco),2020,0.87209302325581,Porcentaje
09,Ciudad de México,010,Álvaro Obregón,6200240407,Índice de envejecimiento,2020,89.9060653279628,Porcentaje
09,Ciudad de México,010,Álvaro Obregón,6200240410,Porcentaje de hombres de 60 a 64 años,2020,2.27122273886543,Porcentaje
09,Ciudad de México,010,Álvaro Obregón,6200240411,Porcentaje de hombres de 85 años y más,2020,0.398120039983437,Porcentaje
09,Ciudad de México,010,Álvaro Obregón,6200240413,Tasa de monolingüismo de la población de 5 años y más hablante de Huasteco,2020,3.7037037037037,Porcentaje
09,Ciudad de México,010,Álvaro Obregón,6200240414,"Porcentaje de la población derechohabiente en PEMEX, SDN o SM",2020,1.4364611777928,Porcentaje
09,Ciudad de México,010,Álvaro Obregón,6200240416,Porcentaje de la población usuaria de servicios de salud en instituciones de servicios médicos privados,2020,9.77144813901011,Porcentaje
09,Ciudad de México,010,Álvaro Obregón,6200240421,Porcentaje de la población derechohabiente en el ISSSTE,2020,12.8039968039617,Porcentaje
09,Ciudad de México,010,Álvaro Obregón,6200240423,Porcentaje de hombres de 40 a 44 años,2020,3.42101029388881,Porcentaje
09,Ciudad de México,010,Álvaro Obregón,6200240424,Tasa de monolingüismo de la población de 5 años y más hablante de Mixe,2020,0.94117647058823,Porcentaje
09,Ciudad de México,010,Álvaro Obregón,6200240425,Porcentaje de hombres de 70 a 74 años,2020,1.25462539264737,Porcentaje
09,Ciudad de México,010,Álvaro Obregón,6200240426,Porcentaje de mujeres de 60 a 64 años,2020,2.80662100396406,Porcentaje
09,Ciudad de México,010,Álvaro Obregón,6200240427,Porcentaje de mujeres de 65 a 69 años,2020,2.15161529392837,Porcentaje
09,Ciudad de México,010,Álvaro Obregón,6200240428,Tasa de monolingüismo de la población de 5 años y más hablante de Otomí,2020,1.84210526315789,Porcentaje
09,Ciudad de México,010,Álvaro Obregón,6200240430,Porcentaje de la población con limitación para caminar y moverse,2020,32.6425996910578,Porcentaje
09,Ciudad de México,010,Álvaro Obregón,6200240431,Población de 5 años y más hablante de Purépecha (Tarasco),2020,55,Personas
09,Ciudad de México,010,Álvaro Obregón,6200240432,Tasa de monolingüismo de la población de 5 años y más hablante de Zoque,2020,11.1111111111111,Porcentaje
09,Ciudad de México,010,Álvaro Obregón,6200240433,Tasa de monolingüismo de la población de 5 años y más hablante de Lenguas zapotecas,2020,0.52173913043478,Porcentaje
09,Ciudad de México,010,Álvaro Obregón,6200240434,Población de 5 años y más hablante de Chatino,2020,2,Personas
09,Ciudad de México,010,Álvaro Obregón,6200240435,Porcentaje de la población con limitación para atender el cuidado personal,2020,5.09754562617999,Porcentaje
09,Ciudad de México,010,Álvaro Obregón,6200240443,Porcentaje de mujeres de 35 a 39 años,2020,3.93517724847491,Porcentaje
09,Ciudad de México,010,Álvaro Obregón,6200240444,Porcentaje de hombres de 55 a 59 años,2020,2.64560590995287,Porcentaje
09,Ciudad de México,010,Álvaro Obregón,6200240445,Porcentaje de hombres de 5 a 9 años,2020,3.11388158467337,Porcentaje
09,Ciudad de México,010,Álvaro Obregón,6200240447,Porcentaje de la población de 15 años y más sin instrucción,2020,2.34965336144582,Porcentaje
09,Ciudad de México,010,Álvaro Obregón,6200240449,Tasa de monolingüismo de la población de 5 años y más hablante de lengua indígena,2020,0.87511825922421,Porcentaje
09,Ciudad de México,010,Álvaro Obregón,6200240450,Porcentaje de la población con limitación para ver,2020,63.7473539676183,Porcentaje
09,Ciudad de México,010,Álvaro Obregón,6200240451,Población de 5 años y más hablante de Tarahumara,2020,10,Personas
09,Ciudad de México,010,Álvaro Obregón,6200240452,Población de 5 años y más hablante de Chol (Ch''ol),2020,14,Personas
09,Ciudad de México,010,Álvaro Obregón,6200240453,Población de 5 años y más hablante de Totonaca (Totonaco),2020,344,Personas
09,Ciudad de México,010,Álvaro Obregón,6200240454,Tasa de monolingüismo de la población de 5 años y más hablante de Mazahua,2020,0.67476383265856,Porcentaje
09,Ciudad de México,010,Álvaro Obregón,6200240458,Porcentaje de la población con discapacidad por edad avanzada,2020,29.8405347086995,Porcentaje
09,Ciudad de México,010,Álvaro Obregón,6200240459,Porcentaje de la población con discapacidad por nacimiento,2020,16.5886005999684,Porcentaje
09,Ciudad de México,010,Álvaro Obregón,6200240466,Población de 5 años y más hablante de Tlapaneco,2020,223,Personas
09,Ciudad de México,010,Álvaro Obregón,6200240471,Porcentaje de la población derechohabiente en el IMSS,2020,61.8891747372488,Porcentaje
09,Ciudad de México,010,Álvaro Obregón,6200240475,Porcentaje de hombres de 80 a 84 años,2020,0.502166648644229,Porcentaje
09,Ciudad de México,010,Álvaro Obregón,6200240477,Porcentaje de la población de 85 y más con limitación en la actividad,2020,31.1505649066175,Porcentaje
09,Ciudad de México,010,Álvaro Obregón,6200240478,Porcentaje de la población con limitación para escuchar,2020,22.6191429715659,Porcentaje
09,Ciudad de México,010,Álvaro Obregón,6200240479,Porcentaje de la población con limitación para poner atención o aprender,2020,19.7082212941244,Porcentaje
09,Ciudad de México,010,Álvaro Obregón,6200240480,Población de 5 años y más hablante de Huasteco,2020,54,Personas
09,Ciudad de México,010,Álvaro Obregón,6200240481,Población de 5 años y más hablante de Tzotzil (Tsotsil),2020,86,Personas
09,Ciudad de México,010,Álvaro Obregón,6200240486,Porcentaje de hombres de 25 a 29 años,2020,3.89667077226584,Porcentaje
09,Ciudad de México,010,Álvaro Obregón,6200240488,Porcentaje de la población de 15 a 29 años con limitación en la actividad,2020,6.18927958882488,Porcentaje
09,Ciudad de México,010,Álvaro Obregón,6200240493,Porcentaje de la población de 5 años y más hablante de lengua indígena,2020,1.17472180931609,Porcentaje
09,Ciudad de México,010,Álvaro Obregón,6200240495,Porcentaje de la población con discapacidad por otra causa,2020,7.64433450871007,Porcentaje
09,Ciudad de México,010,Álvaro Obregón,6200240496,Población de 5 años y más hablante de Náhuatl,2020,2680,Personas
09,Ciudad de México,010,Álvaro Obregón,6200240497,Población no católica,2020,44600,Miles DE personas
09,Ciudad de México,010,Álvaro Obregón,6200240499,Porcentaje de la población que profesa la religión protestante y evangélica,2020,5.51059953605212,Porcentaje
09,Ciudad de México,010,Álvaro Obregón,6200240507,Porcentaje de mujeres de 50 a 54 años,2020,3.77046975263545,Porcentaje
09,Ciudad de México,010,Álvaro Obregón,6200240509,Tasa de monolingüismo de la población de 5 años y más hablante de Tarahumara,2020,0,Porcentaje
09,Ciudad de México,010,Álvaro Obregón,6200240518,Porcentaje de hombres de 30 a 34 años,2020,3.77126098159865,Porcentaje
09,Ciudad de México,010,Álvaro Obregón,6200240520,Porcentaje de hombres de 20 a 24 años,2020,3.93873777880931,Porcentaje
09,Ciudad de México,010,Álvaro Obregón,6200240521,Población de 5 años y más hablante de Zoque,2020,9,Personas
09,Ciudad de México,010,Álvaro Obregón,6200240522,Tasa de monolingüismo de la población de 5 años y más hablante de Purépecha (Tarasco),2020,0,Porcentaje
09,Ciudad de México,010,Álvaro Obregón,6200240532,Porcentaje de hombres de 45 a 49 años,2020,3.43472492925094,Porcentaje
09,Ciudad de México,010,Álvaro Obregón,6200240533,Porcentaje de hombres de 50 a 54 años,2020,3.18192727550856,Porcentaje
09,Ciudad de México,010,Álvaro Obregón,6200240534,Tasa de monolingüismo de la población de 5 años y más hablante de Resto de lenguas,2020,1.69971671388102,Porcentaje
09,Ciudad de México,010,Álvaro Obregón,6200240535,Población de 5 años y más hablante de Mazateco,2020,829,Personas
09,Ciudad de México,010,Álvaro Obregón,6200240536,Tasa de monolingüismo de la población de 5 años y más hablante de Tlapaneco,2020,0,Porcentaje
09,Ciudad de México,010,Álvaro Obregón,6200240537,Tasa de monolingüismo de la población de 5 años y más hablante de Tzeltal (Tseltal),2020,0,Porcentaje
09,Ciudad de México,010,Álvaro Obregón,6200240538,Población de 5 años y más hablante del Resto de lenguas,2020,353,Personas
09,Ciudad de México,010,Álvaro Obregón,6200240539,Tasa de monolingüismo de la población de 5 años y más hablante de Lenguas chinantecas,2020,0.86206896551724,Porcentaje
09,Ciudad de México,010,Álvaro Obregón,6200240540,Porcentaje de la población con discapacidad por enfermedad,2020,40.4978685332351,Porcentaje
09,Ciudad de México,010,Álvaro Obregón,6200240548,Porcentaje de mujeres de 25 a 29 años,2020,4.10898387739116,Porcentaje
09,Ciudad de México,010,Álvaro Obregón,6200240549,Porcentaje de mujeres de 30 a 34 años,2020,4.0732467025533,Porcentaje
09,Ciudad de México,010,Álvaro Obregón,6205370864,Porcentaje de población que se considera afrodescendiente,2020,2.11318905546693,Porcentaje
09,Ciudad de México,010,Álvaro Obregón,6207019007,Porcentaje de la población de 12 años y más viuda,2020,5.33912124761708,Porcentaje
09,Ciudad de México,010,Álvaro Obregón,6207019009,Porcentaje de la población de 12 años y más casada,2020,31.3548772365006,Porcentaje
09,Ciudad de México,010,Álvaro Obregón,6207019010,Porcentaje de población de 25 años y más alfabeta,2020,97.8219530891299,Porcentaje
09,Ciudad de México,010,Álvaro Obregón,6207019011,Porcentaje de la población de 12 años y más soltera,2020,37.5909720786728,Porcentaje
09,Ciudad de México,010,Álvaro Obregón,6207019012,Porcentaje de la población de 12 años y más separada,2020,5.92235313933102,Porcentaje
09,Ciudad de México,010,Álvaro Obregón,6207019016,Porcentaje de la población de 12 años y más divorciada,2020,3.05029207530413,Porcentaje
09,Ciudad de México,010,Álvaro Obregón,6207019017,Porcentaje de población afiliada a otra institución,2020,0.96460650973299,Porcentaje
09,Ciudad de México,010,Álvaro Obregón,6207019018,Porcentaje de población afiliada a servicios de salud,2020,75.0134692420472,Porcentaje
09,Ciudad de México,010,Álvaro Obregón,6207019019,Porcentaje de la población de 12 años y más en unión libre,2020,16.5568034788733,Porcentaje
09,Ciudad de México,010,Álvaro Obregón,6207019020,Porcentaje de población de 15 años y más sin escolaridad,2020,2.12048944013936,Porcentaje
09,Ciudad de México,010,Álvaro Obregón,6207019022,Porcentaje de viviendas particulares habitadas propias,2020,53.5499538002219,Porcentaje
09,Ciudad de México,010,Álvaro Obregón,6207019023,Porcentaje de hijos fallecidos de las mujeres de 15 a 49 años,2020,3.37476862614371,Porcentaje
09,Ciudad de México,010,Álvaro Obregón,6207019024,Porcentaje de la población de 3 a 5 años que asiste a la escuela,2020,72.0177906181099,Porcentaje
09,Ciudad de México,010,Álvaro Obregón,6207019026,Porcentaje de la población de 6 a 11 años que asiste a la escuela,2020,94.6647028244672,Porcentaje
09,Ciudad de México,010,Álvaro Obregón,6207019028,Porcentaje de la población de 12 a 14 años que asiste a la escuela,2020,92.7683872432924,Porcentaje
09,Ciudad de México,010,Álvaro Obregón,6207019029,Porcentaje de la población de 15 a 24 años que asiste a la escuela,2020,53.9415797680962,Porcentaje
09,Ciudad de México,010,Álvaro Obregón,6207019030,Porcentaje de población de 12 años y más económicamente activa,2020,64.7482333846283,Porcentaje
09,Ciudad de México,010,Álvaro Obregón,6207019031,Porcentaje de población de 15 años y más con escolaridad básica,2020,38.0936004448287,Porcentaje
09,Ciudad de México,010,Álvaro Obregón,6207019034,Porcentaje de población de 3 años y más hablante de lengua indígena,2020,1.15208092242447,Porcentaje
09,Ciudad de México,010,Álvaro Obregón,6207019035,Porcentaje de la población de 12 años y más No Económicamente Activa,2020,34.9165881929611,Porcentaje
09,Ciudad de México,010,Álvaro Obregón,6207019036,Promedio de hijos nacidos vivos de las mujeres de 15 a 49 años EI2015,2020,1.09730028873917,Promedio
09,Ciudad de México,010,Álvaro Obregón,6207019039,Porcentaje de la población de 12 años y más económicamente activa ocupada,2020,97.7713716800556,Porcentaje
09,Ciudad de México,010,Álvaro Obregón,6207019040,Porcentaje de la población femenina de 12 años y más económicamente activa,2020,45.9370809793289,Porcentaje
09,Ciudad de México,010,Álvaro Obregón,6207019042,Porcentaje de viviendas particulares habitadas que disponen de Internet,2020,77.2038014205116,Porcentaje
09,Ciudad de México,010,Álvaro Obregón,6207019043,Porcentaje de la población masculina de 12 años y más económicamente activa,2020,54.0629190206711,Porcentaje
09,Ciudad de México,010,Álvaro Obregón,6207019046,Porcentaje de viviendas particulares habitadas que disponen de computadora,2020,61.599171063923,Porcentaje
09,Ciudad de México,010,Álvaro Obregón,6207019047,Porcentaje de la población de 12 años y más no económicamente activa que estudia,2020,37.5911592518692,Porcentaje
09,Ciudad de México,010,Álvaro Obregón,6207019050,Porcentaje de viviendas particulares habitadas que disponen de teléfono fijo,2020,70.5832679070277,Porcentaje
09,Ciudad de México,010,Álvaro Obregón,6207019051,Porcentaje de la población de 12 años y más sin especificar su situación conyugal,2020,0.18558074370105,Porcentaje
09,Ciudad de México,010,Álvaro Obregón,6207019054,Porcentaje de la población femenina de 12 años y más económicamente activa ocupada,2020,98.2599742599743,Porcentaje
09,Ciudad de México,010,Álvaro Obregón,6207019055,Porcentaje de viviendas particulares habitadas que disponen de teléfono celular,2020,92.7308331355329,Porcentaje
09,Ciudad de México,010,Álvaro Obregón,6207019056,Porcentaje de la población masculina de 12 años y más económicamente activa ocupada,2020,97.3562077065408,Porcentaje
09,Ciudad de México,010,Álvaro Obregón,6207019057,Porcentaje de viviendas particulares habitadas que disponen de televisión de paga,2020,55.1100987785061,Porcentaje
09,Ciudad de México,010,Álvaro Obregón,6207019058,Porcentaje de población de 3 años y más hablante de lengua indígena que no habla español,2020,0.871408384361752,Porcentaje
09,Ciudad de México,010,Álvaro Obregón,6207019059,Porcentaje de población de 12 años con condición de actividad económica no especificada,2020,0.335178422410559,Porcentaje
09,Ciudad de México,010,Álvaro Obregón,6207019060,Porcentaje de la población de 12 años y más no económicamente activa que es pensionada o jubilada,2020,15.2884425636415,Porcentaje
09,Ciudad de México,010,Álvaro Obregón,6207019063,Porcentaje de superficie en el ámbito geográfico de referencia respecto a la unidad geográfica superior,2020,6.41729992456759,Porcentaje
09,Ciudad de México,010,Álvaro Obregón,6207019064,Porcentaje de la población de 12 años y más no económicamente activa que se dedica a los quehaceres del hogar,2020,35.0604073936019,Porcentaje
09,Ciudad de México,010,Álvaro Obregón,6207019065,Porcentaje de la población de 12 años y más no económicamente activa que realiza otras actividades no económicas,2020,9.33190080470103,Porcentaje
09,Ciudad de México,010,Álvaro Obregón,6207019070,Porcentaje de la población de 12 años y más no económicamente activa con alguna limitación física o mental que les impide trabajar,2020,2.72808998618633,Porcentaje
09,Ciudad de México,010,Álvaro Obregón,6207020032,Porcentaje de hombres,2020,47.5549209167779,Porcentaje
09,Ciudad de México,010,Álvaro Obregón,6207020033,Porcentaje de mujeres,2020,52.4450790832221,Porcentaje
09,Ciudad de México,010,Álvaro Obregón,6207020035,Promedio de ocupantes por cuarto (Índice de hacinamiento),2020,0.810642071047332,Promedio
09,Ciudad de México,010,Álvaro Obregón,6207049066,Población de 6 a 14 años que sabe leer y escribir,2020,82072,Porcentaje
09,Ciudad de México,010,Álvaro Obregón,6207049067,Población de 6 a 14 años que no sabe leer y escribir,2020,5690,Porcentaje
09,Ciudad de México,010,Álvaro Obregón,6207049068,Porcentaje de la población de 3 años y más que asiste a la escuela,2020,24.89713078669,Porcentaje
09,Ciudad de México,010,Álvaro Obregón,6207049069,Porcentaje de la población de 3 años y más que no asiste a la escuela,2020,74.897605619854,Porcentaje
09,Ciudad de México,010,Álvaro Obregón,6207049070,Población de 6 a 14 años que no especificó si sabe o no leer y escribir,2020,771,Porcentaje
09,Ciudad de México,010,Álvaro Obregón,6207049071,Porcentaje de la población de 3 años y más que no especificó si asiste o no a la escuela,2020,0.205263593455985,Porcentaje
09,Ciudad de México,010,Álvaro Obregón,6207051593,Porcentaje de población de 6 a 14 años que no asiste a la escuela,2020,5.841889,Porcentaje
09,Ciudad de México,010,Álvaro Obregón,6207068394,Porcentaje de viviendas con agua entubada dentro de la vivienda,2020,95.565465865727,Porcentaje
09,Ciudad de México,010,Álvaro Obregón,6207129629,Porcentaje de la población nacional/estatal que representa,2020,8.24257997659921,Porcentaje
09,Ciudad de México,010,Álvaro Obregón,6207129630,Promedio de ocupantes por dormitorio,2020,1.6012327826028,Promedio
09,Ciudad de México,010,Álvaro Obregón,6207129631,Porcentaje de viviendas particulares habitadas que disponen de tinaco,2020,81.3343314648798,Porcentaje
09,Ciudad de México,010,Álvaro Obregón,6207129632,Porcentaje de viviendas particulares habitadas que disponen de cisterna o aljibe,2020,31.7990103890887,Porcentaje
09,Ciudad de México,010,Álvaro Obregón,6207129635,Porcentaje de viviendas particulares habitadas que disponen de Automóvil o camioneta,2020,49.8863408132338,Porcentaje
09,Ciudad de México,010,Álvaro Obregón,6207129636,Porcentaje de viviendas particulares habitadas que disponen de motocicleta o motoneta,2020,7.75301721776918,Porcentaje
09,Ciudad de México,010,Álvaro Obregón,6207129637,Porcentaje de viviendas particulares habitadas que disponen de bicicleta como medio de transporte,2020,9.28262338184009,Porcentaje
09,Ciudad de México,010,Álvaro Obregón,6207129638,Porcentaje de la población con algún tipo de  discapacidad,2020,5.02873657850954,Porcentaje
09,Ciudad de México,010,Álvaro Obregón,6207129639,Porcentaje de la población entre 0 y 17 años con algún tipo de  discapacidad,2020,1.7832598489852,Porcentaje
09,Ciudad de México,010,Álvaro Obregón,6207129640,Porcentaje de la población entre 18 y 29 años con algún tipo de  discapacidad,2020,1.87753509053148,Porcentaje
09,Ciudad de México,010,Álvaro Obregón,6207129641,Porcentaje de la población entre 30 y 59 años con algún tipo de  discapacidad,2020,3.46066833926139,Porcentaje
09,Ciudad de México,010,Álvaro Obregón,6207129642,Porcentaje de la población de 60 años y más con algún tipo de  discapacidad,2020,17.3750602931679,Porcentaje
09,Ciudad de México,010,Álvaro Obregón,6207129643,Porcentaje de la población de 5 y más años migrante según causa: Trabajo,2020,32.1117635148816,Porcentaje
09,Ciudad de México,010,Álvaro Obregón,6207129644,Porcentaje de la población de 5 y más años migrante según causa: Familiar,2020,35.529009471103,Porcentaje
09,Ciudad de México,010,Álvaro Obregón,6207129645,Porcentaje de la población de 5 y más años migrante según causa: Educativa,2020,7.31367123349306,Porcentaje
09,Ciudad de México,010,Álvaro Obregón,6207129646,Porcentaje de la población de 5 y más años migrante según causa: Inseguridad delictiva o violencia,2020,3.1405367708263,Porcentaje
09,Ciudad de México,010,Álvaro Obregón,6207129647,Porcentaje de la población de 5 y más años migrante según causa: Otra causa,2020,18.4967717261704,Porcentaje
09,Ciudad de México,010,Álvaro Obregón,6207129648,Promedio de hijos nacidos vivos por grupo de edad: 15-19,2020,0.0680555044352019,Promedio
09,Ciudad de México,010,Álvaro Obregón,6207129649,Promedio de hijos nacidos vivos por grupo de edad: 20-24,2020,0.384994998332778,Promedio
09,Ciudad de México,010,Álvaro Obregón,6207129650,Promedio de hijos nacidos vivos por grupo de edad: 25-29,2020,0.791098094747683,Promedio
09,Ciudad de México,010,Álvaro Obregón,6207129651,Promedio de hijos nacidos vivos por grupo de edad: 30-34,2020,1.16043613707165,Promedio
09,Ciudad de México,010,Álvaro Obregón,6207129652,Promedio de hijos nacidos vivos por grupo de edad: 35-39,2020,1.53231824140365,Promedio
09,Ciudad de México,010,Álvaro Obregón,6207129653,Promedio de hijos nacidos vivos por grupo de edad: 40-44,2020,1.76998833299019,Promedio
09,Ciudad de México,010,Álvaro Obregón,6207129654,Promedio de hijos nacidos vivos por grupo de edad: 45-49,2020,1.91272605492297,Promedio
09,Ciudad de México,010,Álvaro Obregón,6207129812,Porcentaje de viviendas particulares habitadas que disponen de refrigerador,2020,94.4097025689715,Porcentaje
09,Ciudad de México,010,Álvaro Obregón,6207129813,Porcentaje de viviendas particulares habitadas que disponen de lavadora,2020,85.7391955303182,Porcentaje
09,Ciudad de México,010,Álvaro Obregón,6207129818,Porcentaje de la población derechohabiente en Instituto de Salud para el Bienestar (IMSS-PROSPERA o IMSS-BIENESTAR),2020,0.282550860032838,Porcentaje
09,Ciudad de México,010,Álvaro Obregón,6207129822,Ubicación geográfica con la mayor cantidad de pobladores. Primer lugar,2020,90100001,No aplica
09,Ciudad de México,010,Álvaro Obregón,6207129825,Población de la ubicación geográfica con la mayor cantidad de pobladores. Primer lugar,2020,759003,Personas
09,Ciudad de México,010,Álvaro Obregón,6207129828,Lengua indígena más frecuente. Descripción. Primer lugar,2020,211,No aplica
09,Ciudad de México,010,Álvaro Obregón,6207129830,Lengua indígena más frecuente. Porcentaje. Primer lugar,2020,32.4376430895289,Porcentaje
09,Ciudad de México,010,Álvaro Obregón,6207129840,Total de áreas geográficas,2020,7,Municipios
09,Ciudad de México,011,Tláhuac,1001000001,Superficie continental,2020,85.85065828,Kilómetros cuadrados
09,Ciudad de México,011,Tláhuac,1002000001,Población total,2020,392313,Personas
09,Ciudad de México,011,Tláhuac,1002000002,Población total hombres,2020,190190,Personas
09,Ciudad de México,011,Tláhuac,1002000003,Población total mujeres,2020,202123,Personas
09,Ciudad de México,011,Tláhuac,1002000004,Porcentaje de población de 15 a 29 años,2020,25.3442402235777,Porcentaje
09,Ciudad de México,011,Tláhuac,1002000005,Porcentaje de hombres de 15 a 29 años,2020,26.3557369633596,Porcentaje
09,Ciudad de México,011,Tláhuac,1002000006,Porcentaje de mujeres de 15 a 29 años,2020,24.3924771096263,Porcentaje
09,Ciudad de México,011,Tláhuac,1002000007,Porcentaje de población de 60 y más años,2020,11.779645458069,Porcentaje
09,Ciudad de México,011,Tláhuac,1002000008,Porcentaje de hombres de 60 y más años,2020,10.9726590854101,Porcentaje
09,Ciudad de México,011,Tláhuac,1002000009,Porcentaje de mujeres de 60 y más años,2020,12.5389755011136,Porcentaje
09,Ciudad de México,011,Tláhuac,1002000010,Edad mediana,2020,31,Años
09,Ciudad de México,011,Tláhuac,1002000011,Edad mediana hombres,2020,30,Años
09,Ciudad de México,011,Tláhuac,1002000012,Edad mediana mujeres,2020,33,Años
09,Ciudad de México,011,Tláhuac,1002000013,Promedio de hijos nacidos vivos de las mujeres de 12 años y más,2020,1.80894038761286,Promedio
09,Ciudad de México,011,Tláhuac,1002000014,Población en hogares censales,2020,391967,Personas
09,Ciudad de México,011,Tláhuac,1002000015,Población en hogares familiares,2020,379516,Personas
09,Ciudad de México,011,Tláhuac,1002000016,Población en hogares no familiares,2020,12325,Personas
09,Ciudad de México,011,Tláhuac,1002000018,Hogares censales,2020,106935,Hogares
09,Ciudad de México,011,Tláhuac,1002000019,Hogares con jefatura masculina,2020,68446,Hogares
09,Ciudad de México,011,Tláhuac,1002000020,Hogares con jefatura femenina,2020,38489,Hogares
09,Ciudad de México,011,Tláhuac,1002000021,Tamaño promedio de los hogares censales,2020,3.66546967784168,Personas
09,Ciudad de México,011,Tláhuac,1002000022,Tamaño promedio de los hogares con jefe hombre,2020,3.81233381059521,Personas
09,Ciudad de México,011,Tláhuac,1002000023,Tamaño promedio de los hogares con jefe mujer,2020,3.40429733170516,Personas
09,Ciudad de México,011,Tláhuac,1002000024,Relación hombres-mujeres,2020,94.0961691643207,Hombres por cada 100 mujeres
09,Ciudad de México,011,Tláhuac,1002000041,Porcentaje de personas de 15 años y más alfabetas,2020,98.2247003573318,Porcentaje
09,Ciudad de México,011,Tláhuac,1002000050,Tasa de alfabetización de las personas de 15 a 24 años,2020,99.3875261514205,Tasa
09,Ciudad de México,011,Tláhuac,1002000055,Población de edad no especificada,2020,145,Personas
09,Ciudad de México,011,Tláhuac,1002000056,Población de edad no especificada. Hombres,2020,72,Personas
09,Ciudad de México,011,Tláhuac,1002000057,Población de edad no especificada. Mujeres,2020,73,Personas
09,Ciudad de México,011,Tláhuac,1002000058,Población de 0 a 4 años,2020,23715,Personas
09,Ciudad de México,011,Tláhuac,1002000059,Población de 0 a 4 años. Hombres,2020,12010,Personas
09,Ciudad de México,011,Tláhuac,1002000060,Población de 0 a 4 años. Mujeres,2020,11705,Personas
09,Ciudad de México,011,Tláhuac,1002000061,Población de 10 a 14 años,2020,31239,Personas
09,Ciudad de México,011,Tláhuac,1002000062,Población de 10 a 14 años. Hombres,2020,15892,Personas
09,Ciudad de México,011,Tláhuac,1002000063,Población de 10 a 14 años. Mujeres,2020,15347,Personas
09,Ciudad de México,011,Tláhuac,1002000064,Población de 100 años y más,2020,16,Personas
09,Ciudad de México,011,Tláhuac,1002000065,Población de 100 años y más. Hombres,2020,4,Personas
09,Ciudad de México,011,Tláhuac,1002000066,Población de 100 años y más. Mujeres,2020,12,Personas
09,Ciudad de México,011,Tláhuac,1002000067,Población de 15 a 19 años,2020,32389,Personas
09,Ciudad de México,011,Tláhuac,1002000068,Población de 15 a 19 años. Hombres,2020,16651,Personas
09,Ciudad de México,011,Tláhuac,1002000069,Población de 15 a 19 años. Mujeres,2020,15738,Personas
09,Ciudad de México,011,Tláhuac,1002000070,Población de 20 a 24 años,2020,33573,Personas
09,Ciudad de México,011,Tláhuac,1002000071,Población de 20 a 24 años. Hombres,2020,16963,Personas
09,Ciudad de México,011,Tláhuac,1002000072,Población de 20 a 24 años. Mujeres,2020,16610,Personas
09,Ciudad de México,011,Tláhuac,1002000073,Población de 25 a 29 años,2020,33430,Personas
09,Ciudad de México,011,Tláhuac,1002000074,Población de 25 a 29 años. Hombres,2020,16493,Personas
09,Ciudad de México,011,Tláhuac,1002000075,Población de 25 a 29 años. Mujeres,2020,16937,Personas
09,Ciudad de México,011,Tláhuac,1002000076,Población de 30 a 34 años,2020,30567,Personas
09,Ciudad de México,011,Tláhuac,1002000077,Población de 30 a 34 años. Hombres,2020,14712,Personas
09,Ciudad de México,011,Tláhuac,1002000078,Población de 30 a 34 años. Mujeres,2020,15855,Personas
09,Ciudad de México,011,Tláhuac,1002000079,Población de 35 a 39 años,2020,28805,Personas
09,Ciudad de México,011,Tláhuac,1002000080,Población de 35 a 39 años. Hombres,2020,13710,Personas
09,Ciudad de México,011,Tláhuac,1002000081,Población de 35 a 39 años. Mujeres,2020,15095,Personas
09,Ciudad de México,011,Tláhuac,1002000082,Población de 40 a 44 años,2020,27822,Personas
09,Ciudad de México,011,Tláhuac,1002000083,Población de 40 a 44 años. Hombres,2020,13091,Personas
09,Ciudad de México,011,Tláhuac,1002000084,Población de 40 a 44 años. Mujeres,2020,14731,Personas
09,Ciudad de México,011,Tláhuac,1002000085,Población de 45 a 49 años,2020,28300,Personas
09,Ciudad de México,011,Tláhuac,1002000086,Población de 45 a 49 años. Hombres,2020,13097,Personas
09,Ciudad de México,011,Tláhuac,1002000087,Población de 45 a 49 años. Mujeres,2020,15203,Personas
09,Ciudad de México,011,Tláhuac,1002000088,Población de 5 a 9 años,2020,29097,Personas
09,Ciudad de México,011,Tláhuac,1002000089,Población de 5 a 9 años. Hombres,2020,14845,Personas
09,Ciudad de México,011,Tláhuac,1002000090,Población de 5 a 9 años. Mujeres,2020,14252,Personas
09,Ciudad de México,011,Tláhuac,1002000091,Población de 50 a 54 años,2020,26238,Personas
09,Ciudad de México,011,Tláhuac,1002000092,Población de 50 a 54 años. Hombres,2020,12163,Personas
09,Ciudad de México,011,Tláhuac,1002000093,Población de 50 a 54 años. Mujeres,2020,14075,Personas
09,Ciudad de México,011,Tláhuac,1002000094,Población de 55 a 59 años,2020,20797,Personas
09,Ciudad de México,011,Tláhuac,1002000095,Población de 55 a 59 años. Hombres,2020,9630,Número de personas
09,Ciudad de México,011,Tláhuac,1002000096,Población de 55 a 59 años. Mujeres,2020,11167,Número de personas
09,Ciudad de México,011,Tláhuac,1002000097,Población de 60 a 64 años,2020,16593,Personas
09,Ciudad de México,011,Tláhuac,1002000098,Población de 60 a 64 años. Hombres,2020,7665,Número de personas
09,Ciudad de México,011,Tláhuac,1002000099,Población de 60 a 64 años. Mujeres,2020,8928,Número de personas
09,Ciudad de México,011,Tláhuac,1002000100,Población de 65 a 69 años,2020,11511,Personas
09,Ciudad de México,011,Tláhuac,1002000101,Población de 65 a 69 años. Hombres,2020,5390,Número de personas
09,Ciudad de México,011,Tláhuac,1002000102,Población de 65 a 69 años. Mujeres,2020,6121,Número de personas
09,Ciudad de México,011,Tláhuac,1002000103,Población de 70 a 74 años,2020,7924,Personas
09,Ciudad de México,011,Tláhuac,1002000104,Población de 70 a 74 años. Hombres,2020,3580,Número de personas
09,Ciudad de México,011,Tláhuac,1002000105,Población de 70 a 74 años. Mujeres,2020,4344,Número de personas
09,Ciudad de México,011,Tláhuac,1002000106,Población de 75 a 79 años,2020,4627,Personas
09,Ciudad de México,011,Tláhuac,1002000107,Población de 75 a 79 años. Hombres,2020,2044,Número de personas
09,Ciudad de México,011,Tláhuac,1002000108,Población de 75 a 79 años. Mujeres,2020,2583,Número de personas
09,Ciudad de México,011,Tláhuac,1002000109,Población de 80 a 84 años,2020,3017,Personas
09,Ciudad de México,011,Tláhuac,1002000110,Población de 80 a 84 años. Hombres,2020,1251,Número de personas
09,Ciudad de México,011,Tláhuac,1002000111,Población de 80 a 84 años. Mujeres,2020,1766,Número de personas
09,Ciudad de México,011,Tláhuac,1002000112,Población de 85 a 89 años,2020,1624,Personas
09,Ciudad de México,011,Tláhuac,1002000113,Población de 85 a 89 años. Hombres,2020,632,Número de personas
09,Ciudad de México,011,Tláhuac,1002000114,Población de 85 a 89 años. Mujeres,2020,992,Número de personas
09,Ciudad de México,011,Tláhuac,1002000115,Población de 90 a 94 años,2020,662,Personas
09,Ciudad de México,011,Tláhuac,1002000116,Población de 90 a 94 años. Hombres,2020,220,Número de personas
09,Ciudad de México,011,Tláhuac,1002000117,Población de 90 a 94 años. Mujeres,2020,442,Número de personas
09,Ciudad de México,011,Tláhuac,1002000118,Población de 95 a 99 años,2020,222,Personas
09,Ciudad de México,011,Tláhuac,1002000119,Población de 95 a 99 años. Hombres,2020,75,Número de personas
09,Ciudad de México,011,Tláhuac,1002000120,Población de 95 a 99 años. Mujeres,2020,147,Número de personas
09,Ciudad de México,011,Tláhuac,1002000127,Relación de dependencia,2020,40.8072843734965,Personas dependientes por cada 100 personas en edad de trabajar
09,Ciudad de México,011,Tláhuac,1003000001,Total de viviendas particulares habitadas,2020,106935,Viviendas
09,Ciudad de México,011,Tláhuac,1003000011,Viviendas particulares habitadas,2020,105711,Número de Viviendas
09,Ciudad de México,011,Tláhuac,1003000015,Promedio de ocupantes en viviendas particulares habitadas,2020,3.66607005641247,Promedio
09,Ciudad de México,011,Tláhuac,1003000017,Viviendas particulares habitadas que disponen de energía eléctrica,2020,106424,Viviendas
09,Ciudad de México,011,Tláhuac,1003000018,Viviendas particulares habitadas que disponen de agua de la red pública en el ámbito de la vivienda,2020,104372,Viviendas
09,Ciudad de México,011,Tláhuac,1003000019,Viviendas particulares habitadas que disponen de drenaje,2020,106400,Viviendas
09,Ciudad de México,011,Tláhuac,1003000020,Viviendas particulares habitadas que disponen de excusado o sanitario,2020,106427,Viviendas
09,Ciudad de México,011,Tláhuac,1003000023,Viviendas particulares habitadas que disponen de lavadora,2020,82512,Viviendas
09,Ciudad de México,011,Tláhuac,1003000024,Viviendas particulares habitadas que disponen de computadora,2020,50871,Viviendas
09,Ciudad de México,011,Tláhuac,1004000001,Población derechohabiente a servicios de salud,2020,285065,Personas
09,Ciudad de México,011,Tláhuac,1005000012,Población de 5 años y más que asiste a la escuela,2020,100738,Personas
09,Ciudad de México,011,Tláhuac,1005000038,Grado promedio de escolaridad de la población de 15 y más años,2020,10.5313839369915,Años de escolaridad
09,Ciudad de México,011,Tláhuac,1005000039,Población de 5 años y más hablante de lengua indígena,2020,4838,Personas
09,Ciudad de México,011,Tláhuac,3104003001,Porcentaje de población inmigrante (migración reciente),2020,2.43212823454568,Porcentaje
09,Ciudad de México,011,Tláhuac,3105001001,Densidad de población,2020,4569.71452356812,Habitantes por kilómetro cuadrado
09,Ciudad de México,011,Tláhuac,3105004001,Porcentaje de población en localidades de menos de 2 500 habitantes,2020,1.78225039700443,Porcentaje
09,Ciudad de México,011,Tláhuac,3108001001,Porcentaje de analfabetas total,2020,1.67111843877488,Porcentaje
09,Ciudad de México,011,Tláhuac,3108001002,Porcentaje de analfabetas hombres,2020,1.14947988410203,Porcentaje
09,Ciudad de México,011,Tláhuac,3108001003,Porcentaje de analfabetas mujeres,2020,2.14935363865975,Porcentaje
09,Ciudad de México,011,Tláhuac,3114004001,Porcentaje de viviendas con piso de tierra,2020,1.7879565942613,Porcentaje
09,Ciudad de México,011,Tláhuac,3114006001,Porcentaje de viviendas con electricidad,2020,99.728245591019,Porcentaje
09,Ciudad de México,011,Tláhuac,6200031290,Porcentaje de viviendas particulares habitadas con disponibilidad de drenaje,2020,99.7057555709654,Porcentaje
09,Ciudad de México,011,Tláhuac,6200031291,Porcentaje de viviendas particulares habitadas con disponibilidad de excusado,2020,99.7310568435257,Porcentaje
09,Ciudad de México,011,Tláhuac,6200108938,Porcentaje de viviendas con techos de materiales resistentes,2020,90.5412862688908,Porcentaje
09,Ciudad de México,011,Tláhuac,6200205238,Población de 8 a 14 años que sabe leer y escribir,2020,42153,Personas
09,Ciudad de México,011,Tláhuac,6200205244,Viviendas que son cuarto de azotea,2020,2,Viviendas
09,Ciudad de México,011,Tláhuac,6200205245,Viviendas móviles,2020,28,Viviendas
09,Ciudad de México,011,Tláhuac,6200205246,Viviendas que son departamento en edificio o vivienda en vecindad,2020,18063,Viviendas
09,Ciudad de México,011,Tláhuac,6200205247,Viviendas que son refugio,2020,25,Viviendas
09,Ciudad de México,011,Tláhuac,6200205248,Viviendas colectivas,2020,29,Viviendas
09,Ciudad de México,011,Tláhuac,6200205249,Viviendas que son casa independiente o local no construido para habitación,2020,45351,Viviendas
09,Ciudad de México,011,Tláhuac,6200205251,Promedio de hijos nacidos vivos de las mujeres de 12 años y más casada sólo religiosamente,2020,2.76962582538518,Promedio
09,Ciudad de México,011,Tláhuac,6200205252,Población de 5 años y más inmigrante,2020,22946,Personas
09,Ciudad de México,011,Tláhuac,6200205253,Población total sin limitación en la actividad,2020,321370,Personas
09,Ciudad de México,011,Tláhuac,6200205254,Población total que no especificó limitación en la actividad,2020,198,Personas
09,Ciudad de México,011,Tláhuac,6200205255,Porcentaje de la población migrante internacional destino otro país,2020,34.9362119725221,Porcentaje
09,Ciudad de México,011,Tláhuac,6200205256,Población de 5 años y más con religión no especificada,2020,328,Personas
09,Ciudad de México,011,Tláhuac,6200205257,Población de 5 años y más católica,2020,280094,Personas
09,Ciudad de México,011,Tláhuac,6200205258,Promedio de hijos nacidos vivos de las mujeres de 12 años y más solteras,2020,0.308353478377652,Promedio
09,Ciudad de México,011,Tláhuac,6200205259,Población nacida en otro país residente en México,2020,967,Personas
09,Ciudad de México,011,Tláhuac,6200205260,Población con limitación en la actividad para escuchar,2020,9708,Personas
09,Ciudad de México,011,Tláhuac,6200205261,Población con limitación en la actividad para hablar o comunicarse,2020,2491,Personas
09,Ciudad de México,011,Tláhuac,6200205263,Población con limitación en la actividad para caminar o moverse,2020,14840,Personas
09,Ciudad de México,011,Tláhuac,6200205264,Porcentaje de la población migrante internacional destino no especificado,2020,4.61236506378803,Porcentaje
09,Ciudad de México,011,Tláhuac,6200205265,Promedio de hijos nacidos vivos de las mujeres de 12 años y más que no especificó estado conyugal,2020,2.625,Promedio
09,Ciudad de México,011,Tláhuac,6200205266,Promedio de hijos nacidos vivos de las mujeres de 12 años y más casada civil y religiosamente,2020,2.70988717444027,Promedio
09,Ciudad de México,011,Tláhuac,6200205267,Promedio de hijos nacidos vivos de las mujeres de 12 años y más separadas,2020,2.37922994517613,Promedio
09,Ciudad de México,011,Tláhuac,6200205268,Población nacida en otro país residente en México hombres,2020,475,Personas
09,Ciudad de México,011,Tláhuac,6200205269,Población con limitación en la actividad para atender el cuidado personal,2020,2140,Personas
09,Ciudad de México,011,Tláhuac,6200205270,Población con limitación en la actividad para poner atención o aprender,2020,9024,Personas
09,Ciudad de México,011,Tláhuac,6200205271,Población con limitación en la actividad,2020,46854,Personas
09,Ciudad de México,011,Tláhuac,6200205272,Porcentaje de población nacida en otro país residente en México,2020,0.246486861256191,Porcentaje
09,Ciudad de México,011,Tláhuac,6200205273,Población de 5 años y más con religión distinta de católica,2020,56673,Personas
09,Ciudad de México,011,Tláhuac,6200205274,Porcentaje de población masculina nacida en otro país residente en México,2020,0.24975024975025,Porcentaje
09,Ciudad de México,011,Tláhuac,6200205275,Promedio de hijos nacidos vivos de las mujeres de 12 años y más divorciadas,2020,2.39357611400136,Promedio
09,Ciudad de México,011,Tláhuac,6200205276,Promedio de hijos nacidos vivos de las mujeres de 12 años y más en unión libre,2020,2.01601073089985,Promedio
09,Ciudad de México,011,Tláhuac,6200205277,Población de 5 años y más emigrante,2020,23160,Personas
09,Ciudad de México,011,Tláhuac,6200205279,Promedio de hijos nacidos vivos de las mujeres de 12 años y más casada sólo por lo civil,2020,2.35417841434533,Promedio
09,Ciudad de México,011,Tláhuac,6200205280,Población con limitación en la actividad para ver,2020,30781,Personas
09,Ciudad de México,011,Tláhuac,6200205282,Porcentaje de población femenina nacida en otro país residente en México,2020,0.243416137698332,Porcentaje
09,Ciudad de México,011,Tláhuac,6200205283,Promedio de hijos nacidos vivos de las mujeres de 12 años y más viudas,2020,4.3159946832078,Promedio
09,Ciudad de México,011,Tláhuac,6200205284,Población nacida en otro país residente en México mujeres,2020,492,Personas
09,Ciudad de México,011,Tláhuac,6200205285,Porcentaje de la población migrante internacional destino Estados Unidos de América,2020,60.4514229636899,Porcentaje
09,Ciudad de México,011,Tláhuac,6200205286,Población con limitación en la actividad mental,2020,5876,Personas
09,Ciudad de México,011,Tláhuac,6200205288,Índice de masculinidad de la población nacida en otro país residente en México,2020,96.5447154471545,Índice
09,Ciudad de México,011,Tláhuac,6200205289,Población de 5 años y más sin religión,2020,31358,Personas
09,Ciudad de México,011,Tláhuac,6200240300,Porcentaje de hombres de 0 a 4 años,2020,3.06246302605006,Porcentaje
09,Ciudad de México,011,Tláhuac,6200240301,Población católica,2020,297.513,Miles DE personas
09,Ciudad de México,011,Tláhuac,6200240302,Porcentaje de la población de 60 a 84 años con limitación en la actividad,2020,32.515112657996,Porcentaje
09,Ciudad de México,011,Tláhuac,6200240304,Tasa de monolingüismo de la población de 5 años y más hablante de Tojolabal,2020,0,Porcentaje
09,Ciudad de México,011,Tláhuac,6200240305,Porcentaje de la población que profesa la religión católica,2020,75.8356210474799,Porcentaje
09,Ciudad de México,011,Tláhuac,6200240310,Porcentaje de mujeres de 75 a 79 años,2020,0.658646294445238,Porcentaje
09,Ciudad de México,011,Tláhuac,6200240311,Porcentaje de hombres de 10 a 14 años,2020,4.05234491340446,Porcentaje
09,Ciudad de México,011,Tláhuac,6200240312,Porcentaje de mujeres de 5 a 9 años,2020,3.63415678994717,Porcentaje
09,Ciudad de México,011,Tláhuac,6200240314,Porcentaje de la población de 15 años y más con instrucción media superior,2020,31.7431365357965,Porcentaje
09,Ciudad de México,011,Tláhuac,6200240315,Porcentaje de la población con limitación mental,2020,1.55055942579692,Porcentaje
09,Ciudad de México,011,Tláhuac,6200240316,Tasa de monolingüismo de la población de 5 años y más hablante de Maya,2020,0,Porcentaje
09,Ciudad de México,011,Tláhuac,6200240318,Población de 5 años y más hablante de Tzeltal  (Tseltal),2020,28,Personas
09,Ciudad de México,011,Tláhuac,6200240319,Tasa de monolingüismo de la población de 5 años y más hablante de Mazateco,2020,1.30434782608695,Porcentaje
09,Ciudad de México,011,Tláhuac,6200240320,Población de 5 años y más hablante de Lenguas chinantecas,2020,209,Personas
09,Ciudad de México,011,Tláhuac,6200240323,Porcentaje de la población derechohabiente en el Seguro popular,2020,32.8395278269868,Porcentaje
09,Ciudad de México,011,Tláhuac,6200240325,Tasa de monolingüismo de la población de 5 años y más hablante de Náhuatl,2020,0.79946702198534,Porcentaje
09,Ciudad de México,011,Tláhuac,6200240326,Población de 5 años y más hablante de Lenguas zapotecas,2020,379,Personas
09,Ciudad de México,011,Tláhuac,6200240328,Porcentaje de mujeres de 55 a 59 años,2020,2.84750413088268,Porcentaje
09,Ciudad de México,011,Tláhuac,6200240330,Porcentaje de hombres de 75 a 79 años,2020,0.521205197772383,Porcentaje
09,Ciudad de México,011,Tláhuac,6200240331,Población de 5 años y más hablante de Maya,2020,36,Personas
09,Ciudad de México,011,Tláhuac,6200240332,Población de 5 años y más hablante de Otomí,2020,565,Personas
09,Ciudad de México,011,Tláhuac,6200240334,Población de 5 años y más hablante de Tojolabal,2020,1,Personas
09,Ciudad de México,011,Tláhuac,6200240341,Porcentaje de mujeres de 40 a 44 años,2020,3.75629832112768,Porcentaje
09,Ciudad de México,011,Tláhuac,6200240342,Porcentaje de mujeres de 70 a 74 años,2020,1.10768854164542,Porcentaje
09,Ciudad de México,011,Tláhuac,6200240343,Porcentaje de hombres de 15 a 19 años,2020,4.24588441688256,Porcentaje
09,Ciudad de México,011,Tláhuac,6200240344,Porcentaje de mujeres de 85 años y más,2020,0.406203463821628,Porcentaje
09,Ciudad de México,011,Tláhuac,6200240345,Población de 5 años y más hablante de Mixe,2020,120,Personas
09,Ciudad de México,011,Tláhuac,6200240354,Porcentaje de mujeres de 10 a 14 años,2020,3.91337386018237,Porcentaje
09,Ciudad de México,011,Tláhuac,6200240356,Porcentaje de mujeres de 20 a 24 años,2020,4.23542971379613,Porcentaje
09,Ciudad de México,011,Tláhuac,6200240357,Porcentaje de hombres de 35 a 39 años,2020,3.49595071499969,Porcentaje
09,Ciudad de México,011,Tláhuac,6200240358,Porcentaje de la población de 0 a 14 años con limitación en la actividad,2020,4.57222400685298,Porcentaje
09,Ciudad de México,011,Tláhuac,6200240361,Población de 5 años y más hablante de Mazahua,2020,248,Personas
09,Ciudad de México,011,Tláhuac,6200240364,Tasa de monolingüismo de la población de 5 años y más hablante de Chatino,2020,0,Porcentaje
09,Ciudad de México,011,Tláhuac,6200240365,Porcentaje de la población de 15 años y más con instrucción superior,2020,22.4284930724368,Porcentaje
09,Ciudad de México,011,Tláhuac,6200240366,Tasa de monolingüismo de la población de 5 años y más hablante de Lenguas mixtecas,2020,0.73421439060205,Porcentaje
09,Ciudad de México,011,Tláhuac,6200240367,Porcentaje de la población con limitación para hablar o comunicarse,2020,5.02659118202093,Porcentaje
09,Ciudad de México,011,Tláhuac,6200240368,Porcentaje de la población de 15 años y más con instrucción no especificada,2020,0.107102172226784,Porcentaje
09,Ciudad de México,011,Tláhuac,6200240377,Porcentaje de mujeres de 45 a 49 años,2020,3.87665490300075,Porcentaje
09,Ciudad de México,011,Tláhuac,6200240378,Porcentaje de mujeres de 0 a 4 años,2020,2.98469023479733,Porcentaje
09,Ciudad de México,011,Tláhuac,6200240379,Porcentaje de mujeres de 80 a 84 años,2020,0.450317210991208,Porcentaje
09,Ciudad de México,011,Tláhuac,6200240381,Tasa de monolingüismo de la población de 5 años y más hablante de Tzotzil (Tsotsil),2020,0,Porcentaje
09,Ciudad de México,011,Tláhuac,6200240384,Porcentaje de mujeres de 15 a 19 años,2020,4.01307602864079,Porcentaje
09,Ciudad de México,011,Tláhuac,6200240386,Población de 5 años y más hablante de Lenguas mixtecas,2020,681,Personas
09,Ciudad de México,011,Tláhuac,6200240388,Porcentaje de hombres de 65 a 69 años,2020,1.37441096672854,Porcentaje
09,Ciudad de México,011,Tláhuac,6200240389,Tasa de crecimiento promedio anual de las viviendas particulares habitadas,2020,1.63976683258824,Tasa
09,Ciudad de México,011,Tláhuac,6200240390,Porcentaje de la población con discapacidad por accidente,2020,11.0650602409639,Porcentaje
09,Ciudad de México,011,Tláhuac,6200240395,"Viviendas, de cada cien que cuentan con electricidad, agua y drenaje",2020,97.590756601758,Porcentaje
09,Ciudad de México,011,Tláhuac,6200240396,Porcentaje de la población de 30 a 59 años con limitación en la actividad,2020,13.108429880206,Porcentaje
09,Ciudad de México,011,Tláhuac,6200240397,Tasa de monolingüismo de la población de 5 años y más hablante de Chol (Ch''ol),2020,0,Porcentaje
09,Ciudad de México,011,Tláhuac,6200240398,Tasa de monolingüismo de la población de 5 años y más hablante de Totonaca (Totonaco),2020,0,Porcentaje
09,Ciudad de México,011,Tláhuac,6200240407,Índice de envejecimiento,2020,54.9618683894302,Porcentaje
09,Ciudad de México,011,Tláhuac,6200240410,Porcentaje de hombres de 60 a 64 años,2020,1.95451949164644,Porcentaje
09,Ciudad de México,011,Tláhuac,6200240411,Porcentaje de hombres de 85 años y más,2020,0.237398257889476,Porcentaje
09,Ciudad de México,011,Tláhuac,6200240413,Tasa de monolingüismo de la población de 5 años y más hablante de Huasteco,2020,0,Porcentaje
09,Ciudad de México,011,Tláhuac,6200240414,"Porcentaje de la población derechohabiente en PEMEX, SDN o SM",2020,1.29549401013804,Porcentaje
09,Ciudad de México,011,Tláhuac,6200240416,Porcentaje de la población usuaria de servicios de salud en instituciones de servicios médicos privados,2020,1.53754406889657,Porcentaje
09,Ciudad de México,011,Tláhuac,6200240421,Porcentaje de la población derechohabiente en el ISSSTE,2020,17.7871713468858,Porcentaje
09,Ciudad de México,011,Tláhuac,6200240423,Porcentaje de hombres de 40 a 44 años,2020,3.33811019767039,Porcentaje
09,Ciudad de México,011,Tláhuac,6200240424,Tasa de monolingüismo de la población de 5 años y más hablante de Mixe,2020,4.16666666666666,Porcentaje
09,Ciudad de México,011,Tláhuac,6200240425,Porcentaje de hombres de 70 a 74 años,2020,0.912874074376288,Porcentaje
09,Ciudad de México,011,Tláhuac,6200240426,Porcentaje de mujeres de 60 a 64 años,2020,2.27657534526019,Porcentaje
09,Ciudad de México,011,Tláhuac,6200240427,Porcentaje de mujeres de 65 a 69 años,2020,1.56081067297689,Porcentaje
09,Ciudad de México,011,Tláhuac,6200240428,Tasa de monolingüismo de la población de 5 años y más hablante de Otomí,2020,1.23893805309734,Porcentaje
09,Ciudad de México,011,Tláhuac,6200240430,Porcentaje de la población con limitación para caminar y moverse,2020,31.6728561062022,Porcentaje
09,Ciudad de México,011,Tláhuac,6200240431,Población de 5 años y más hablante de Purépecha (Tarasco),2020,74,Personas
09,Ciudad de México,011,Tláhuac,6200240432,Tasa de monolingüismo de la población de 5 años y más hablante de Zoque,2020,0,Porcentaje
09,Ciudad de México,011,Tláhuac,6200240433,Tasa de monolingüismo de la población de 5 años y más hablante de Lenguas zapotecas,2020,0.79155672823219,Porcentaje
09,Ciudad de México,011,Tláhuac,6200240434,Población de 5 años y más hablante de Chatino,2020,3,Personas
09,Ciudad de México,011,Tláhuac,6200240435,Porcentaje de la población con limitación para atender el cuidado personal,2020,4.56737951935801,Porcentaje
09,Ciudad de México,011,Tláhuac,6200240443,Porcentaje de mujeres de 35 a 39 años,2020,3.84911568511454,Porcentaje
09,Ciudad de México,011,Tláhuac,6200240444,Porcentaje de hombres de 55 a 59 años,2020,2.45558026152057,Porcentaje
09,Ciudad de México,011,Tláhuac,6200240445,Porcentaje de hombres de 5 a 9 años,2020,3.78536749556313,Porcentaje
09,Ciudad de México,011,Tláhuac,6200240447,Porcentaje de la población de 15 años y más sin instrucción,2020,2.17092857583321,Porcentaje
09,Ciudad de México,011,Tláhuac,6200240449,Tasa de monolingüismo de la población de 5 años y más hablante de lengua indígena,2020,0.88879702356345,Porcentaje
09,Ciudad de México,011,Tláhuac,6200240450,Porcentaje de la población con limitación para ver,2020,65.6955649464293,Porcentaje
09,Ciudad de México,011,Tláhuac,6200240451,Población de 5 años y más hablante de Tarahumara,2020,3,Personas
09,Ciudad de México,011,Tláhuac,6200240452,Población de 5 años y más hablante de Chol (Ch''ol),2020,6,Personas
09,Ciudad de México,011,Tláhuac,6200240453,Población de 5 años y más hablante de Totonaca (Totonaco),2020,191,Personas
09,Ciudad de México,011,Tláhuac,6200240454,Tasa de monolingüismo de la población de 5 años y más hablante de Mazahua,2020,0.40322580645161,Porcentaje
09,Ciudad de México,011,Tláhuac,6200240458,Porcentaje de la población con discapacidad por edad avanzada,2020,21.6626506024096,Porcentaje
09,Ciudad de México,011,Tláhuac,6200240459,Porcentaje de la población con discapacidad por nacimiento,2020,16.2698795180723,Porcentaje
09,Ciudad de México,011,Tláhuac,6200240466,Población de 5 años y más hablante de Tlapaneco,2020,78,Personas
09,Ciudad de México,011,Tláhuac,6200240471,Porcentaje de la población derechohabiente en el IMSS,2020,46.2985634855208,Porcentaje
09,Ciudad de México,011,Tláhuac,6200240475,Porcentaje de hombres de 80 a 84 años,2020,0.318995940515289,Porcentaje
09,Ciudad de México,011,Tláhuac,6200240477,Porcentaje de la población de 85 y más con limitación en la actividad,2020,29.8335974643423,Porcentaje
09,Ciudad de México,011,Tláhuac,6200240478,Porcentaje de la población con limitación para escuchar,2020,20.7196824177231,Porcentaje
09,Ciudad de México,011,Tláhuac,6200240479,Porcentaje de la población con limitación para poner atención o aprender,2020,19.2598284031246,Porcentaje
09,Ciudad de México,011,Tláhuac,6200240480,Población de 5 años y más hablante de Huasteco,2020,26,Personas
09,Ciudad de México,011,Tláhuac,6200240481,Población de 5 años y más hablante de Tzotzil (Tsotsil),2020,25,Personas
09,Ciudad de México,011,Tláhuac,6200240486,Porcentaje de hombres de 25 a 29 años,2020,4.20559556108607,Porcentaje
09,Ciudad de México,011,Tláhuac,6200240488,Porcentaje de la población de 15 a 29 años con limitación en la actividad,2020,6.79430940115905,Porcentaje
09,Ciudad de México,011,Tláhuac,6200240493,Porcentaje de la población de 5 años y más hablante de lengua indígena,2020,1.31305756772234,Porcentaje
09,Ciudad de México,011,Tláhuac,6200240495,Porcentaje de la población con discapacidad por otra causa,2020,14.8963855421687,Porcentaje
09,Ciudad de México,011,Tláhuac,6200240496,Población de 5 años y más hablante de Náhuatl,2020,1501,Personas
09,Ciudad de México,011,Tláhuac,6200240497,Población no católica,2020,34160,Miles DE personas
09,Ciudad de México,011,Tláhuac,6200240499,Porcentaje de la población que profesa la religión protestante y evangélica,2020,8.47206184857499,Porcentaje
09,Ciudad de México,011,Tláhuac,6200240507,Porcentaje de mujeres de 50 a 54 años,2020,3.58902307174476,Porcentaje
09,Ciudad de México,011,Tláhuac,6200240509,Tasa de monolingüismo de la población de 5 años y más hablante de Tarahumara,2020,0,Porcentaje
09,Ciudad de México,011,Tláhuac,6200240518,Porcentaje de hombres de 30 a 34 años,2020,3.75145345872177,Porcentaje
09,Ciudad de México,011,Tláhuac,6200240520,Porcentaje de hombres de 20 a 24 años,2020,4.32544215744273,Porcentaje
09,Ciudad de México,011,Tláhuac,6200240521,Población de 5 años y más hablante de Zoque,2020,7,Personas
09,Ciudad de México,011,Tláhuac,6200240522,Tasa de monolingüismo de la población de 5 años y más hablante de Purépecha (Tarasco),2020,0,Porcentaje
09,Ciudad de México,011,Tláhuac,6200240532,Porcentaje de hombres de 45 a 49 años,2020,3.33964015421962,Porcentaje
09,Ciudad de México,011,Tláhuac,6200240533,Porcentaje de hombres de 50 a 54 años,2020,3.10147691805553,Porcentaje
09,Ciudad de México,011,Tláhuac,6200240534,Tasa de monolingüismo de la población de 5 años y más hablante de Resto de lenguas,2020,0,Porcentaje
09,Ciudad de México,011,Tláhuac,6200240535,Población de 5 años y más hablante de Mazateco,2020,460,Personas
09,Ciudad de México,011,Tláhuac,6200240536,Tasa de monolingüismo de la población de 5 años y más hablante de Tlapaneco,2020,1.28205128205128,Porcentaje
09,Ciudad de México,011,Tláhuac,6200240537,Tasa de monolingüismo de la población de 5 años y más hablante de Tzeltal (Tseltal),2020,0,Porcentaje
09,Ciudad de México,011,Tláhuac,6200240538,Población de 5 años y más hablante del Resto de lenguas,2020,197,Personas
09,Ciudad de México,011,Tláhuac,6200240539,Tasa de monolingüismo de la población de 5 años y más hablante de Lenguas chinantecas,2020,1.43540669856459,Porcentaje
09,Ciudad de México,011,Tláhuac,6200240540,Porcentaje de la población con discapacidad por enfermedad,2020,44.6939759036145,Porcentaje
09,Ciudad de México,011,Tláhuac,6200240548,Porcentaje de mujeres de 25 a 29 años,2020,4.31881234572938,Porcentaje
09,Ciudad de México,011,Tláhuac,6200240549,Porcentaje de mujeres de 30 a 34 años,2020,4.04291018135085,Porcentaje
09,Ciudad de México,011,Tláhuac,6205370864,Porcentaje de población que se considera afrodescendiente,2020,1.85795525511518,Porcentaje
09,Ciudad de México,011,Tláhuac,6207019007,Porcentaje de la población de 12 años y más viuda,2020,4.45654501514271,Porcentaje
09,Ciudad de México,011,Tláhuac,6207019009,Porcentaje de la población de 12 años y más casada,2020,29.1201933372082,Porcentaje
09,Ciudad de México,011,Tláhuac,6207019010,Porcentaje de población de 25 años y más alfabeta,2020,97.9079515186554,Porcentaje
09,Ciudad de México,011,Tláhuac,6207019011,Porcentaje de la población de 12 años y más soltera,2020,35.683563278167,Porcentaje
09,Ciudad de México,011,Tláhuac,6207019012,Porcentaje de la población de 12 años y más separada,2020,7.25045122212365,Porcentaje
09,Ciudad de México,011,Tláhuac,6207019016,Porcentaje de la población de 12 años y más divorciada,2020,2.10131848634097,Porcentaje
09,Ciudad de México,011,Tláhuac,6207019017,Porcentaje de población afiliada a otra institución,2020,1.10922070404995,Porcentaje
09,Ciudad de México,011,Tláhuac,6207019018,Porcentaje de población afiliada a servicios de salud,2020,72.6626443681448,Porcentaje
09,Ciudad de México,011,Tláhuac,6207019019,Porcentaje de la población de 12 años y más en unión libre,2020,21.3711034292881,Porcentaje
09,Ciudad de México,011,Tláhuac,6207019020,Porcentaje de población de 15 años y más sin escolaridad,2020,2.03137119990134,Porcentaje
09,Ciudad de México,011,Tláhuac,6207019022,Porcentaje de viviendas particulares habitadas propias,2020,64.5951728611399,Porcentaje
09,Ciudad de México,011,Tláhuac,6207019023,Porcentaje de hijos fallecidos de las mujeres de 15 a 49 años,2020,3.23747777893966,Porcentaje
09,Ciudad de México,011,Tláhuac,6207019024,Porcentaje de la población de 3 a 5 años que asiste a la escuela,2020,68.5315985130111,Porcentaje
09,Ciudad de México,011,Tláhuac,6207019026,Porcentaje de la población de 6 a 11 años que asiste a la escuela,2020,95.6164764820484,Porcentaje
09,Ciudad de México,011,Tláhuac,6207019028,Porcentaje de la población de 12 a 14 años que asiste a la escuela,2020,93.9061417993927,Porcentaje
09,Ciudad de México,011,Tláhuac,6207019029,Porcentaje de la población de 15 a 24 años que asiste a la escuela,2020,52.3346775416149,Porcentaje
09,Ciudad de México,011,Tláhuac,6207019030,Porcentaje de población de 12 años y más económicamente activa,2020,63.1717091376304,Porcentaje
09,Ciudad de México,011,Tláhuac,6207019031,Porcentaje de población de 15 años y más con escolaridad básica,2020,43.6898970196386,Porcentaje
09,Ciudad de México,011,Tláhuac,6207019034,Porcentaje de población de 3 años y más hablante de lengua indígena,2020,1.28298501161072,Porcentaje
09,Ciudad de México,011,Tláhuac,6207019035,Porcentaje de la población de 12 años y más No Económicamente Activa,2020,36.6667686377681,Porcentaje
09,Ciudad de México,011,Tláhuac,6207019036,Promedio de hijos nacidos vivos de las mujeres de 15 a 49 años EI2015,2020,1.30245142545851,Promedio
09,Ciudad de México,011,Tláhuac,6207019039,Porcentaje de la población de 12 años y más económicamente activa ocupada,2020,97.9065578057355,Porcentaje
09,Ciudad de México,011,Tláhuac,6207019040,Porcentaje de la población femenina de 12 años y más económicamente activa,2020,43.0407453680836,Porcentaje
09,Ciudad de México,011,Tláhuac,6207019042,Porcentaje de viviendas particulares habitadas que disponen de Internet,2020,67.466311824128,Porcentaje
09,Ciudad de México,011,Tláhuac,6207019043,Porcentaje de la población masculina de 12 años y más económicamente activa,2020,56.9592546319164,Porcentaje
09,Ciudad de México,011,Tláhuac,6207019046,Porcentaje de viviendas particulares habitadas que disponen de computadora,2020,47.6704087561145,Porcentaje
09,Ciudad de México,011,Tláhuac,6207019047,Porcentaje de la población de 12 años y más no económicamente activa que estudia,2020,40.4663774403471,Porcentaje
09,Ciudad de México,011,Tláhuac,6207019050,Porcentaje de viviendas particulares habitadas que disponen de teléfono fijo,2020,60.7689712689994,Porcentaje
09,Ciudad de México,011,Tláhuac,6207019051,Porcentaje de la población de 12 años y más sin especificar su situación conyugal,2020,0.0168252317293279,Porcentaje
09,Ciudad de México,011,Tláhuac,6207019054,Porcentaje de la población femenina de 12 años y más económicamente activa ocupada,2020,98.3269576957696,Porcentaje
09,Ciudad de México,011,Tláhuac,6207019055,Porcentaje de viviendas particulares habitadas que disponen de teléfono celular,2020,90.352718481174,Porcentaje
09,Ciudad de México,011,Tláhuac,6207019056,Porcentaje de la población masculina de 12 años y más económicamente activa ocupada,2020,97.5888864328102,Porcentaje
09,Ciudad de México,011,Tláhuac,6207019057,Porcentaje de viviendas particulares habitadas que disponen de televisión de paga,2020,39.7782858856382,Porcentaje
09,Ciudad de México,011,Tláhuac,6207019058,Porcentaje de población de 3 años y más hablante de lengua indígena que no habla español,2020,0.904977375565611,Porcentaje
09,Ciudad de México,011,Tláhuac,6207019059,Porcentaje de población de 12 años con condición de actividad económica no especificada,2020,0.161522224601548,Porcentaje
09,Ciudad de México,011,Tláhuac,6207019060,Porcentaje de la población de 12 años y más no económicamente activa que es pensionada o jubilada,2020,10.0333722676456,Porcentaje
09,Ciudad de México,011,Tláhuac,6207019063,Porcentaje de superficie en el ámbito geográfico de referencia respecto a la unidad geográfica superior,2020,5.74515023556513,Porcentaje
09,Ciudad de México,011,Tláhuac,6207019064,Porcentaje de la población de 12 años y más no económicamente activa que se dedica a los quehaceres del hogar,2020,39.3075254463541,Porcentaje
09,Ciudad de México,011,Tláhuac,6207019065,Porcentaje de la población de 12 años y más no económicamente activa que realiza otras actividades no económicas,2020,7.50208576672785,Porcentaje
09,Ciudad de México,011,Tláhuac,6207019070,Porcentaje de la población de 12 años y más no económicamente activa con alguna limitación física o mental que les impide trabajar,2020,2.69063907892541,Porcentaje
09,Ciudad de México,011,Tláhuac,6207020032,Porcentaje de hombres,2020,48.479148027213,Porcentaje
09,Ciudad de México,011,Tláhuac,6207020033,Porcentaje de mujeres,2020,51.520851972787,Porcentaje
09,Ciudad de México,011,Tláhuac,6207020035,Promedio de ocupantes por cuarto (Índice de hacinamiento),2020,0.932225813833743,Promedio
09,Ciudad de México,011,Tláhuac,6207049066,Población de 6 a 14 años que sabe leer y escribir,2020,50565,Porcentaje
09,Ciudad de México,011,Tláhuac,6207049067,Población de 6 a 14 años que no sabe leer y escribir,2020,3865,Porcentaje
09,Ciudad de México,011,Tláhuac,6207049068,Porcentaje de la población de 3 años y más que asiste a la escuela,2020,28.1290901414397,Porcentaje
09,Ciudad de México,011,Tláhuac,6207049069,Porcentaje de la población de 3 años y más que no asiste a la escuela,2020,71.8548131728942,Porcentaje
09,Ciudad de México,011,Tláhuac,6207049070,Población de 6 a 14 años que no especificó si sabe o no leer y escribir,2020,273,Porcentaje
09,Ciudad de México,011,Tláhuac,6207049071,Porcentaje de la población de 3 años y más que no especificó si asiste o no a la escuela,2020,0.0160966856660334,Porcentaje
09,Ciudad de México,011,Tláhuac,6207051593,Porcentaje de población de 6 a 14 años que no asiste a la escuela,2020,4.957681,Porcentaje
09,Ciudad de México,011,Tláhuac,6207068394,Porcentaje de viviendas con agua entubada dentro de la vivienda,2020,80.4664804992784,Porcentaje
09,Ciudad de México,011,Tláhuac,6207129629,Porcentaje de la población nacional/estatal que representa,2020,4.25966759407006,Porcentaje
09,Ciudad de México,011,Tláhuac,6207129630,Promedio de ocupantes por dormitorio,2020,1.74083752153455,Promedio
09,Ciudad de México,011,Tláhuac,6207129631,Porcentaje de viviendas particulares habitadas que disponen de tinaco,2020,83.4370373146916,Porcentaje
09,Ciudad de México,011,Tláhuac,6207129632,Porcentaje de viviendas particulares habitadas que disponen de cisterna o aljibe,2020,45.6294394362502,Porcentaje
09,Ciudad de México,011,Tláhuac,6207129635,Porcentaje de viviendas particulares habitadas que disponen de Automóvil o camioneta,2020,38.9049234402234,Porcentaje
09,Ciudad de México,011,Tláhuac,6207129636,Porcentaje de viviendas particulares habitadas que disponen de motocicleta o motoneta,2020,10.1870420001125,Porcentaje
09,Ciudad de México,011,Tláhuac,6207129637,Porcentaje de viviendas particulares habitadas que disponen de bicicleta como medio de transporte,2020,36.0158929475045,Porcentaje
09,Ciudad de México,011,Tláhuac,6207129638,Porcentaje de la población con algún tipo de  discapacidad,2020,5.33528075796622,Porcentaje
09,Ciudad de México,011,Tláhuac,6207129639,Porcentaje de la población entre 0 y 17 años con algún tipo de  discapacidad,2020,2.24027262781849,Porcentaje
09,Ciudad de México,011,Tláhuac,6207129640,Porcentaje de la población entre 18 y 29 años con algún tipo de  discapacidad,2020,2.31684798882124,Porcentaje
09,Ciudad de México,011,Tláhuac,6207129641,Porcentaje de la población entre 30 y 59 años con algún tipo de  discapacidad,2020,4.53703646733814,Porcentaje
09,Ciudad de México,011,Tláhuac,6207129642,Porcentaje de la población de 60 años y más con algún tipo de  discapacidad,2020,20.3177764308598,Porcentaje
09,Ciudad de México,011,Tláhuac,6207129643,Porcentaje de la población de 5 y más años migrante según causa: Trabajo,2020,16.0419053854968,Porcentaje
09,Ciudad de México,011,Tláhuac,6207129644,Porcentaje de la población de 5 y más años migrante según causa: Familiar,2020,50.2332623997381,Porcentaje
09,Ciudad de México,011,Tláhuac,6207129645,Porcentaje de la población de 5 y más años migrante según causa: Educativa,2020,3.89998363070879,Porcentaje
09,Ciudad de México,011,Tláhuac,6207129646,Porcentaje de la población de 5 y más años migrante según causa: Inseguridad delictiva o violencia,2020,3.30250450155508,Porcentaje
09,Ciudad de México,011,Tláhuac,6207129647,Porcentaje de la población de 5 y más años migrante según causa: Otra causa,2020,23.9687346537895,Porcentaje
09,Ciudad de México,011,Tláhuac,6207129648,Promedio de hijos nacidos vivos por grupo de edad: 15-19,2020,0.0822684213872465,Promedio
09,Ciudad de México,011,Tláhuac,6207129649,Promedio de hijos nacidos vivos por grupo de edad: 20-24,2020,0.488439306358381,Promedio
09,Ciudad de México,011,Tláhuac,6207129650,Promedio de hijos nacidos vivos por grupo de edad: 25-29,2020,1.01074760836188,Promedio
09,Ciudad de México,011,Tláhuac,6207129651,Promedio de hijos nacidos vivos por grupo de edad: 30-34,2020,1.48425966815974,Promedio
09,Ciudad de México,011,Tláhuac,6207129652,Promedio de hijos nacidos vivos por grupo de edad: 35-39,2020,1.8713802928898,Promedio
09,Ciudad de México,011,Tláhuac,6207129653,Promedio de hijos nacidos vivos por grupo de edad: 40-44,2020,2.09788880591949,Promedio
09,Ciudad de México,011,Tláhuac,6207129654,Promedio de hijos nacidos vivos por grupo de edad: 45-49,2020,2.25440905501448,Promedio
09,Ciudad de México,011,Tláhuac,6207129812,Porcentaje de viviendas particulares habitadas que disponen de refrigerador,2020,90.774406357179,Porcentaje
09,Ciudad de México,011,Tláhuac,6207129813,Porcentaje de viviendas particulares habitadas que disponen de lavadora,2020,77.320688944281,Porcentaje
09,Ciudad de México,011,Tláhuac,6207129818,Porcentaje de la población derechohabiente en Instituto de Salud para el Bienestar (IMSS-PROSPERA o IMSS-BIENESTAR),2020,0.392542051812744,Porcentaje
09,Ciudad de México,011,Tláhuac,6207129822,Ubicación geográfica con la mayor cantidad de pobladores. Primer lugar,2020,90110001,No aplica
09,Ciudad de México,011,Tláhuac,6207129825,Población de la ubicación geográfica con la mayor cantidad de pobladores. Primer lugar,2020,323771,Personas
09,Ciudad de México,011,Tláhuac,6207129828,Lengua indígena más frecuente. Descripción. Primer lugar,2020,211,No aplica
09,Ciudad de México,011,Tláhuac,6207129830,Lengua indígena más frecuente. Porcentaje. Primer lugar,2020,31.419624217119,Porcentaje
09,Ciudad de México,011,Tláhuac,6207129840,Total de áreas geográficas,2020,52,Municipios
09,Ciudad de México,012,Tlalpan,1001000001,Superficie continental,2020,314.50304284,Kilómetros cuadrados
09,Ciudad de México,012,Tlalpan,1002000001,Población total,2020,699928,Personas
09,Ciudad de México,012,Tlalpan,1002000002,Población total hombres,2020,334877,Personas
09,Ciudad de México,012,Tlalpan,1002000003,Población total mujeres,2020,365051,Personas
09,Ciudad de México,012,Tlalpan,1002000004,Porcentaje de población de 15 a 29 años,2020,23.8688470210767,Porcentaje
09,Ciudad de México,012,Tlalpan,1002000005,Porcentaje de hombres de 15 a 29 años,2020,25.1086326334224,Porcentaje
09,Ciudad de México,012,Tlalpan,1002000006,Porcentaje de mujeres de 15 a 29 años,2020,22.731596593043,Porcentaje
09,Ciudad de México,012,Tlalpan,1002000007,Porcentaje de población de 60 y más años,2020,15.5696978969026,Porcentaje
09,Ciudad de México,012,Tlalpan,1002000008,Porcentaje de hombres de 60 y más años,2020,14.1455527861954,Porcentaje
09,Ciudad de México,012,Tlalpan,1002000009,Porcentaje de mujeres de 60 y más años,2020,16.8760605620328,Porcentaje
09,Ciudad de México,012,Tlalpan,1002000010,Edad mediana,2020,34,Años
09,Ciudad de México,012,Tlalpan,1002000011,Edad mediana hombres,2020,33,Años
09,Ciudad de México,012,Tlalpan,1002000012,Edad mediana mujeres,2020,36,Años
09,Ciudad de México,012,Tlalpan,1002000013,Promedio de hijos nacidos vivos de las mujeres de 12 años y más,2020,1.65699704113894,Promedio
09,Ciudad de México,012,Tlalpan,1002000014,Población en hogares censales,2020,695308,Personas
09,Ciudad de México,012,Tlalpan,1002000015,Población en hogares familiares,2020,663658,Personas
09,Ciudad de México,012,Tlalpan,1002000016,Población en hogares no familiares,2020,31168,Personas
09,Ciudad de México,012,Tlalpan,1002000018,Hogares censales,2020,202318,Hogares
09,Ciudad de México,012,Tlalpan,1002000019,Hogares con jefatura masculina,2020,125326,Hogares
09,Ciudad de México,012,Tlalpan,1002000020,Hogares con jefatura femenina,2020,76992,Hogares
09,Ciudad de México,012,Tlalpan,1002000021,Tamaño promedio de los hogares censales,2020,3.4367085479295,Personas
09,Ciudad de México,012,Tlalpan,1002000022,Tamaño promedio de los hogares con jefe hombre,2020,3.60056173499513,Personas
09,Ciudad de México,012,Tlalpan,1002000023,Tamaño promedio de los hogares con jefe mujer,2020,3.16999168744805,Personas
09,Ciudad de México,012,Tlalpan,1002000024,Relación hombres-mujeres,2020,91.7343056175712,Hombres por cada 100 mujeres
09,Ciudad de México,012,Tlalpan,1002000041,Porcentaje de personas de 15 años y más alfabetas,2020,98.2146270462696,Porcentaje
09,Ciudad de México,012,Tlalpan,1002000050,Tasa de alfabetización de las personas de 15 a 24 años,2020,99.3856760277939,Tasa
09,Ciudad de México,012,Tlalpan,1002000055,Población de edad no especificada,2020,531,Personas
09,Ciudad de México,012,Tlalpan,1002000056,Población de edad no especificada. Hombres,2020,263,Personas
09,Ciudad de México,012,Tlalpan,1002000057,Población de edad no especificada. Mujeres,2020,268,Personas
09,Ciudad de México,012,Tlalpan,1002000058,Población de 0 a 4 años,2020,34857,Personas
09,Ciudad de México,012,Tlalpan,1002000059,Población de 0 a 4 años. Hombres,2020,17643,Personas
09,Ciudad de México,012,Tlalpan,1002000060,Población de 0 a 4 años. Mujeres,2020,17214,Personas
09,Ciudad de México,012,Tlalpan,1002000061,Población de 10 a 14 años,2020,49043,Personas
09,Ciudad de México,012,Tlalpan,1002000062,Población de 10 a 14 años. Hombres,2020,24951,Personas
09,Ciudad de México,012,Tlalpan,1002000063,Población de 10 a 14 años. Mujeres,2020,24092,Personas
09,Ciudad de México,012,Tlalpan,1002000064,Población de 100 años y más,2020,88,Personas
09,Ciudad de México,012,Tlalpan,1002000065,Población de 100 años y más. Hombres,2020,25,Personas
09,Ciudad de México,012,Tlalpan,1002000066,Población de 100 años y más. Mujeres,2020,63,Personas
09,Ciudad de México,012,Tlalpan,1002000067,Población de 15 a 19 años,2020,52955,Personas
09,Ciudad de México,012,Tlalpan,1002000068,Población de 15 a 19 años. Hombres,2020,27036,Personas
09,Ciudad de México,012,Tlalpan,1002000069,Población de 15 a 19 años. Mujeres,2020,25919,Personas
09,Ciudad de México,012,Tlalpan,1002000070,Población de 20 a 24 años,2020,57573,Personas
09,Ciudad de México,012,Tlalpan,1002000071,Población de 20 a 24 años. Hombres,2020,29172,Personas
09,Ciudad de México,012,Tlalpan,1002000072,Población de 20 a 24 años. Mujeres,2020,28401,Personas
09,Ciudad de México,012,Tlalpan,1002000073,Población de 25 a 29 años,2020,56410,Personas
09,Ciudad de México,012,Tlalpan,1002000074,Población de 25 a 29 años. Hombres,2020,27809,Personas
09,Ciudad de México,012,Tlalpan,1002000075,Población de 25 a 29 años. Mujeres,2020,28601,Personas
09,Ciudad de México,012,Tlalpan,1002000076,Población de 30 a 34 años,2020,54450,Personas
09,Ciudad de México,012,Tlalpan,1002000077,Población de 30 a 34 años. Hombres,2020,26296,Personas
09,Ciudad de México,012,Tlalpan,1002000078,Población de 30 a 34 años. Mujeres,2020,28154,Personas
09,Ciudad de México,012,Tlalpan,1002000079,Población de 35 a 39 años,2020,52830,Personas
09,Ciudad de México,012,Tlalpan,1002000080,Población de 35 a 39 años. Hombres,2020,25098,Personas
09,Ciudad de México,012,Tlalpan,1002000081,Población de 35 a 39 años. Mujeres,2020,27732,Personas
09,Ciudad de México,012,Tlalpan,1002000082,Población de 40 a 44 años,2020,51206,Personas
09,Ciudad de México,012,Tlalpan,1002000083,Población de 40 a 44 años. Hombres,2020,24075,Personas
09,Ciudad de México,012,Tlalpan,1002000084,Población de 40 a 44 años. Mujeres,2020,27131,Personas
09,Ciudad de México,012,Tlalpan,1002000085,Población de 45 a 49 años,2020,51075,Personas
09,Ciudad de México,012,Tlalpan,1002000086,Población de 45 a 49 años. Hombres,2020,23780,Personas
09,Ciudad de México,012,Tlalpan,1002000087,Población de 45 a 49 años. Mujeres,2020,27295,Personas
09,Ciudad de México,012,Tlalpan,1002000088,Población de 5 a 9 años,2020,45252,Personas
09,Ciudad de México,012,Tlalpan,1002000089,Población de 5 a 9 años. Hombres,2020,22938,Personas
09,Ciudad de México,012,Tlalpan,1002000090,Población de 5 a 9 años. Mujeres,2020,22314,Personas
09,Ciudad de México,012,Tlalpan,1002000091,Población de 50 a 54 años,2020,46290,Personas
09,Ciudad de México,012,Tlalpan,1002000092,Población de 50 a 54 años. Hombres,2020,21103,Personas
09,Ciudad de México,012,Tlalpan,1002000093,Población de 50 a 54 años. Mujeres,2020,25187,Personas
09,Ciudad de México,012,Tlalpan,1002000094,Población de 55 a 59 años,2020,38562,Personas
09,Ciudad de México,012,Tlalpan,1002000095,Población de 55 a 59 años. Hombres,2020,17380,Número de personas
09,Ciudad de México,012,Tlalpan,1002000096,Población de 55 a 59 años. Mujeres,2020,21182,Número de personas
09,Ciudad de México,012,Tlalpan,1002000097,Población de 60 a 64 años,2020,34838,Personas
09,Ciudad de México,012,Tlalpan,1002000098,Población de 60 a 64 años. Hombres,2020,15529,Número de personas
09,Ciudad de México,012,Tlalpan,1002000099,Población de 60 a 64 años. Mujeres,2020,19309,Número de personas
09,Ciudad de México,012,Tlalpan,1002000100,Población de 65 a 69 años,2020,26970,Personas
09,Ciudad de México,012,Tlalpan,1002000101,Población de 65 a 69 años. Hombres,2020,12005,Número de personas
09,Ciudad de México,012,Tlalpan,1002000102,Población de 65 a 69 años. Mujeres,2020,14965,Número de personas
09,Ciudad de México,012,Tlalpan,1002000103,Población de 70 a 74 años,2020,19759,Personas
09,Ciudad de México,012,Tlalpan,1002000104,Población de 70 a 74 años. Hombres,2020,8630,Número de personas
09,Ciudad de México,012,Tlalpan,1002000105,Población de 70 a 74 años. Mujeres,2020,11129,Número de personas
09,Ciudad de México,012,Tlalpan,1002000106,Población de 75 a 79 años,2020,12570,Personas
09,Ciudad de México,012,Tlalpan,1002000107,Población de 75 a 79 años. Hombres,2020,5532,Número de personas
09,Ciudad de México,012,Tlalpan,1002000108,Población de 75 a 79 años. Mujeres,2020,7038,Número de personas
09,Ciudad de México,012,Tlalpan,1002000109,Población de 80 a 84 años,2020,8058,Personas
09,Ciudad de México,012,Tlalpan,1002000110,Población de 80 a 84 años. Hombres,2020,3249,Número de personas
09,Ciudad de México,012,Tlalpan,1002000111,Población de 80 a 84 años. Mujeres,2020,4809,Número de personas
09,Ciudad de México,012,Tlalpan,1002000112,Población de 85 a 89 años,2020,4202,Personas
09,Ciudad de México,012,Tlalpan,1002000113,Población de 85 a 89 años. Hombres,2020,1608,Número de personas
09,Ciudad de México,012,Tlalpan,1002000114,Población de 85 a 89 años. Mujeres,2020,2594,Número de personas
09,Ciudad de México,012,Tlalpan,1002000115,Población de 90 a 94 años,2020,1845,Personas
09,Ciudad de México,012,Tlalpan,1002000116,Población de 90 a 94 años. Hombres,2020,591,Número de personas
09,Ciudad de México,012,Tlalpan,1002000117,Población de 90 a 94 años. Mujeres,2020,1254,Número de personas
09,Ciudad de México,012,Tlalpan,1002000118,Población de 95 a 99 años,2020,564,Personas
09,Ciudad de México,012,Tlalpan,1002000119,Población de 95 a 99 años. Hombres,2020,164,Número de personas
09,Ciudad de México,012,Tlalpan,1002000120,Población de 95 a 99 años. Mujeres,2020,400,Número de personas
09,Ciudad de México,012,Tlalpan,1002000127,Relación de dependencia,2020,40.9537494785253,Personas dependientes por cada 100 personas en edad de trabajar
09,Ciudad de México,012,Tlalpan,1003000001,Total de viviendas particulares habitadas,2020,202318,Viviendas
09,Ciudad de México,012,Tlalpan,1003000011,Viviendas particulares habitadas,2020,195629,Número de Viviendas
09,Ciudad de México,012,Tlalpan,1003000015,Promedio de ocupantes en viviendas particulares habitadas,2020,3.43730826323602,Promedio
09,Ciudad de México,012,Tlalpan,1003000017,Viviendas particulares habitadas que disponen de energía eléctrica,2020,201635,Viviendas
09,Ciudad de México,012,Tlalpan,1003000018,Viviendas particulares habitadas que disponen de agua de la red pública en el ámbito de la vivienda,2020,193535,Viviendas
09,Ciudad de México,012,Tlalpan,1003000019,Viviendas particulares habitadas que disponen de drenaje,2020,201251,Viviendas
09,Ciudad de México,012,Tlalpan,1003000020,Viviendas particulares habitadas que disponen de excusado o sanitario,2020,201386,Viviendas
09,Ciudad de México,012,Tlalpan,1003000023,Viviendas particulares habitadas que disponen de lavadora,2020,167823,Viviendas
09,Ciudad de México,012,Tlalpan,1003000024,Viviendas particulares habitadas que disponen de computadora,2020,120475,Viviendas
09,Ciudad de México,012,Tlalpan,1004000001,Población derechohabiente a servicios de salud,2020,497865,Personas
09,Ciudad de México,012,Tlalpan,1005000012,Población de 5 años y más que asiste a la escuela,2020,171897,Personas
09,Ciudad de México,012,Tlalpan,1005000038,Grado promedio de escolaridad de la población de 15 y más años,2020,11.4995367497235,Años de escolaridad
09,Ciudad de México,012,Tlalpan,1005000039,Población de 5 años y más hablante de lengua indígena,2020,11832,Personas
09,Ciudad de México,012,Tlalpan,3104003001,Porcentaje de población inmigrante (migración reciente),2020,3.27161277452349,Porcentaje
09,Ciudad de México,012,Tlalpan,3105001001,Densidad de población,2020,2225.50469998499,Habitantes por kilómetro cuadrado
09,Ciudad de México,012,Tlalpan,3105004001,Porcentaje de población en localidades de menos de 2 500 habitantes,2020,2.05292544375993,Porcentaje
09,Ciudad de México,012,Tlalpan,3108001001,Porcentaje de analfabetas total,2020,1.60281984059483,Porcentaje
09,Ciudad de México,012,Tlalpan,3108001002,Porcentaje de analfabetas hombres,2020,1.12790896455356,Porcentaje
09,Ciudad de México,012,Tlalpan,3108001003,Porcentaje de analfabetas mujeres,2020,2.02714144831868,Porcentaje
09,Ciudad de México,012,Tlalpan,3114004001,Porcentaje de viviendas con piso de tierra,2020,0.891142998515586,Porcentaje
09,Ciudad de México,012,Tlalpan,3114006001,Porcentaje de viviendas con electricidad,2020,99.7699158832261,Porcentaje
09,Ciudad de México,012,Tlalpan,6200031290,Porcentaje de viviendas particulares habitadas con disponibilidad de drenaje,2020,99.5799109351806,Porcentaje
09,Ciudad de México,012,Tlalpan,6200031291,Porcentaje de viviendas particulares habitadas con disponibilidad de excusado,2020,99.6467095497279,Porcentaje
09,Ciudad de México,012,Tlalpan,6200108938,Porcentaje de viviendas con techos de materiales resistentes,2020,92.1982657125014,Porcentaje
09,Ciudad de México,012,Tlalpan,6200205238,Población de 8 a 14 años que sabe leer y escribir,2020,66612,Personas
09,Ciudad de México,012,Tlalpan,6200205244,Viviendas que son cuarto de azotea,2020,21,Viviendas
09,Ciudad de México,012,Tlalpan,6200205245,Viviendas móviles,2020,5,Viviendas
09,Ciudad de México,012,Tlalpan,6200205246,Viviendas que son departamento en edificio o vivienda en vecindad,2020,32389,Viviendas
09,Ciudad de México,012,Tlalpan,6200205247,Viviendas que son refugio,2020,19,Viviendas
09,Ciudad de México,012,Tlalpan,6200205248,Viviendas colectivas,2020,165,Viviendas
09,Ciudad de México,012,Tlalpan,6200205249,Viviendas que son casa independiente o local no construido para habitación,2020,76593,Viviendas
09,Ciudad de México,012,Tlalpan,6200205251,Promedio de hijos nacidos vivos de las mujeres de 12 años y más casada sólo religiosamente,2020,2.6514598540146,Promedio
09,Ciudad de México,012,Tlalpan,6200205252,Población de 5 años y más inmigrante,2020,44680,Personas
09,Ciudad de México,012,Tlalpan,6200205253,Población total sin limitación en la actividad,2020,571689,Personas
09,Ciudad de México,012,Tlalpan,6200205254,Población total que no especificó limitación en la actividad,2020,888,Personas
09,Ciudad de México,012,Tlalpan,6200205255,Porcentaje de la población migrante internacional destino otro país,2020,53.1231409875074,Porcentaje
09,Ciudad de México,012,Tlalpan,6200205256,Población de 5 años y más con religión no especificada,2020,837,Personas
09,Ciudad de México,012,Tlalpan,6200205257,Población de 5 años y más católica,2020,506273,Personas
09,Ciudad de México,012,Tlalpan,6200205258,Promedio de hijos nacidos vivos de las mujeres de 12 años y más solteras,2020,0.289323732571135,Promedio
09,Ciudad de México,012,Tlalpan,6200205259,Población nacida en otro país residente en México,2020,5833,Personas
09,Ciudad de México,012,Tlalpan,6200205260,Población con limitación en la actividad para escuchar,2020,19309,Personas
09,Ciudad de México,012,Tlalpan,6200205261,Población con limitación en la actividad para hablar o comunicarse,2020,4373,Personas
09,Ciudad de México,012,Tlalpan,6200205263,Población con limitación en la actividad para caminar o moverse,2020,27621,Personas
09,Ciudad de México,012,Tlalpan,6200205264,Porcentaje de la población migrante internacional destino no especificado,2020,7.88221296847115,Porcentaje
09,Ciudad de México,012,Tlalpan,6200205265,Promedio de hijos nacidos vivos de las mujeres de 12 años y más que no especificó estado conyugal,2020,1.5,Promedio
09,Ciudad de México,012,Tlalpan,6200205266,Promedio de hijos nacidos vivos de las mujeres de 12 años y más casada civil y religiosamente,2020,2.4869426215716,Promedio
09,Ciudad de México,012,Tlalpan,6200205267,Promedio de hijos nacidos vivos de las mujeres de 12 años y más separadas,2020,2.29779517824026,Promedio
09,Ciudad de México,012,Tlalpan,6200205268,Población nacida en otro país residente en México hombres,2020,2770,Personas
09,Ciudad de México,012,Tlalpan,6200205269,Población con limitación en la actividad para atender el cuidado personal,2020,3953,Personas
09,Ciudad de México,012,Tlalpan,6200205270,Población con limitación en la actividad para poner atención o aprender,2020,18164,Personas
09,Ciudad de México,012,Tlalpan,6200205271,Población con limitación en la actividad,2020,86112,Personas
09,Ciudad de México,012,Tlalpan,6200205272,Porcentaje de población nacida en otro país residente en México,2020,0.833371432490199,Porcentaje
09,Ciudad de México,012,Tlalpan,6200205273,Población de 5 años y más con religión distinta de católica,2020,85835,Personas
09,Ciudad de México,012,Tlalpan,6200205274,Porcentaje de población masculina nacida en otro país residente en México,2020,0.827169378607668,Porcentaje
09,Ciudad de México,012,Tlalpan,6200205275,Promedio de hijos nacidos vivos de las mujeres de 12 años y más divorciadas,2020,2.1081350029024,Promedio
09,Ciudad de México,012,Tlalpan,6200205276,Promedio de hijos nacidos vivos de las mujeres de 12 años y más en unión libre,2020,1.85036886861519,Promedio
09,Ciudad de México,012,Tlalpan,6200205277,Población de 5 años y más emigrante,2020,46111,Personas
09,Ciudad de México,012,Tlalpan,6200205279,Promedio de hijos nacidos vivos de las mujeres de 12 años y más casada sólo por lo civil,2020,2.1371315937676,Promedio
09,Ciudad de México,012,Tlalpan,6200205280,Población con limitación en la actividad para ver,2020,53881,Personas
09,Ciudad de México,012,Tlalpan,6200205282,Porcentaje de población femenina nacida en otro país residente en México,2020,0.839060843553366,Porcentaje
09,Ciudad de México,012,Tlalpan,6200205283,Promedio de hijos nacidos vivos de las mujeres de 12 años y más viudas,2020,3.88033211791064,Promedio
09,Ciudad de México,012,Tlalpan,6200205284,Población nacida en otro país residente en México mujeres,2020,3063,Personas
09,Ciudad de México,012,Tlalpan,6200205285,Porcentaje de la población migrante internacional destino Estados Unidos de América,2020,38.9946460440214,Porcentaje
09,Ciudad de México,012,Tlalpan,6200205286,Población con limitación en la actividad mental,2020,11784,Personas
09,Ciudad de México,012,Tlalpan,6200205288,Índice de masculinidad de la población nacida en otro país residente en México,2020,90.4342148220699,Índice
09,Ciudad de México,012,Tlalpan,6200205289,Población de 5 años y más sin religión,2020,71595,Personas
09,Ciudad de México,012,Tlalpan,6200240300,Porcentaje de hombres de 0 a 4 años,2020,2.52260161253194,Porcentaje
09,Ciudad de México,012,Tlalpan,6200240301,Población católica,2020,531.983,Miles DE personas
09,Ciudad de México,012,Tlalpan,6200240302,Porcentaje de la población de 60 a 84 años con limitación en la actividad,2020,30.24805518861,Porcentaje
09,Ciudad de México,012,Tlalpan,6200240304,Tasa de monolingüismo de la población de 5 años y más hablante de Tojolabal,2020,0,Porcentaje
09,Ciudad de México,012,Tlalpan,6200240305,Porcentaje de la población que profesa la religión católica,2020,76.0053891257386,Porcentaje
09,Ciudad de México,012,Tlalpan,6200240310,Porcentaje de mujeres de 75 a 79 años,2020,1.00629542305729,Porcentaje
09,Ciudad de México,012,Tlalpan,6200240311,Porcentaje de hombres de 10 a 14 años,2020,3.56750171933823,Porcentaje
09,Ciudad de México,012,Tlalpan,6200240312,Porcentaje de mujeres de 5 a 9 años,2020,3.19046264138965,Porcentaje
09,Ciudad de México,012,Tlalpan,6200240314,Porcentaje de la población de 15 años y más con instrucción media superior,2020,26.6371471911196,Porcentaje
09,Ciudad de México,012,Tlalpan,6200240315,Porcentaje de la población con limitación mental,2020,1.73157628692678,Porcentaje
09,Ciudad de México,012,Tlalpan,6200240316,Tasa de monolingüismo de la población de 5 años y más hablante de Maya,2020,0.63291139240506,Porcentaje
09,Ciudad de México,012,Tlalpan,6200240318,Población de 5 años y más hablante de Tzeltal  (Tseltal),2020,124,Personas
09,Ciudad de México,012,Tlalpan,6200240319,Tasa de monolingüismo de la población de 5 años y más hablante de Mazateco,2020,0.5813953488372,Porcentaje
09,Ciudad de México,012,Tlalpan,6200240320,Población de 5 años y más hablante de Lenguas chinantecas,2020,291,Personas
09,Ciudad de México,012,Tlalpan,6200240323,Porcentaje de la población derechohabiente en el Seguro popular,2020,21.5166762074056,Porcentaje
09,Ciudad de México,012,Tlalpan,6200240325,Tasa de monolingüismo de la población de 5 años y más hablante de Náhuatl,2020,0.66079295154185,Porcentaje
09,Ciudad de México,012,Tlalpan,6200240326,Población de 5 años y más hablante de Lenguas zapotecas,2020,742,Personas
09,Ciudad de México,012,Tlalpan,6200240328,Porcentaje de mujeres de 55 a 59 años,2020,3.02860893026421,Porcentaje
09,Ciudad de México,012,Tlalpan,6200240330,Porcentaje de hombres de 75 a 79 años,2020,0.790967075923974,Porcentaje
09,Ciudad de México,012,Tlalpan,6200240331,Población de 5 años y más hablante de Maya,2020,158,Personas
09,Ciudad de México,012,Tlalpan,6200240332,Población de 5 años y más hablante de Otomí,2020,730,Personas
09,Ciudad de México,012,Tlalpan,6200240334,Población de 5 años y más hablante de Tojolabal,2020,15,Personas
09,Ciudad de México,012,Tlalpan,6200240341,Porcentaje de mujeres de 40 a 44 años,2020,3.87919879553387,Porcentaje
09,Ciudad de México,012,Tlalpan,6200240342,Porcentaje de mujeres de 70 a 74 años,2020,1.59122787200975,Porcentaje
09,Ciudad de México,012,Tlalpan,6200240343,Porcentaje de hombres de 15 a 19 años,2020,3.86561566606663,Porcentaje
09,Ciudad de México,012,Tlalpan,6200240344,Porcentaje de mujeres de 85 años y más,2020,0.616388117192381,Porcentaje
09,Ciudad de México,012,Tlalpan,6200240345,Población de 5 años y más hablante de Mixe,2020,674,Personas
09,Ciudad de México,012,Tlalpan,6200240354,Porcentaje de mujeres de 10 a 14 años,2020,3.44468163289233,Porcentaje
09,Ciudad de México,012,Tlalpan,6200240356,Porcentaje de mujeres de 20 a 24 años,2020,4.06078378946435,Porcentaje
09,Ciudad de México,012,Tlalpan,6200240357,Porcentaje de hombres de 35 a 39 años,2020,3.58851982493491,Porcentaje
09,Ciudad de México,012,Tlalpan,6200240358,Porcentaje de la población de 0 a 14 años con limitación en la actividad,2020,4.62788032705649,Porcentaje
09,Ciudad de México,012,Tlalpan,6200240361,Población de 5 años y más hablante de Mazahua,2020,474,Personas
09,Ciudad de México,012,Tlalpan,6200240364,Tasa de monolingüismo de la población de 5 años y más hablante de Chatino,2020,0,Porcentaje
09,Ciudad de México,012,Tlalpan,6200240365,Porcentaje de la población de 15 años y más con instrucción superior,2020,35.2210014993555,Porcentaje
09,Ciudad de México,012,Tlalpan,6200240366,Tasa de monolingüismo de la población de 5 años y más hablante de Lenguas mixtecas,2020,0.97339390006489,Porcentaje
09,Ciudad de México,012,Tlalpan,6200240367,Porcentaje de la población con limitación para hablar o comunicarse,2020,4.82624357375176,Porcentaje
09,Ciudad de México,012,Tlalpan,6200240368,Porcentaje de la población de 15 años y más con instrucción no especificada,2020,0.158177625406623,Porcentaje
09,Ciudad de México,012,Tlalpan,6200240377,Porcentaje de mujeres de 45 a 49 años,2020,3.90264756640363,Porcentaje
09,Ciudad de México,012,Tlalpan,6200240378,Porcentaje de mujeres de 0 a 4 años,2020,2.46126305946408,Porcentaje
09,Ciudad de México,012,Tlalpan,6200240379,Porcentaje de mujeres de 80 a 84 años,2020,0.687592311662761,Porcentaje
09,Ciudad de México,012,Tlalpan,6200240381,Tasa de monolingüismo de la población de 5 años y más hablante de Tzotzil (Tsotsil),2020,0,Porcentaje
09,Ciudad de México,012,Tlalpan,6200240384,Porcentaje de mujeres de 15 a 19 años,2020,3.70590665959391,Porcentaje
09,Ciudad de México,012,Tlalpan,6200240386,Población de 5 años y más hablante de Lenguas mixtecas,2020,1541,Personas
09,Ciudad de México,012,Tlalpan,6200240388,Porcentaje de hombres de 65 a 69 años,2020,1.71647862372873,Porcentaje
09,Ciudad de México,012,Tlalpan,6200240389,Tasa de crecimiento promedio anual de las viviendas particulares habitadas,2020,1.4394230764917,Tasa
09,Ciudad de México,012,Tlalpan,6200240390,Porcentaje de la población con discapacidad por accidente,2020,11.3144605967865,Porcentaje
09,Ciudad de México,012,Tlalpan,6200240395,"Viviendas, de cada cien que cuentan con electricidad, agua y drenaje",2020,95.4997525977239,Porcentaje
09,Ciudad de México,012,Tlalpan,6200240396,Porcentaje de la población de 30 a 59 años con limitación en la actividad,2020,12.2620264730158,Porcentaje
09,Ciudad de México,012,Tlalpan,6200240397,Tasa de monolingüismo de la población de 5 años y más hablante de Chol (Ch''ol),2020,3.33333333333333,Porcentaje
09,Ciudad de México,012,Tlalpan,6200240398,Tasa de monolingüismo de la población de 5 años y más hablante de Totonaca (Totonaco),2020,0.5,Porcentaje
09,Ciudad de México,012,Tlalpan,6200240407,Índice de envejecimiento,2020,84.3146060455897,Porcentaje
09,Ciudad de México,012,Tlalpan,6200240410,Porcentaje de hombres de 60 a 64 años,2020,2.22034123680828,Porcentaje
09,Ciudad de México,012,Tlalpan,6200240411,Porcentaje de hombres de 85 años y más,2020,0.341436980713386,Porcentaje
09,Ciudad de México,012,Tlalpan,6200240413,Tasa de monolingüismo de la población de 5 años y más hablante de Huasteco,2020,0,Porcentaje
09,Ciudad de México,012,Tlalpan,6200240414,"Porcentaje de la población derechohabiente en PEMEX, SDN o SM",2020,2.59789300312334,Porcentaje
09,Ciudad de México,012,Tlalpan,6200240416,Porcentaje de la población usuaria de servicios de salud en instituciones de servicios médicos privados,2020,7.45001154931558,Porcentaje
09,Ciudad de México,012,Tlalpan,6200240421,Porcentaje de la población derechohabiente en el ISSSTE,2020,19.0971448083316,Porcentaje
09,Ciudad de México,012,Tlalpan,6200240423,Porcentaje de hombres de 40 a 44 años,2020,3.44225096761925,Porcentaje
09,Ciudad de México,012,Tlalpan,6200240424,Tasa de monolingüismo de la población de 5 años y más hablante de Mixe,2020,0.74183976261127,Porcentaje
09,Ciudad de México,012,Tlalpan,6200240425,Porcentaje de hombres de 70 a 74 años,2020,1.23392007686621,Porcentaje
09,Ciudad de México,012,Tlalpan,6200240426,Porcentaje de mujeres de 60 a 64 años,2020,2.76080680929429,Porcentaje
09,Ciudad de México,012,Tlalpan,6200240427,Porcentaje de mujeres de 65 a 69 años,2020,2.13970034186592,Porcentaje
09,Ciudad de México,012,Tlalpan,6200240428,Tasa de monolingüismo de la población de 5 años y más hablante de Otomí,2020,1.23287671232876,Porcentaje
09,Ciudad de México,012,Tlalpan,6200240430,Porcentaje de la población con limitación para caminar y moverse,2020,32.0756688963211,Porcentaje
09,Ciudad de México,012,Tlalpan,6200240431,Población de 5 años y más hablante de Purépecha (Tarasco),2020,189,Personas
09,Ciudad de México,012,Tlalpan,6200240432,Tasa de monolingüismo de la población de 5 años y más hablante de Zoque,2020,0,Porcentaje
09,Ciudad de México,012,Tlalpan,6200240433,Tasa de monolingüismo de la población de 5 años y más hablante de Lenguas zapotecas,2020,0.40431266846361,Porcentaje
09,Ciudad de México,012,Tlalpan,6200240434,Población de 5 años y más hablante de Chatino,2020,4,Personas
09,Ciudad de México,012,Tlalpan,6200240435,Porcentaje de la población con limitación para atender el cuidado personal,2020,4.59053325901152,Porcentaje
09,Ciudad de México,012,Tlalpan,6200240443,Porcentaje de mujeres de 35 a 39 años,2020,3.96512996195294,Porcentaje
09,Ciudad de México,012,Tlalpan,6200240444,Porcentaje de hombres de 55 a 59 años,2020,2.48499779095421,Porcentaje
09,Ciudad de México,012,Tlalpan,6200240445,Porcentaje de hombres de 5 a 9 años,2020,3.2796823549429,Porcentaje
09,Ciudad de México,012,Tlalpan,6200240447,Porcentaje de la población de 15 años y más sin instrucción,2020,2.22255346386202,Porcentaje
09,Ciudad de México,012,Tlalpan,6200240449,Tasa de monolingüismo de la población de 5 años y más hablante de lengua indígena,2020,0.7183908045977,Porcentaje
09,Ciudad de México,012,Tlalpan,6200240450,Porcentaje de la población con limitación para ver,2020,62.5708379784467,Porcentaje
09,Ciudad de México,012,Tlalpan,6200240451,Población de 5 años y más hablante de Tarahumara,2020,11,Personas
09,Ciudad de México,012,Tlalpan,6200240452,Población de 5 años y más hablante de Chol (Ch''ol),2020,30,Personas
09,Ciudad de México,012,Tlalpan,6200240453,Población de 5 años y más hablante de Totonaca (Totonaco),2020,1000,Personas
09,Ciudad de México,012,Tlalpan,6200240454,Tasa de monolingüismo de la población de 5 años y más hablante de Mazahua,2020,1.26582278481012,Porcentaje
09,Ciudad de México,012,Tlalpan,6200240458,Porcentaje de la población con discapacidad por edad avanzada,2020,25.0772762050497,Porcentaje
09,Ciudad de México,012,Tlalpan,6200240459,Porcentaje de la población con discapacidad por nacimiento,2020,14.1300688599847,Porcentaje
09,Ciudad de México,012,Tlalpan,6200240466,Población de 5 años y más hablante de Tlapaneco,2020,224,Personas
09,Ciudad de México,012,Tlalpan,6200240471,Porcentaje de la población derechohabiente en el IMSS,2020,50.7876633223866,Porcentaje
09,Ciudad de México,012,Tlalpan,6200240475,Porcentaje de hombres de 80 a 84 años,2020,0.464543027779644,Porcentaje
09,Ciudad de México,012,Tlalpan,6200240477,Porcentaje de la población de 85 y más con limitación en la actividad,2020,30.5269443200478,Porcentaje
09,Ciudad de México,012,Tlalpan,6200240478,Porcentaje de la población con limitación para escuchar,2020,22.4231233742103,Porcentaje
09,Ciudad de México,012,Tlalpan,6200240479,Porcentaje de la población con limitación para poner atención o aprender,2020,21.0934596804162,Porcentaje
09,Ciudad de México,012,Tlalpan,6200240480,Población de 5 años y más hablante de Huasteco,2020,67,Personas
09,Ciudad de México,012,Tlalpan,6200240481,Población de 5 años y más hablante de Tzotzil (Tsotsil),2020,62,Personas
09,Ciudad de México,012,Tlalpan,6200240486,Porcentaje de hombres de 25 a 29 años,2020,3.97613944583691,Porcentaje
09,Ciudad de México,012,Tlalpan,6200240488,Porcentaje de la población de 15 a 29 años con limitación en la actividad,2020,6.63539757275156,Porcentaje
09,Ciudad de México,012,Tlalpan,6200240493,Porcentaje de la población de 5 años y más hablante de lengua indígena,2020,1.78047973033978,Porcentaje
09,Ciudad de México,012,Tlalpan,6200240495,Porcentaje de la población con discapacidad por otra causa,2020,12.4468247895945,Porcentaje
09,Ciudad de México,012,Tlalpan,6200240496,Población de 5 años y más hablante de Náhuatl,2020,4086,Personas
09,Ciudad de México,012,Tlalpan,6200240497,Población no católica,2020,55329,Miles DE personas
09,Ciudad de México,012,Tlalpan,6200240499,Porcentaje de la población que profesa la religión protestante y evangélica,2020,7.55091952315095,Porcentaje
09,Ciudad de México,012,Tlalpan,6200240507,Porcentaje de mujeres de 50 a 54 años,2020,3.60124507254106,Porcentaje
09,Ciudad de México,012,Tlalpan,6200240509,Tasa de monolingüismo de la población de 5 años y más hablante de Tarahumara,2020,0,Porcentaje
09,Ciudad de México,012,Tlalpan,6200240518,Porcentaje de hombres de 30 a 34 años,2020,3.75981023653233,Porcentaje
09,Ciudad de México,012,Tlalpan,6200240520,Porcentaje de hombres de 20 a 24 años,2020,4.17102160861428,Porcentaje
09,Ciudad de México,012,Tlalpan,6200240521,Población de 5 años y más hablante de Zoque,2020,30,Personas
09,Ciudad de México,012,Tlalpan,6200240522,Tasa de monolingüismo de la población de 5 años y más hablante de Purépecha (Tarasco),2020,1.05820105820105,Porcentaje
09,Ciudad de México,012,Tlalpan,6200240532,Porcentaje de hombres de 45 a 49 años,2020,3.40007177611571,Porcentaje
09,Ciudad de México,012,Tlalpan,6200240533,Porcentaje de hombres de 50 a 54 años,2020,3.01731348575988,Porcentaje
09,Ciudad de México,012,Tlalpan,6200240534,Tasa de monolingüismo de la población de 5 años y más hablante de Resto de lenguas,2020,0,Porcentaje
09,Ciudad de México,012,Tlalpan,6200240535,Población de 5 años y más hablante de Mazateco,2020,1032,Personas
09,Ciudad de México,012,Tlalpan,6200240536,Tasa de monolingüismo de la población de 5 años y más hablante de Tlapaneco,2020,0.89285714285714,Porcentaje
09,Ciudad de México,012,Tlalpan,6200240537,Tasa de monolingüismo de la población de 5 años y más hablante de Tzeltal (Tseltal),2020,0,Porcentaje
09,Ciudad de México,012,Tlalpan,6200240538,Población de 5 años y más hablante del Resto de lenguas,2020,348,Personas
09,Ciudad de México,012,Tlalpan,6200240539,Tasa de monolingüismo de la población de 5 años y más hablante de Lenguas chinantecas,2020,1.03092783505154,Porcentaje
09,Ciudad de México,012,Tlalpan,6200240540,Porcentaje de la población con discapacidad por enfermedad,2020,45.0680948737567,Porcentaje
09,Ciudad de México,012,Tlalpan,6200240548,Porcentaje de mujeres de 25 a 29 años,2020,4.08937985150065,Porcentaje
09,Ciudad de México,012,Tlalpan,6200240549,Porcentaje de mujeres de 30 a 34 años,2020,4.02546765284953,Porcentaje
09,Ciudad de México,012,Tlalpan,6205370864,Porcentaje de población que se considera afrodescendiente,2020,1.74946565932496,Porcentaje
09,Ciudad de México,012,Tlalpan,6207019007,Porcentaje de la población de 12 años y más viuda,2020,4.76450045424616,Porcentaje
09,Ciudad de México,012,Tlalpan,6207019009,Porcentaje de la población de 12 años y más casada,2020,31.4451695713417,Porcentaje
09,Ciudad de México,012,Tlalpan,6207019010,Porcentaje de población de 25 años y más alfabeta,2020,97.9330762186301,Porcentaje
09,Ciudad de México,012,Tlalpan,6207019011,Porcentaje de la población de 12 años y más soltera,2020,36.8692854582885,Porcentaje
09,Ciudad de México,012,Tlalpan,6207019012,Porcentaje de la población de 12 años y más separada,2020,6.07572991940256,Porcentaje
09,Ciudad de México,012,Tlalpan,6207019016,Porcentaje de la población de 12 años y más divorciada,2020,3.05253419348386,Porcentaje
09,Ciudad de México,012,Tlalpan,6207019017,Porcentaje de población afiliada a otra institución,2020,1.38993502254627,Porcentaje
09,Ciudad de México,012,Tlalpan,6207019018,Porcentaje de población afiliada a servicios de salud,2020,71.1308877484541,Porcentaje
09,Ciudad de México,012,Tlalpan,6207019019,Porcentaje de la población de 12 años y más en unión libre,2020,17.7319364222072,Porcentaje
09,Ciudad de México,012,Tlalpan,6207019020,Porcentaje de población de 15 años y más sin escolaridad,2020,2.0303553735675,Porcentaje
09,Ciudad de México,012,Tlalpan,6207019022,Porcentaje de viviendas particulares habitadas propias,2020,65.1919080233832,Porcentaje
09,Ciudad de México,012,Tlalpan,6207019023,Porcentaje de hijos fallecidos de las mujeres de 15 a 49 años,2020,3.19851641718422,Porcentaje
09,Ciudad de México,012,Tlalpan,6207019024,Porcentaje de la población de 3 a 5 años que asiste a la escuela,2020,74.1694115733398,Porcentaje
09,Ciudad de México,012,Tlalpan,6207019026,Porcentaje de la población de 6 a 11 años que asiste a la escuela,2020,96.2729705619982,Porcentaje
09,Ciudad de México,012,Tlalpan,6207019028,Porcentaje de la población de 12 a 14 años que asiste a la escuela,2020,93.9224283305228,Porcentaje
09,Ciudad de México,012,Tlalpan,6207019029,Porcentaje de la población de 15 a 24 años que asiste a la escuela,2020,56.1821438911407,Porcentaje
09,Ciudad de México,012,Tlalpan,6207019030,Porcentaje de población de 12 años y más económicamente activa,2020,64.240075346519,Porcentaje
09,Ciudad de México,012,Tlalpan,6207019031,Porcentaje de población de 15 años y más con escolaridad básica,2020,35.9533183105507,Porcentaje
09,Ciudad de México,012,Tlalpan,6207019034,Porcentaje de población de 3 años y más hablante de lengua indígena,2020,1.746270586714,Porcentaje
09,Ciudad de México,012,Tlalpan,6207019035,Porcentaje de la población de 12 años y más No Económicamente Activa,2020,35.561056518224,Porcentaje
09,Ciudad de México,012,Tlalpan,6207019036,Promedio de hijos nacidos vivos de las mujeres de 15 a 49 años EI2015,2020,1.12806797705101,Promedio
09,Ciudad de México,012,Tlalpan,6207019039,Porcentaje de la población de 12 años y más económicamente activa ocupada,2020,97.8459829827206,Porcentaje
09,Ciudad de México,012,Tlalpan,6207019040,Porcentaje de la población femenina de 12 años y más económicamente activa,2020,45.563648724742,Porcentaje
09,Ciudad de México,012,Tlalpan,6207019042,Porcentaje de viviendas particulares habitadas que disponen de Internet,2020,75.1395348837209,Porcentaje
09,Ciudad de México,012,Tlalpan,6207019043,Porcentaje de la población masculina de 12 años y más económicamente activa,2020,54.436351275258,Porcentaje
09,Ciudad de México,012,Tlalpan,6207019046,Porcentaje de viviendas particulares habitadas que disponen de computadora,2020,59.6115784265215,Porcentaje
09,Ciudad de México,012,Tlalpan,6207019047,Porcentaje de la población de 12 años y más no económicamente activa que estudia,2020,39.5656474272134,Porcentaje
09,Ciudad de México,012,Tlalpan,6207019050,Porcentaje de viviendas particulares habitadas que disponen de teléfono fijo,2020,67.8045522018803,Porcentaje
09,Ciudad de México,012,Tlalpan,6207019051,Porcentaje de la población de 12 años y más sin especificar su situación conyugal,2020,0.0608439810300136,Porcentaje
09,Ciudad de México,012,Tlalpan,6207019054,Porcentaje de la población femenina de 12 años y más económicamente activa ocupada,2020,98.1940885016231,Porcentaje
09,Ciudad de México,012,Tlalpan,6207019055,Porcentaje de viviendas particulares habitadas que disponen de teléfono celular,2020,93.1974270163285,Porcentaje
09,Ciudad de México,012,Tlalpan,6207019056,Porcentaje de la población masculina de 12 años y más económicamente activa ocupada,2020,97.5546159603018,Porcentaje
09,Ciudad de México,012,Tlalpan,6207019057,Porcentaje de viviendas particulares habitadas que disponen de televisión de paga,2020,46.6368134586838,Porcentaje
09,Ciudad de México,012,Tlalpan,6207019058,Porcentaje de población de 3 años y más hablante de lengua indígena que no habla español,2020,0.732076741837765,Porcentaje
09,Ciudad de México,012,Tlalpan,6207019059,Porcentaje de población de 12 años con condición de actividad económica no especificada,2020,0.198868135257003,Porcentaje
09,Ciudad de México,012,Tlalpan,6207019060,Porcentaje de la población de 12 años y más no económicamente activa que es pensionada o jubilada,2020,15.6701620501666,Porcentaje
09,Ciudad de México,012,Tlalpan,6207019063,Porcentaje de superficie en el ámbito geográfico de referencia respecto a la unidad geográfica superior,2020,21.0466322199315,Porcentaje
09,Ciudad de México,012,Tlalpan,6207019064,Porcentaje de la población de 12 años y más no económicamente activa que se dedica a los quehaceres del hogar,2020,33.1173914470138,Porcentaje
09,Ciudad de México,012,Tlalpan,6207019065,Porcentaje de la población de 12 años y más no económicamente activa que realiza otras actividades no económicas,2020,8.9739322829995,Porcentaje
09,Ciudad de México,012,Tlalpan,6207019070,Porcentaje de la población de 12 años y más no económicamente activa con alguna limitación física o mental que les impide trabajar,2020,2.67286679260672,Porcentaje
09,Ciudad de México,012,Tlalpan,6207020032,Porcentaje de hombres,2020,47.8444925763793,Porcentaje
09,Ciudad de México,012,Tlalpan,6207020033,Porcentaje de mujeres,2020,52.1555074236207,Porcentaje
09,Ciudad de México,012,Tlalpan,6207020035,Promedio de ocupantes por cuarto (Índice de hacinamiento),2020,0.808622947305635,Promedio
09,Ciudad de México,012,Tlalpan,6207049066,Población de 6 a 14 años que sabe leer y escribir,2020,80124,Porcentaje
09,Ciudad de México,012,Tlalpan,6207049067,Población de 6 a 14 años que no sabe leer y escribir,2020,5177,Porcentaje
09,Ciudad de México,012,Tlalpan,6207049068,Porcentaje de la población de 3 años y más que asiste a la escuela,2020,26.7483277886842,Porcentaje
09,Ciudad de México,012,Tlalpan,6207049069,Porcentaje de la población de 3 años y más que no asiste a la escuela,2020,73.1729107644563,Porcentaje
09,Ciudad de México,012,Tlalpan,6207049070,Población de 6 a 14 años que no especificó si sabe o no leer y escribir,2020,399,Porcentaje
09,Ciudad de México,012,Tlalpan,6207049071,Porcentaje de la población de 3 años y más que no especificó si asiste o no a la escuela,2020,0.0787614468595342,Porcentaje
09,Ciudad de México,012,Tlalpan,6207051593,Porcentaje de población de 6 a 14 años que no asiste a la escuela,2020,4.502917,Porcentaje
09,Ciudad de México,012,Tlalpan,6207068394,Porcentaje de viviendas con agua entubada dentro de la vivienda,2020,82.5333993072736,Porcentaje
09,Ciudad de México,012,Tlalpan,6207129629,Porcentaje de la población nacional/estatal que representa,2020,7.59969876038334,Porcentaje
09,Ciudad de México,012,Tlalpan,6207129630,Promedio de ocupantes por dormitorio,2020,1.58030607970275,Promedio
09,Ciudad de México,012,Tlalpan,6207129631,Porcentaje de viviendas particulares habitadas que disponen de tinaco,2020,85.7822859970312,Porcentaje
09,Ciudad de México,012,Tlalpan,6207129632,Porcentaje de viviendas particulares habitadas que disponen de cisterna o aljibe,2020,68.1321128154379,Porcentaje
09,Ciudad de México,012,Tlalpan,6207129635,Porcentaje de viviendas particulares habitadas que disponen de Automóvil o camioneta,2020,54.2053438891638,Porcentaje
09,Ciudad de México,012,Tlalpan,6207129636,Porcentaje de viviendas particulares habitadas que disponen de motocicleta o motoneta,2020,7.17961405244928,Porcentaje
09,Ciudad de México,012,Tlalpan,6207129637,Porcentaje de viviendas particulares habitadas que disponen de bicicleta como medio de transporte,2020,10.882236516576,Porcentaje
09,Ciudad de México,012,Tlalpan,6207129638,Porcentaje de la población con algún tipo de  discapacidad,2020,5.07023579568184,Porcentaje
09,Ciudad de México,012,Tlalpan,6207129639,Porcentaje de la población entre 0 y 17 años con algún tipo de  discapacidad,2020,2.01271782558947,Porcentaje
09,Ciudad de México,012,Tlalpan,6207129640,Porcentaje de la población entre 18 y 29 años con algún tipo de  discapacidad,2020,1.98153602091703,Porcentaje
09,Ciudad de México,012,Tlalpan,6207129641,Porcentaje de la población entre 30 y 59 años con algún tipo de  discapacidad,2020,3.63502970317207,Porcentaje
09,Ciudad de México,012,Tlalpan,6207129642,Porcentaje de la población de 60 años y más con algún tipo de  discapacidad,2020,17.3278601208515,Porcentaje
09,Ciudad de México,012,Tlalpan,6207129643,Porcentaje de la población de 5 y más años migrante según causa: Trabajo,2020,22.9030750157511,Porcentaje
09,Ciudad de México,012,Tlalpan,6207129644,Porcentaje de la población de 5 y más años migrante según causa: Familiar,2020,36.6298802918521,Porcentaje
09,Ciudad de México,012,Tlalpan,6207129645,Porcentaje de la población de 5 y más años migrante según causa: Educativa,2020,12.8853931670833,Porcentaje
09,Ciudad de México,012,Tlalpan,6207129646,Porcentaje de la población de 5 y más años migrante según causa: Inseguridad delictiva o violencia,2020,4.60947503201024,Porcentaje
09,Ciudad de México,012,Tlalpan,6207129647,Porcentaje de la población de 5 y más años migrante según causa: Otra causa,2020,20.023169318944,Porcentaje
09,Ciudad de México,012,Tlalpan,6207129648,Promedio de hijos nacidos vivos por grupo de edad: 15-19,2020,0.0705628039836331,Promedio
09,Ciudad de México,012,Tlalpan,6207129649,Promedio de hijos nacidos vivos por grupo de edad: 20-24,2020,0.378941064571811,Promedio
09,Ciudad de México,012,Tlalpan,6207129650,Promedio de hijos nacidos vivos por grupo de edad: 25-29,2020,0.820885079587196,Promedio
09,Ciudad de México,012,Tlalpan,6207129651,Promedio de hijos nacidos vivos por grupo de edad: 30-34,2020,1.20055433160401,Promedio
09,Ciudad de México,012,Tlalpan,6207129652,Promedio de hijos nacidos vivos por grupo de edad: 35-39,2020,1.58415734391916,Promedio
09,Ciudad de México,012,Tlalpan,6207129653,Promedio de hijos nacidos vivos por grupo de edad: 40-44,2020,1.83951027031014,Promedio
09,Ciudad de México,012,Tlalpan,6207129654,Promedio de hijos nacidos vivos por grupo de edad: 45-49,2020,1.98856179198592,Promedio
09,Ciudad de México,012,Tlalpan,6207129812,Porcentaje de viviendas particulares habitadas que disponen de refrigerador,2020,91.9312221672439,Porcentaje
09,Ciudad de México,012,Tlalpan,6207129813,Porcentaje de viviendas particulares habitadas que disponen de lavadora,2020,83.0395843641762,Porcentaje
09,Ciudad de México,012,Tlalpan,6207129818,Porcentaje de la población derechohabiente en Instituto de Salud para el Bienestar (IMSS-PROSPERA o IMSS-BIENESTAR),2020,0.318158536952788,Porcentaje
09,Ciudad de México,012,Tlalpan,6207129822,Ubicación geográfica con la mayor cantidad de pobladores. Primer lugar,2020,90120001,No aplica
09,Ciudad de México,012,Tlalpan,6207129825,Población de la ubicación geográfica con la mayor cantidad de pobladores. Primer lugar,2020,599935,Personas
09,Ciudad de México,012,Tlalpan,6207129828,Lengua indígena más frecuente. Descripción. Primer lugar,2020,211,No aplica
09,Ciudad de México,012,Tlalpan,6207129830,Lengua indígena más frecuente. Porcentaje. Primer lugar,2020,34.9263139960814,Porcentaje
09,Ciudad de México,012,Tlalpan,6207129840,Total de áreas geográficas,2020,164,Municipios
09,Ciudad de México,013,Xochimilco,1001000001,Superficie continental,2020,114.11650419,Kilómetros cuadrados
09,Ciudad de México,013,Xochimilco,1002000001,Población total,2020,442178,Personas
09,Ciudad de México,013,Xochimilco,1002000002,Población total hombres,2020,215452,Personas
09,Ciudad de México,013,Xochimilco,1002000003,Población total mujeres,2020,226726,Personas
09,Ciudad de México,013,Xochimilco,1002000004,Porcentaje de población de 15 a 29 años,2020,24.548780570583,Porcentaje
09,Ciudad de México,013,Xochimilco,1002000005,Porcentaje de hombres de 15 a 29 años,2020,25.5320433343085,Porcentaje
09,Ciudad de México,013,Xochimilco,1002000006,Porcentaje de mujeres de 15 a 29 años,2020,23.6144206160092,Porcentaje
09,Ciudad de México,013,Xochimilco,1002000007,Porcentaje de población de 60 y más años,2020,13.7989315992751,Porcentaje
09,Ciudad de México,013,Xochimilco,1002000008,Porcentaje de hombres de 60 y más años,2020,12.664094098417,Porcentaje
09,Ciudad de México,013,Xochimilco,1002000009,Porcentaje de mujeres de 60 y más años,2020,14.8773276851116,Porcentaje
09,Ciudad de México,013,Xochimilco,1002000010,Edad mediana,2020,33,Años
09,Ciudad de México,013,Xochimilco,1002000011,Edad mediana hombres,2020,32,Años
09,Ciudad de México,013,Xochimilco,1002000012,Edad mediana mujeres,2020,34,Años
09,Ciudad de México,013,Xochimilco,1002000013,Promedio de hijos nacidos vivos de las mujeres de 12 años y más,2020,1.76975070862708,Promedio
09,Ciudad de México,013,Xochimilco,1002000014,Población en hogares censales,2020,438038,Personas
09,Ciudad de México,013,Xochimilco,1002000015,Población en hogares familiares,2020,424660,Personas
09,Ciudad de México,013,Xochimilco,1002000016,Población en hogares no familiares,2020,13174,Personas
09,Ciudad de México,013,Xochimilco,1002000018,Hogares censales,2020,117113,Hogares
09,Ciudad de México,013,Xochimilco,1002000019,Hogares con jefatura masculina,2020,74154,Hogares
09,Ciudad de México,013,Xochimilco,1002000020,Hogares con jefatura femenina,2020,42959,Hogares
09,Ciudad de México,013,Xochimilco,1002000021,Tamaño promedio de los hogares censales,2020,3.74030210138926,Personas
09,Ciudad de México,013,Xochimilco,1002000022,Tamaño promedio de los hogares con jefe hombre,2020,3.86906977371416,Personas
09,Ciudad de México,013,Xochimilco,1002000023,Tamaño promedio de los hogares con jefe mujer,2020,3.51802881817547,Personas
09,Ciudad de México,013,Xochimilco,1002000024,Relación hombres-mujeres,2020,95.0274781013205,Hombres por cada 100 mujeres
09,Ciudad de México,013,Xochimilco,1002000041,Porcentaje de personas de 15 años y más alfabetas,2020,97.8522044656013,Porcentaje
09,Ciudad de México,013,Xochimilco,1002000050,Tasa de alfabetización de las personas de 15 a 24 años,2020,99.2673941752971,Tasa
09,Ciudad de México,013,Xochimilco,1002000055,Población de edad no especificada,2020,209,Personas
09,Ciudad de México,013,Xochimilco,1002000056,Población de edad no especificada. Hombres,2020,103,Personas
09,Ciudad de México,013,Xochimilco,1002000057,Población de edad no especificada. Mujeres,2020,106,Personas
09,Ciudad de México,013,Xochimilco,1002000058,Población de 0 a 4 años,2020,24870,Personas
09,Ciudad de México,013,Xochimilco,1002000059,Población de 0 a 4 años. Hombres,2020,12520,Personas
09,Ciudad de México,013,Xochimilco,1002000060,Población de 0 a 4 años. Mujeres,2020,12350,Personas
09,Ciudad de México,013,Xochimilco,1002000061,Población de 10 a 14 años,2020,33274,Personas
09,Ciudad de México,013,Xochimilco,1002000062,Población de 10 a 14 años. Hombres,2020,17025,Personas
09,Ciudad de México,013,Xochimilco,1002000063,Población de 10 a 14 años. Mujeres,2020,16249,Personas
09,Ciudad de México,013,Xochimilco,1002000064,Población de 100 años y más,2020,33,Personas
09,Ciudad de México,013,Xochimilco,1002000065,Población de 100 años y más. Hombres,2020,12,Personas
09,Ciudad de México,013,Xochimilco,1002000066,Población de 100 años y más. Mujeres,2020,21,Personas
09,Ciudad de México,013,Xochimilco,1002000067,Población de 15 a 19 años,2020,34956,Personas
09,Ciudad de México,013,Xochimilco,1002000068,Población de 15 a 19 años. Hombres,2020,17733,Personas
09,Ciudad de México,013,Xochimilco,1002000069,Población de 15 a 19 años. Mujeres,2020,17223,Personas
09,Ciudad de México,013,Xochimilco,1002000070,Población de 20 a 24 años,2020,36979,Personas
09,Ciudad de México,013,Xochimilco,1002000071,Población de 20 a 24 años. Hombres,2020,18639,Personas
09,Ciudad de México,013,Xochimilco,1002000072,Población de 20 a 24 años. Mujeres,2020,18340,Personas
09,Ciudad de México,013,Xochimilco,1002000073,Población de 25 a 29 años,2020,36563,Personas
09,Ciudad de México,013,Xochimilco,1002000074,Población de 25 a 29 años. Hombres,2020,18611,Personas
09,Ciudad de México,013,Xochimilco,1002000075,Población de 25 a 29 años. Mujeres,2020,17952,Personas
09,Ciudad de México,013,Xochimilco,1002000076,Población de 30 a 34 años,2020,34292,Personas
09,Ciudad de México,013,Xochimilco,1002000077,Población de 30 a 34 años. Hombres,2020,16996,Personas
09,Ciudad de México,013,Xochimilco,1002000078,Población de 30 a 34 años. Mujeres,2020,17296,Personas
09,Ciudad de México,013,Xochimilco,1002000079,Población de 35 a 39 años,2020,33280,Personas
09,Ciudad de México,013,Xochimilco,1002000080,Población de 35 a 39 años. Hombres,2020,16200,Personas
09,Ciudad de México,013,Xochimilco,1002000081,Población de 35 a 39 años. Mujeres,2020,17080,Personas
09,Ciudad de México,013,Xochimilco,1002000082,Población de 40 a 44 años,2020,31786,Personas
09,Ciudad de México,013,Xochimilco,1002000083,Población de 40 a 44 años. Hombres,2020,15197,Personas
09,Ciudad de México,013,Xochimilco,1002000084,Población de 40 a 44 años. Mujeres,2020,16589,Personas
09,Ciudad de México,013,Xochimilco,1002000085,Población de 45 a 49 años,2020,31099,Personas
09,Ciudad de México,013,Xochimilco,1002000086,Población de 45 a 49 años. Hombres,2020,14723,Personas
09,Ciudad de México,013,Xochimilco,1002000087,Población de 45 a 49 años. Mujeres,2020,16376,Personas
09,Ciudad de México,013,Xochimilco,1002000088,Población de 5 a 9 años,2020,30905,Personas
09,Ciudad de México,013,Xochimilco,1002000089,Población de 5 a 9 años. Hombres,2020,15722,Personas
09,Ciudad de México,013,Xochimilco,1002000090,Población de 5 a 9 años. Mujeres,2020,15183,Personas
09,Ciudad de México,013,Xochimilco,1002000091,Población de 50 a 54 años,2020,29135,Personas
09,Ciudad de México,013,Xochimilco,1002000092,Población de 50 a 54 años. Hombres,2020,13621,Personas
09,Ciudad de México,013,Xochimilco,1002000093,Población de 50 a 54 años. Mujeres,2020,15514,Personas
09,Ciudad de México,013,Xochimilco,1002000094,Población de 55 a 59 años,2020,23843,Personas
09,Ciudad de México,013,Xochimilco,1002000095,Población de 55 a 59 años. Hombres,2020,11090,Número de personas
09,Ciudad de México,013,Xochimilco,1002000096,Población de 55 a 59 años. Mujeres,2020,12753,Número de personas
09,Ciudad de México,013,Xochimilco,1002000097,Población de 60 a 64 años,2020,20294,Personas
09,Ciudad de México,013,Xochimilco,1002000098,Población de 60 a 64 años. Hombres,2020,9360,Número de personas
09,Ciudad de México,013,Xochimilco,1002000099,Población de 60 a 64 años. Mujeres,2020,10934,Número de personas
09,Ciudad de México,013,Xochimilco,1002000100,Población de 65 a 69 años,2020,14945,Personas
09,Ciudad de México,013,Xochimilco,1002000101,Población de 65 a 69 años. Hombres,2020,6846,Número de personas
09,Ciudad de México,013,Xochimilco,1002000102,Población de 65 a 69 años. Mujeres,2020,8099,Número de personas
09,Ciudad de México,013,Xochimilco,1002000103,Población de 70 a 74 años,2020,10875,Personas
09,Ciudad de México,013,Xochimilco,1002000104,Población de 70 a 74 años. Hombres,2020,4882,Número de personas
09,Ciudad de México,013,Xochimilco,1002000105,Población de 70 a 74 años. Mujeres,2020,5993,Número de personas
09,Ciudad de México,013,Xochimilco,1002000106,Población de 75 a 79 años,2020,6794,Personas
09,Ciudad de México,013,Xochimilco,1002000107,Población de 75 a 79 años. Hombres,2020,3048,Número de personas
09,Ciudad de México,013,Xochimilco,1002000108,Población de 75 a 79 años. Mujeres,2020,3746,Número de personas
09,Ciudad de México,013,Xochimilco,1002000109,Población de 80 a 84 años,2020,4235,Personas
09,Ciudad de México,013,Xochimilco,1002000110,Población de 80 a 84 años. Hombres,2020,1729,Número de personas
09,Ciudad de México,013,Xochimilco,1002000111,Población de 80 a 84 años. Mujeres,2020,2506,Número de personas
09,Ciudad de México,013,Xochimilco,1002000112,Población de 85 a 89 años,2020,2460,Personas
09,Ciudad de México,013,Xochimilco,1002000113,Población de 85 a 89 años. Hombres,2020,946,Número de personas
09,Ciudad de México,013,Xochimilco,1002000114,Población de 85 a 89 años. Mujeres,2020,1514,Número de personas
09,Ciudad de México,013,Xochimilco,1002000115,Población de 90 a 94 años,2020,1009,Personas
09,Ciudad de México,013,Xochimilco,1002000116,Población de 90 a 94 años. Hombres,2020,341,Número de personas
09,Ciudad de México,013,Xochimilco,1002000117,Población de 90 a 94 años. Mujeres,2020,668,Número de personas
09,Ciudad de México,013,Xochimilco,1002000118,Población de 95 a 99 años,2020,342,Personas
09,Ciudad de México,013,Xochimilco,1002000119,Población de 95 a 99 años. Hombres,2020,108,Número de personas
09,Ciudad de México,013,Xochimilco,1002000120,Población de 95 a 99 años. Mujeres,2020,234,Número de personas
09,Ciudad de México,013,Xochimilco,1002000127,Relación de dependencia,2020,41.553741348442,Personas dependientes por cada 100 personas en edad de trabajar
09,Ciudad de México,013,Xochimilco,1003000001,Total de viviendas particulares habitadas,2020,117113,Viviendas
09,Ciudad de México,013,Xochimilco,1003000011,Viviendas particulares habitadas,2020,115770,Número de Viviendas
09,Ciudad de México,013,Xochimilco,1003000015,Promedio de ocupantes en viviendas particulares habitadas,2020,3.74092400779407,Promedio
09,Ciudad de México,013,Xochimilco,1003000017,Viviendas particulares habitadas que disponen de energía eléctrica,2020,116707,Viviendas
09,Ciudad de México,013,Xochimilco,1003000018,Viviendas particulares habitadas que disponen de agua de la red pública en el ámbito de la vivienda,2020,107134,Viviendas
09,Ciudad de México,013,Xochimilco,1003000019,Viviendas particulares habitadas que disponen de drenaje,2020,116144,Viviendas
09,Ciudad de México,013,Xochimilco,1003000020,Viviendas particulares habitadas que disponen de excusado o sanitario,2020,116519,Viviendas
09,Ciudad de México,013,Xochimilco,1003000023,Viviendas particulares habitadas que disponen de lavadora,2020,88997,Viviendas
09,Ciudad de México,013,Xochimilco,1003000024,Viviendas particulares habitadas que disponen de computadora,2020,58591,Viviendas
09,Ciudad de México,013,Xochimilco,1004000001,Población derechohabiente a servicios de salud,2020,304373,Personas
09,Ciudad de México,013,Xochimilco,1005000012,Población de 5 años y más que asiste a la escuela,2020,108594,Personas
09,Ciudad de México,013,Xochimilco,1005000038,Grado promedio de escolaridad de la población de 15 y más años,2020,10.8355106888361,Años de escolaridad
09,Ciudad de México,013,Xochimilco,1005000039,Población de 5 años y más hablante de lengua indígena,2020,10596,Personas
09,Ciudad de México,013,Xochimilco,3104003001,Porcentaje de población inmigrante (migración reciente),2020,1.96315480891766,Porcentaje
09,Ciudad de México,013,Xochimilco,3105001001,Densidad de población,2020,3874.79447551065,Habitantes por kilómetro cuadrado
09,Ciudad de México,013,Xochimilco,3105004001,Porcentaje de población en localidades de menos de 2 500 habitantes,2020,2.87146805132775,Porcentaje
09,Ciudad de México,013,Xochimilco,3108001001,Porcentaje de analfabetas total,2020,1.95200045336053,Porcentaje
09,Ciudad de México,013,Xochimilco,3108001002,Porcentaje de analfabetas hombres,2020,1.40814430686375,Porcentaje
09,Ciudad de México,013,Xochimilco,3108001003,Porcentaje de analfabetas mujeres,2020,2.45791356282611,Porcentaje
09,Ciudad de México,013,Xochimilco,3114004001,Porcentaje de viviendas con piso de tierra,2020,2.34249478685947,Porcentaje
09,Ciudad de México,013,Xochimilco,3114006001,Porcentaje de viviendas con electricidad,2020,99.7393429733702,Porcentaje
09,Ciudad de México,013,Xochimilco,6200031290,Porcentaje de viviendas particulares habitadas con disponibilidad de drenaje,2020,99.2581957406078,Porcentaje
09,Ciudad de México,013,Xochimilco,6200031291,Porcentaje de viviendas particulares habitadas con disponibilidad de excusado,2020,99.5786756913821,Porcentaje
09,Ciudad de México,013,Xochimilco,6200108938,Porcentaje de viviendas con techos de materiales resistentes,2020,86.0125500149825,Porcentaje
09,Ciudad de México,013,Xochimilco,6200205238,Población de 8 a 14 años que sabe leer y escribir,2020,44897,Personas
09,Ciudad de México,013,Xochimilco,6200205244,Viviendas que son cuarto de azotea,2020,7,Viviendas
09,Ciudad de México,013,Xochimilco,6200205245,Viviendas móviles,2020,2,Viviendas
09,Ciudad de México,013,Xochimilco,6200205246,Viviendas que son departamento en edificio o vivienda en vecindad,2020,8052,Viviendas
09,Ciudad de México,013,Xochimilco,6200205247,Viviendas que son refugio,2020,13,Viviendas
09,Ciudad de México,013,Xochimilco,6200205248,Viviendas colectivas,2020,46,Viviendas
09,Ciudad de México,013,Xochimilco,6200205249,Viviendas que son casa independiente o local no construido para habitación,2020,63247,Viviendas
09,Ciudad de México,013,Xochimilco,6200205251,Promedio de hijos nacidos vivos de las mujeres de 12 años y más casada sólo religiosamente,2020,2.94074969770254,Promedio
09,Ciudad de México,013,Xochimilco,6200205252,Población de 5 años y más inmigrante,2020,18862,Personas
09,Ciudad de México,013,Xochimilco,6200205253,Población total sin limitación en la actividad,2020,357311,Personas
09,Ciudad de México,013,Xochimilco,6200205254,Población total que no especificó limitación en la actividad,2020,292,Personas
09,Ciudad de México,013,Xochimilco,6200205255,Porcentaje de la población migrante internacional destino otro país,2020,35.4358974358974,Porcentaje
09,Ciudad de México,013,Xochimilco,6200205256,Población de 5 años y más con religión no especificada,2020,423,Personas
09,Ciudad de México,013,Xochimilco,6200205257,Población de 5 años y más católica,2020,325351,Personas
09,Ciudad de México,013,Xochimilco,6200205258,Promedio de hijos nacidos vivos de las mujeres de 12 años y más solteras,2020,0.291328085322499,Promedio
09,Ciudad de México,013,Xochimilco,6200205259,Población nacida en otro país residente en México,2020,1438,Personas
09,Ciudad de México,013,Xochimilco,6200205260,Población con limitación en la actividad para escuchar,2020,12288,Personas
09,Ciudad de México,013,Xochimilco,6200205261,Población con limitación en la actividad para hablar o comunicarse,2020,2855,Personas
09,Ciudad de México,013,Xochimilco,6200205263,Población con limitación en la actividad para caminar o moverse,2020,17299,Personas
09,Ciudad de México,013,Xochimilco,6200205264,Porcentaje de la población migrante internacional destino no especificado,2020,9.53846153846154,Porcentaje
09,Ciudad de México,013,Xochimilco,6200205265,Promedio de hijos nacidos vivos de las mujeres de 12 años y más que no especificó estado conyugal,2020,2.5,Promedio
09,Ciudad de México,013,Xochimilco,6200205266,Promedio de hijos nacidos vivos de las mujeres de 12 años y más casada civil y religiosamente,2020,2.61932172210189,Promedio
09,Ciudad de México,013,Xochimilco,6200205267,Promedio de hijos nacidos vivos de las mujeres de 12 años y más separadas,2020,2.35863505483061,Promedio
09,Ciudad de México,013,Xochimilco,6200205268,Población nacida en otro país residente en México hombres,2020,691,Personas
09,Ciudad de México,013,Xochimilco,6200205269,Población con limitación en la actividad para atender el cuidado personal,2020,2311,Personas
09,Ciudad de México,013,Xochimilco,6200205270,Población con limitación en la actividad para poner atención o aprender,2020,10510,Personas
09,Ciudad de México,013,Xochimilco,6200205271,Población con limitación en la actividad,2020,58091,Personas
09,Ciudad de México,013,Xochimilco,6200205272,Porcentaje de población nacida en otro país residente en México,2020,0.325208400237009,Porcentaje
09,Ciudad de México,013,Xochimilco,6200205273,Población de 5 años y más con religión distinta de católica,2020,56184,Personas
09,Ciudad de México,013,Xochimilco,6200205274,Porcentaje de población masculina nacida en otro país residente en México,2020,0.320721088687968,Porcentaje
09,Ciudad de México,013,Xochimilco,6200205275,Promedio de hijos nacidos vivos de las mujeres de 12 años y más divorciadas,2020,2.22252058718224,Promedio
09,Ciudad de México,013,Xochimilco,6200205276,Promedio de hijos nacidos vivos de las mujeres de 12 años y más en unión libre,2020,2.0040236923,Promedio
09,Ciudad de México,013,Xochimilco,6200205277,Población de 5 años y más emigrante,2020,24452,Personas
09,Ciudad de México,013,Xochimilco,6200205279,Promedio de hijos nacidos vivos de las mujeres de 12 años y más casada sólo por lo civil,2020,2.28202774928467,Promedio
09,Ciudad de México,013,Xochimilco,6200205280,Población con limitación en la actividad para ver,2020,38811,Personas
09,Ciudad de México,013,Xochimilco,6200205282,Porcentaje de población femenina nacida en otro país residente en México,2020,0.329472579236612,Porcentaje
09,Ciudad de México,013,Xochimilco,6200205283,Promedio de hijos nacidos vivos de las mujeres de 12 años y más viudas,2020,4.05582102519548,Promedio
09,Ciudad de México,013,Xochimilco,6200205284,Población nacida en otro país residente en México mujeres,2020,747,Personas
09,Ciudad de México,013,Xochimilco,6200205285,Porcentaje de la población migrante internacional destino Estados Unidos de América,2020,55.025641025641,Porcentaje
09,Ciudad de México,013,Xochimilco,6200205286,Población con limitación en la actividad mental,2020,6946,Personas
09,Ciudad de México,013,Xochimilco,6200205288,Índice de masculinidad de la población nacida en otro país residente en México,2020,92.5033467202142,Índice
09,Ciudad de México,013,Xochimilco,6200205289,Población de 5 años y más sin religión,2020,35141,Personas
09,Ciudad de México,013,Xochimilco,6200240300,Porcentaje de hombres de 0 a 4 años,2020,2.83277786451086,Porcentaje
09,Ciudad de México,013,Xochimilco,6200240301,Población católica,2020,343.974,Miles DE personas
09,Ciudad de México,013,Xochimilco,6200240302,Porcentaje de la población de 60 a 84 años con limitación en la actividad,2020,32.1999195002013,Porcentaje
09,Ciudad de México,013,Xochimilco,6200240304,Tasa de monolingüismo de la población de 5 años y más hablante de Tojolabal,2020,0,Porcentaje
09,Ciudad de México,013,Xochimilco,6200240305,Porcentaje de la población que profesa la religión católica,2020,77.7908444110743,Porcentaje
09,Ciudad de México,013,Xochimilco,6200240310,Porcentaje de mujeres de 75 a 79 años,2020,0.847570757225054,Porcentaje
09,Ciudad de México,013,Xochimilco,6200240311,Porcentaje de hombres de 10 a 14 años,2020,3.85208012326656,Porcentaje
09,Ciudad de México,013,Xochimilco,6200240312,Porcentaje de mujeres de 5 a 9 años,2020,3.43530881125147,Porcentaje
09,Ciudad de México,013,Xochimilco,6200240314,Porcentaje de la población de 15 años y más con instrucción media superior,2020,28.7416411651366,Porcentaje
09,Ciudad de México,013,Xochimilco,6200240315,Porcentaje de la población con limitación mental,2020,1.62206342534211,Porcentaje
09,Ciudad de México,013,Xochimilco,6200240316,Tasa de monolingüismo de la población de 5 años y más hablante de Maya,2020,0,Porcentaje
09,Ciudad de México,013,Xochimilco,6200240318,Población de 5 años y más hablante de Tzeltal  (Tseltal),2020,85,Personas
09,Ciudad de México,013,Xochimilco,6200240319,Tasa de monolingüismo de la población de 5 años y más hablante de Mazateco,2020,1.31995776135163,Porcentaje
09,Ciudad de México,013,Xochimilco,6200240320,Población de 5 años y más hablante de Lenguas chinantecas,2020,331,Personas
09,Ciudad de México,013,Xochimilco,6200240323,Porcentaje de la población derechohabiente en el Seguro popular,2020,27.1226422843025,Porcentaje
09,Ciudad de México,013,Xochimilco,6200240325,Tasa de monolingüismo de la población de 5 años y más hablante de Náhuatl,2020,0.51294577430385,Porcentaje
09,Ciudad de México,013,Xochimilco,6200240326,Población de 5 años y más hablante de Lenguas zapotecas,2020,329,Personas
09,Ciudad de México,013,Xochimilco,6200240328,Porcentaje de mujeres de 55 a 59 años,2020,2.885496494098,Porcentaje
09,Ciudad de México,013,Xochimilco,6200240330,Porcentaje de hombres de 75 a 79 años,2020,0.689641128676446,Porcentaje
09,Ciudad de México,013,Xochimilco,6200240331,Población de 5 años y más hablante de Maya,2020,51,Personas
09,Ciudad de México,013,Xochimilco,6200240332,Población de 5 años y más hablante de Otomí,2020,1370,Personas
09,Ciudad de México,013,Xochimilco,6200240334,Población de 5 años y más hablante de Tojolabal,2020,7,Personas
09,Ciudad de México,013,Xochimilco,6200240341,Porcentaje de mujeres de 40 a 44 años,2020,3.75343067047689,Porcentaje
09,Ciudad de México,013,Xochimilco,6200240342,Porcentaje de mujeres de 70 a 74 años,2020,1.35597745543239,Porcentaje
09,Ciudad de México,013,Xochimilco,6200240343,Porcentaje de hombres de 15 a 19 años,2020,4.01227235394338,Porcentaje
09,Ciudad de México,013,Xochimilco,6200240344,Porcentaje de mujeres de 85 años y más,2020,0.551396138643208,Porcentaje
09,Ciudad de México,013,Xochimilco,6200240345,Población de 5 años y más hablante de Mixe,2020,274,Personas
09,Ciudad de México,013,Xochimilco,6200240354,Porcentaje de mujeres de 10 a 14 años,2020,3.67650219811797,Porcentaje
09,Ciudad de México,013,Xochimilco,6200240356,Porcentaje de mujeres de 20 a 24 años,2020,4.14961230312533,Porcentaje
09,Ciudad de México,013,Xochimilco,6200240357,Porcentaje de hombres de 35 a 39 años,2020,3.66541544768977,Porcentaje
09,Ciudad de México,013,Xochimilco,6200240358,Porcentaje de la población de 0 a 14 años con limitación en la actividad,2020,5.4071353973655,Porcentaje
09,Ciudad de México,013,Xochimilco,6200240361,Población de 5 años y más hablante de Mazahua,2020,427,Personas
09,Ciudad de México,013,Xochimilco,6200240364,Tasa de monolingüismo de la población de 5 años y más hablante de Chatino,2020,0,Porcentaje
09,Ciudad de México,013,Xochimilco,6200240365,Porcentaje de la población de 15 años y más con instrucción superior,2020,27.3090218746458,Porcentaje
09,Ciudad de México,013,Xochimilco,6200240366,Tasa de monolingüismo de la población de 5 años y más hablante de Lenguas mixtecas,2020,1.54577883472057,Porcentaje
09,Ciudad de México,013,Xochimilco,6200240367,Porcentaje de la población con limitación para hablar o comunicarse,2020,4.62985373949725,Porcentaje
09,Ciudad de México,013,Xochimilco,6200240368,Porcentaje de la población de 15 años y más con instrucción no especificada,2020,0.152159129547773,Porcentaje
09,Ciudad de México,013,Xochimilco,6200240377,Porcentaje de mujeres de 45 a 49 años,2020,3.70523724514615,Porcentaje
09,Ciudad de México,013,Xochimilco,6200240378,Porcentaje de mujeres de 0 a 4 años,2020,2.7943136283314,Porcentaje
09,Ciudad de México,013,Xochimilco,6200240379,Porcentaje de mujeres de 80 a 84 años,2020,0.567008093327813,Porcentaje
09,Ciudad de México,013,Xochimilco,6200240381,Tasa de monolingüismo de la población de 5 años y más hablante de Tzotzil (Tsotsil),2020,0,Porcentaje
09,Ciudad de México,013,Xochimilco,6200240384,Porcentaje de mujeres de 15 a 19 años,2020,3.89687964540499,Porcentaje
09,Ciudad de México,013,Xochimilco,6200240386,Población de 5 años y más hablante de Lenguas mixtecas,2020,841,Personas
09,Ciudad de México,013,Xochimilco,6200240388,Porcentaje de hombres de 65 a 69 años,2020,1.54897741696816,Porcentaje
09,Ciudad de México,013,Xochimilco,6200240389,Tasa de crecimiento promedio anual de las viviendas particulares habitadas,2020,1.34992441188795,Tasa
09,Ciudad de México,013,Xochimilco,6200240390,Porcentaje de la población con discapacidad por accidente,2020,10.5653981193753,Porcentaje
09,Ciudad de México,013,Xochimilco,6200240395,"Viviendas, de cada cien que cuentan con electricidad, agua y drenaje",2020,91.1727002358732,Porcentaje
09,Ciudad de México,013,Xochimilco,6200240396,Porcentaje de la población de 30 a 59 años con limitación en la actividad,2020,13.7759969471475,Porcentaje
09,Ciudad de México,013,Xochimilco,6200240397,Tasa de monolingüismo de la población de 5 años y más hablante de Chol (Ch''ol),2020,0,Porcentaje
09,Ciudad de México,013,Xochimilco,6200240398,Tasa de monolingüismo de la población de 5 años y más hablante de Totonaca (Totonaco),2020,0.56022408963585,Porcentaje
09,Ciudad de México,013,Xochimilco,6200240407,Índice de envejecimiento,2020,68.4870127682512,Porcentaje
09,Ciudad de México,013,Xochimilco,6200240410,Porcentaje de hombres de 60 a 64 años,2020,2.11779559199853,Porcentaje
09,Ciudad de México,013,Xochimilco,6200240411,Porcentaje de hombres de 85 años y más,2020,0.318348119438241,Porcentaje
09,Ciudad de México,013,Xochimilco,6200240413,Tasa de monolingüismo de la población de 5 años y más hablante de Huasteco,2020,0,Porcentaje
09,Ciudad de México,013,Xochimilco,6200240414,"Porcentaje de la población derechohabiente en PEMEX, SDN o SM",2020,1.33750365505482,Porcentaje
09,Ciudad de México,013,Xochimilco,6200240416,Porcentaje de la población usuaria de servicios de salud en instituciones de servicios médicos privados,2020,3.04560522779616,Porcentaje
09,Ciudad de México,013,Xochimilco,6200240421,Porcentaje de la población derechohabiente en el ISSSTE,2020,23.8220867159702,Porcentaje
09,Ciudad de México,013,Xochimilco,6200240423,Porcentaje de hombres de 40 a 44 años,2020,3.43847645423095,Porcentaje
09,Ciudad de México,013,Xochimilco,6200240424,Tasa de monolingüismo de la población de 5 años y más hablante de Mixe,2020,0,Porcentaje
09,Ciudad de México,013,Xochimilco,6200240425,Porcentaje de hombres de 70 a 74 años,2020,1.10460235898898,Porcentaje
09,Ciudad de México,013,Xochimilco,6200240426,Porcentaje de mujeres de 60 a 64 años,2020,2.47392916697777,Porcentaje
09,Ciudad de México,013,Xochimilco,6200240427,Porcentaje de mujeres de 65 a 69 años,2020,1.83248146363206,Porcentaje
09,Ciudad de México,013,Xochimilco,6200240428,Tasa de monolingüismo de la población de 5 años y más hablante de Otomí,2020,1.02189781021897,Porcentaje
09,Ciudad de México,013,Xochimilco,6200240430,Porcentaje de la población con limitación para caminar y moverse,2020,29.7791396257596,Porcentaje
09,Ciudad de México,013,Xochimilco,6200240431,Población de 5 años y más hablante de Purépecha (Tarasco),2020,138,Personas
09,Ciudad de México,013,Xochimilco,6200240432,Tasa de monolingüismo de la población de 5 años y más hablante de Zoque,2020,0,Porcentaje
09,Ciudad de México,013,Xochimilco,6200240433,Tasa de monolingüismo de la población de 5 años y más hablante de Lenguas zapotecas,2020,0.60790273556231,Porcentaje
09,Ciudad de México,013,Xochimilco,6200240434,Población de 5 años y más hablante de Chatino,2020,2,Personas
09,Ciudad de México,013,Xochimilco,6200240435,Porcentaje de la población con limitación para atender el cuidado personal,2020,3.97824103561653,Porcentaje
09,Ciudad de México,013,Xochimilco,6200240443,Porcentaje de mujeres de 35 a 39 años,2020,3.86452443497168,Porcentaje
09,Ciudad de México,013,Xochimilco,6200240444,Porcentaje de hombres de 55 a 59 años,2020,2.50922576017775,Porcentaje
09,Ciudad de México,013,Xochimilco,6200240445,Porcentaje de hombres de 5 a 9 años,2020,3.55726306596164,Porcentaje
09,Ciudad de México,013,Xochimilco,6200240447,Porcentaje de la población de 15 años y más sin instrucción,2020,2.56828743057917,Porcentaje
09,Ciudad de México,013,Xochimilco,6200240449,Tasa de monolingüismo de la población de 5 años y más hablante de lengua indígena,2020,0.85881464703661,Porcentaje
09,Ciudad de México,013,Xochimilco,6200240450,Porcentaje de la población con limitación para ver,2020,66.8106935669897,Porcentaje
09,Ciudad de México,013,Xochimilco,6200240451,Población de 5 años y más hablante de Tarahumara,2020,4,Personas
09,Ciudad de México,013,Xochimilco,6200240452,Población de 5 años y más hablante de Chol (Ch''ol),2020,14,Personas
09,Ciudad de México,013,Xochimilco,6200240453,Población de 5 años y más hablante de Totonaca (Totonaco),2020,357,Personas
09,Ciudad de México,013,Xochimilco,6200240454,Tasa de monolingüismo de la población de 5 años y más hablante de Mazahua,2020,1.17096018735363,Porcentaje
09,Ciudad de México,013,Xochimilco,6200240458,Porcentaje de la población con discapacidad por edad avanzada,2020,25.2956132208725,Porcentaje
09,Ciudad de México,013,Xochimilco,6200240459,Porcentaje de la población con discapacidad por nacimiento,2020,17.1677630251423,Porcentaje
09,Ciudad de México,013,Xochimilco,6200240466,Población de 5 años y más hablante de Tlapaneco,2020,111,Personas
09,Ciudad de México,013,Xochimilco,6200240471,Porcentaje de la población derechohabiente en el IMSS,2020,43.5988080414491,Porcentaje
09,Ciudad de México,013,Xochimilco,6200240475,Porcentaje de hombres de 80 a 84 años,2020,0.391203907966396,Porcentaje
09,Ciudad de México,013,Xochimilco,6200240477,Porcentaje de la población de 85 y más con limitación en la actividad,2020,30.1508844953174,Porcentaje
09,Ciudad de México,013,Xochimilco,6200240478,Porcentaje de la población con limitación para escuchar,2020,21.1530185398771,Porcentaje
09,Ciudad de México,013,Xochimilco,6200240479,Porcentaje de la población con limitación para poner atención o aprender,2020,18.0923034549242,Porcentaje
09,Ciudad de México,013,Xochimilco,6200240480,Población de 5 años y más hablante de Huasteco,2020,44,Personas
09,Ciudad de México,013,Xochimilco,6200240481,Población de 5 años y más hablante de Tzotzil (Tsotsil),2020,30,Personas
09,Ciudad de México,013,Xochimilco,6200240486,Porcentaje de hombres de 25 a 29 años,2020,4.21092882079965,Porcentaje
09,Ciudad de México,013,Xochimilco,6200240488,Porcentaje de la población de 15 a 29 años con limitación en la actividad,2020,7.78539696584269,Porcentaje
09,Ciudad de México,013,Xochimilco,6200240493,Porcentaje de la población de 5 años y más hablante de lengua indígena,2020,2.54040407672999,Porcentaje
09,Ciudad de México,013,Xochimilco,6200240495,Porcentaje de la población con discapacidad por otra causa,2020,8.87848581460107,Porcentaje
09,Ciudad de México,013,Xochimilco,6200240496,Población de 5 años y más hablante de Náhuatl,2020,4094,Personas
09,Ciudad de México,013,Xochimilco,6200240497,Población no católica,2020,33907,Miles DE personas
09,Ciudad de México,013,Xochimilco,6200240499,Porcentaje de la población que profesa la religión protestante y evangélica,2020,7.37485808882396,Porcentaje
09,Ciudad de México,013,Xochimilco,6200240507,Porcentaje de mujeres de 50 a 54 años,2020,3.51020094169501,Porcentaje
09,Ciudad de México,013,Xochimilco,6200240509,Tasa de monolingüismo de la población de 5 años y más hablante de Tarahumara,2020,0,Porcentaje
09,Ciudad de México,013,Xochimilco,6200240518,Porcentaje de hombres de 30 a 34 años,2020,3.84551857709477,Porcentaje
09,Ciudad de México,013,Xochimilco,6200240520,Porcentaje de hombres de 20 a 24 años,2020,4.21726410675862,Porcentaje
09,Ciudad de México,013,Xochimilco,6200240521,Población de 5 años y más hablante de Zoque,2020,6,Personas
09,Ciudad de México,013,Xochimilco,6200240522,Tasa de monolingüismo de la población de 5 años y más hablante de Purépecha (Tarasco),2020,0,Porcentaje
09,Ciudad de México,013,Xochimilco,6200240532,Porcentaje de hombres de 45 a 49 años,2020,3.3312291133541,Porcentaje
09,Ciudad de México,013,Xochimilco,6200240533,Porcentaje de hombres de 50 a 54 años,2020,3.08189035882607,Porcentaje
09,Ciudad de México,013,Xochimilco,6200240534,Tasa de monolingüismo de la población de 5 años y más hablante de Resto de lenguas,2020,0.53475935828877,Porcentaje
09,Ciudad de México,013,Xochimilco,6200240535,Población de 5 años y más hablante de Mazateco,2020,1894,Personas
09,Ciudad de México,013,Xochimilco,6200240536,Tasa de monolingüismo de la población de 5 años y más hablante de Tlapaneco,2020,0,Porcentaje
09,Ciudad de México,013,Xochimilco,6200240537,Tasa de monolingüismo de la población de 5 años y más hablante de Tzeltal (Tseltal),2020,1.17647058823529,Porcentaje
09,Ciudad de México,013,Xochimilco,6200240538,Población de 5 años y más hablante del Resto de lenguas,2020,187,Personas
09,Ciudad de México,013,Xochimilco,6200240539,Tasa de monolingüismo de la población de 5 años y más hablante de Lenguas chinantecas,2020,2.11480362537764,Porcentaje
09,Ciudad de México,013,Xochimilco,6200240540,Porcentaje de la población con discapacidad por enfermedad,2020,43.8516485733888,Porcentaje
09,Ciudad de México,013,Xochimilco,6200240548,Porcentaje de mujeres de 25 a 29 años,2020,4.06182334055103,Porcentaje
09,Ciudad de México,013,Xochimilco,6200240549,Porcentaje de mujeres de 30 a 34 años,2020,3.91339664094088,Porcentaje
09,Ciudad de México,013,Xochimilco,6205370864,Porcentaje de población que se considera afrodescendiente,2020,2.22308663027107,Porcentaje
09,Ciudad de México,013,Xochimilco,6207019007,Porcentaje de la población de 12 años y más viuda,2020,4.72173978300956,Porcentaje
09,Ciudad de México,013,Xochimilco,6207019009,Porcentaje de la población de 12 años y más casada,2020,29.0859921094387,Porcentaje
09,Ciudad de México,013,Xochimilco,6207019010,Porcentaje de población de 25 años y más alfabeta,2020,97.4899015961706,Porcentaje
09,Ciudad de México,013,Xochimilco,6207019011,Porcentaje de la población de 12 años y más soltera,2020,35.450169389768,Porcentaje
09,Ciudad de México,013,Xochimilco,6207019012,Porcentaje de la población de 12 años y más separada,2020,6.6043247995197,Porcentaje
09,Ciudad de México,013,Xochimilco,6207019016,Porcentaje de la población de 12 años y más divorciada,2020,2.32964535357434,Porcentaje
09,Ciudad de México,013,Xochimilco,6207019017,Porcentaje de población afiliada a otra institución,2020,2.32346495911267,Porcentaje
09,Ciudad de México,013,Xochimilco,6207019018,Porcentaje de población afiliada a servicios de salud,2020,68.8349488215153,Porcentaje
09,Ciudad de México,013,Xochimilco,6207019019,Porcentaje de la población de 12 años y más en unión libre,2020,21.7869548436897,Porcentaje
09,Ciudad de México,013,Xochimilco,6207019020,Porcentaje de población de 15 años y más sin escolaridad,2020,2.38580981525558,Porcentaje
09,Ciudad de México,013,Xochimilco,6207019022,Porcentaje de viviendas particulares habitadas propias,2020,68.3332452012057,Porcentaje
09,Ciudad de México,013,Xochimilco,6207019023,Porcentaje de hijos fallecidos de las mujeres de 15 a 49 años,2020,3.21560393267701,Porcentaje
09,Ciudad de México,013,Xochimilco,6207019024,Porcentaje de la población de 3 a 5 años que asiste a la escuela,2020,69.4694165344615,Porcentaje
09,Ciudad de México,013,Xochimilco,6207019026,Porcentaje de la población de 6 a 11 años que asiste a la escuela,2020,96.1676772449274,Porcentaje
09,Ciudad de México,013,Xochimilco,6207019028,Porcentaje de la población de 12 a 14 años que asiste a la escuela,2020,93.5543004359889,Porcentaje
09,Ciudad de México,013,Xochimilco,6207019029,Porcentaje de la población de 15 a 24 años que asiste a la escuela,2020,51.8454160005561,Porcentaje
09,Ciudad de México,013,Xochimilco,6207019030,Porcentaje de población de 12 años y más económicamente activa,2020,63.1952485097989,Porcentaje
09,Ciudad de México,013,Xochimilco,6207019031,Porcentaje de población de 15 años y más con escolaridad básica,2020,41.4113680154143,Porcentaje
09,Ciudad de México,013,Xochimilco,6207019034,Porcentaje de población de 3 años y más hablante de lengua indígena,2020,2.48984167016954,Porcentaje
09,Ciudad de México,013,Xochimilco,6207019035,Porcentaje de la población de 12 años y más No Económicamente Activa,2020,36.6527831382135,Porcentaje
09,Ciudad de México,013,Xochimilco,6207019036,Promedio de hijos nacidos vivos de las mujeres de 15 a 49 años EI2015,2020,1.25365659843224,Promedio
09,Ciudad de México,013,Xochimilco,6207019039,Porcentaje de la población de 12 años y más económicamente activa ocupada,2020,97.6385166084213,Porcentaje
09,Ciudad de México,013,Xochimilco,6207019040,Porcentaje de la población femenina de 12 años y más económicamente activa,2020,43.7018627218132,Porcentaje
09,Ciudad de México,013,Xochimilco,6207019042,Porcentaje de viviendas particulares habitadas que disponen de Internet,2020,66.5299285543363,Porcentaje
09,Ciudad de México,013,Xochimilco,6207019043,Porcentaje de la población masculina de 12 años y más económicamente activa,2020,56.2981372781868,Porcentaje
09,Ciudad de México,013,Xochimilco,6207019046,Porcentaje de viviendas particulares habitadas que disponen de computadora,2020,50.0726421221755,Porcentaje
09,Ciudad de México,013,Xochimilco,6207019047,Porcentaje de la población de 12 años y más no económicamente activa que estudia,2020,38.8839732949186,Porcentaje
09,Ciudad de México,013,Xochimilco,6207019050,Porcentaje de viviendas particulares habitadas que disponen de teléfono fijo,2020,63.6191159881038,Porcentaje
09,Ciudad de México,013,Xochimilco,6207019051,Porcentaje de la población de 12 años y más sin especificar su situación conyugal,2020,0.0211737210000429,Porcentaje
09,Ciudad de México,013,Xochimilco,6207019054,Porcentaje de la población femenina de 12 años y más económicamente activa ocupada,2020,98.1308592612721,Porcentaje
09,Ciudad de México,013,Xochimilco,6207019055,Porcentaje de viviendas particulares habitadas que disponen de teléfono celular,2020,91.1897924999145,Porcentaje
09,Ciudad de México,013,Xochimilco,6207019056,Porcentaje de la población masculina de 12 años y más económicamente activa ocupada,2020,97.2563318316735,Porcentaje
09,Ciudad de México,013,Xochimilco,6207019057,Porcentaje de viviendas particulares habitadas que disponen de televisión de paga,2020,32.3548012169692,Porcentaje
09,Ciudad de México,013,Xochimilco,6207019058,Porcentaje de población de 3 años y más hablante de lengua indígena que no habla español,2020,0.853498405552429,Porcentaje
09,Ciudad de México,013,Xochimilco,6207019059,Porcentaje de población de 12 años con condición de actividad económica no especificada,2020,0.15196835198765,Porcentaje
09,Ciudad de México,013,Xochimilco,6207019060,Porcentaje de la población de 12 años y más no económicamente activa que es pensionada o jubilada,2020,14.0801298691802,Porcentaje
09,Ciudad de México,013,Xochimilco,6207019063,Porcentaje de superficie en el ámbito geográfico de referencia respecto a la unidad geográfica superior,2020,7.63670860613286,Porcentaje
09,Ciudad de México,013,Xochimilco,6207019064,Porcentaje de la población de 12 años y más no económicamente activa que se dedica a los quehaceres del hogar,2020,34.5396444684943,Porcentaje
09,Ciudad de México,013,Xochimilco,6207019065,Porcentaje de la población de 12 años y más no económicamente activa que realiza otras actividades no económicas,2020,9.64073914283416,Porcentaje
09,Ciudad de México,013,Xochimilco,6207019070,Porcentaje de la población de 12 años y más no económicamente activa con alguna limitación física o mental que les impide trabajar,2020,2.85551322457277,Porcentaje
09,Ciudad de México,013,Xochimilco,6207020032,Porcentaje de hombres,2020,48.7251740249402,Porcentaje
09,Ciudad de México,013,Xochimilco,6207020033,Porcentaje de mujeres,2020,51.2748259750598,Porcentaje
09,Ciudad de México,013,Xochimilco,6207020035,Promedio de ocupantes por cuarto (Índice de hacinamiento),2020,0.909850725162106,Promedio
09,Ciudad de México,013,Xochimilco,6207049066,Población de 6 a 14 años que sabe leer y escribir,2020,53825,Porcentaje
09,Ciudad de México,013,Xochimilco,6207049067,Población de 6 a 14 años que no sabe leer y escribir,2020,4184,Porcentaje
09,Ciudad de México,013,Xochimilco,6207049068,Porcentaje de la población de 3 años y más que asiste a la escuela,2020,26.8313016673672,Porcentaje
09,Ciudad de México,013,Xochimilco,6207049069,Porcentaje de la población de 3 años y más que no asiste a la escuela,2020,72.3186679744057,Porcentaje
09,Ciudad de México,013,Xochimilco,6207049070,Población de 6 a 14 años que no especificó si sabe o no leer y escribir,2020,272,Porcentaje
09,Ciudad de México,013,Xochimilco,6207049071,Porcentaje de la población de 3 años y más que no especificó si asiste o no a la escuela,2020,0.85003035822708,Porcentaje
09,Ciudad de México,013,Xochimilco,6207051593,Porcentaje de población de 6 a 14 años que no asiste a la escuela,2020,4.718519,Porcentaje
09,Ciudad de México,013,Xochimilco,6207068394,Porcentaje de viviendas con agua entubada dentro de la vivienda,2020,70.5457559908385,Porcentaje
09,Ciudad de México,013,Xochimilco,6207129629,Porcentaje de la población nacional/estatal que representa,2020,4.80109325311859,Porcentaje
09,Ciudad de México,013,Xochimilco,6207129630,Promedio de ocupantes por dormitorio,2020,1.70172381604331,Promedio
09,Ciudad de México,013,Xochimilco,6207129631,Porcentaje de viviendas particulares habitadas que disponen de tinaco,2020,82.061668888661,Porcentaje
09,Ciudad de México,013,Xochimilco,6207129632,Porcentaje de viviendas particulares habitadas que disponen de cisterna o aljibe,2020,39.7215670187673,Porcentaje
09,Ciudad de México,013,Xochimilco,6207129635,Porcentaje de viviendas particulares habitadas que disponen de Automóvil o camioneta,2020,43.1032714593375,Porcentaje
09,Ciudad de México,013,Xochimilco,6207129636,Porcentaje de viviendas particulares habitadas que disponen de motocicleta o motoneta,2020,10.4664478856869,Porcentaje
09,Ciudad de México,013,Xochimilco,6207129637,Porcentaje de viviendas particulares habitadas que disponen de bicicleta como medio de transporte,2020,28.2800054695245,Porcentaje
09,Ciudad de México,013,Xochimilco,6207129638,Porcentaje de la población con algún tipo de  discapacidad,2020,5.22753280353161,Porcentaje
09,Ciudad de México,013,Xochimilco,6207129639,Porcentaje de la población entre 0 y 17 años con algún tipo de  discapacidad,2020,2.06668855568932,Porcentaje
09,Ciudad de México,013,Xochimilco,6207129640,Porcentaje de la población entre 18 y 29 años con algún tipo de  discapacidad,2020,2.21607908717564,Porcentaje
09,Ciudad de México,013,Xochimilco,6207129641,Porcentaje de la población entre 30 y 59 años con algún tipo de  discapacidad,2020,4.04775533567749,Porcentaje
09,Ciudad de México,013,Xochimilco,6207129642,Porcentaje de la población de 60 años y más con algún tipo de  discapacidad,2020,18.8171249610573,Porcentaje
09,Ciudad de México,013,Xochimilco,6207129643,Porcentaje de la población de 5 y más años migrante según causa: Trabajo,2020,21.4239928997584,Porcentaje
09,Ciudad de México,013,Xochimilco,6207129644,Porcentaje de la población de 5 y más años migrante según causa: Familiar,2020,44.5885311375179,Porcentaje
09,Ciudad de México,013,Xochimilco,6207129645,Porcentaje de la población de 5 y más años migrante según causa: Educativa,2020,4.95044623046201,Porcentaje
09,Ciudad de México,013,Xochimilco,6207129646,Porcentaje de la población de 5 y más años migrante según causa: Inseguridad delictiva o violencia,2020,4.39327449336818,Porcentaje
09,Ciudad de México,013,Xochimilco,6207129647,Porcentaje de la población de 5 y más años migrante según causa: Otra causa,2020,21.2514175829594,Porcentaje
09,Ciudad de México,013,Xochimilco,6207129648,Promedio de hijos nacidos vivos por grupo de edad: 15-19,2020,0.0874440764627273,Promedio
09,Ciudad de México,013,Xochimilco,6207129649,Promedio de hijos nacidos vivos por grupo de edad: 20-24,2020,0.491297943150199,Promedio
09,Ciudad de México,013,Xochimilco,6207129650,Promedio de hijos nacidos vivos por grupo de edad: 25-29,2020,0.974870451886109,Promedio
09,Ciudad de México,013,Xochimilco,6207129651,Promedio de hijos nacidos vivos por grupo de edad: 30-34,2020,1.4093932558274,Promedio
09,Ciudad de México,013,Xochimilco,6207129652,Promedio de hijos nacidos vivos por grupo de edad: 35-39,2020,1.77137502928086,Promedio
09,Ciudad de México,013,Xochimilco,6207129653,Promedio de hijos nacidos vivos por grupo de edad: 40-44,2020,2.01658124811577,Promedio
09,Ciudad de México,013,Xochimilco,6207129654,Promedio de hijos nacidos vivos por grupo de edad: 45-49,2020,2.16143415587589,Promedio
09,Ciudad de México,013,Xochimilco,6207129812,Porcentaje de viviendas particulares habitadas que disponen de refrigerador,2020,89.4301439168632,Porcentaje
09,Ciudad de México,013,Xochimilco,6207129813,Porcentaje de viviendas particulares habitadas que disponen de lavadora,2020,76.0580111441562,Porcentaje
09,Ciudad de México,013,Xochimilco,6207129818,Porcentaje de la población derechohabiente en Instituto de Salud para el Bienestar (IMSS-PROSPERA o IMSS-BIENESTAR),2020,0.483288596557513,Porcentaje
09,Ciudad de México,013,Xochimilco,6207129822,Ubicación geográfica con la mayor cantidad de pobladores. Primer lugar,2020,90130001,No aplica
09,Ciudad de México,013,Xochimilco,6207129825,Población de la ubicación geográfica con la mayor cantidad de pobladores. Primer lugar,2020,429481,Personas
09,Ciudad de México,013,Xochimilco,6207129828,Lengua indígena más frecuente. Descripción. Primer lugar,2020,211,No aplica
09,Ciudad de México,013,Xochimilco,6207129830,Lengua indígena más frecuente. Porcentaje. Primer lugar,2020,38.8857359061672,Porcentaje
09,Ciudad de México,013,Xochimilco,6207129840,Total de áreas geográficas,2020,111,Municipios
09,Ciudad de México,014,Benito Juárez,1001000001,Superficie continental,2020,26.70123679,Kilómetros cuadrados
09,Ciudad de México,014,Benito Juárez,1002000001,Población total,2020,434153,Personas
09,Ciudad de México,014,Benito Juárez,1002000002,Población total hombres,2020,202121,Personas
09,Ciudad de México,014,Benito Juárez,1002000003,Población total mujeres,2020,232032,Personas
09,Ciudad de México,014,Benito Juárez,1002000004,Porcentaje de población de 15 a 29 años,2020,18.7176209069025,Porcentaje
09,Ciudad de México,014,Benito Juárez,1002000005,Porcentaje de hombres de 15 a 29 años,2020,19.6716606962614,Porcentaje
09,Ciudad de México,014,Benito Juárez,1002000006,Porcentaje de mujeres de 15 a 29 años,2020,17.8865292857543,Porcentaje
09,Ciudad de México,014,Benito Juárez,1002000007,Porcentaje de población de 60 y más años,2020,20.1200142819299,Porcentaje
09,Ciudad de México,014,Benito Juárez,1002000008,Porcentaje de hombres de 60 y más años,2020,17.1833870999664,Porcentaje
09,Ciudad de México,014,Benito Juárez,1002000009,Porcentaje de mujeres de 60 y más años,2020,22.6781950544596,Porcentaje
09,Ciudad de México,014,Benito Juárez,1002000010,Edad mediana,2020,39,Años
09,Ciudad de México,014,Benito Juárez,1002000011,Edad mediana hombres,2020,38,Años
09,Ciudad de México,014,Benito Juárez,1002000012,Edad mediana mujeres,2020,40,Años
09,Ciudad de México,014,Benito Juárez,1002000013,Promedio de hijos nacidos vivos de las mujeres de 12 años y más,2020,1.10882194575906,Promedio
09,Ciudad de México,014,Benito Juárez,1002000014,Población en hogares censales,2020,432259,Personas
09,Ciudad de México,014,Benito Juárez,1002000015,Población en hogares familiares,2020,365489,Personas
09,Ciudad de México,014,Benito Juárez,1002000016,Población en hogares no familiares,2020,66731,Personas
09,Ciudad de México,014,Benito Juárez,1002000018,Hogares censales,2020,176053,Hogares
09,Ciudad de México,014,Benito Juárez,1002000019,Hogares con jefatura masculina,2020,98516,Hogares
09,Ciudad de México,014,Benito Juárez,1002000020,Hogares con jefatura femenina,2020,77537,Hogares
09,Ciudad de México,014,Benito Juárez,1002000021,Tamaño promedio de los hogares censales,2020,2.45527767206466,Personas
09,Ciudad de México,014,Benito Juárez,1002000022,Tamaño promedio de los hogares con jefe hombre,2020,2.60384100044663,Personas
09,Ciudad de México,014,Benito Juárez,1002000023,Tamaño promedio de los hogares con jefe mujer,2020,2.26651792047668,Personas
09,Ciudad de México,014,Benito Juárez,1002000024,Relación hombres-mujeres,2020,87.1091056406013,Hombres por cada 100 mujeres
09,Ciudad de México,014,Benito Juárez,1002000041,Porcentaje de personas de 15 años y más alfabetas,2020,99.4076349275998,Porcentaje
09,Ciudad de México,014,Benito Juárez,1002000050,Tasa de alfabetización de las personas de 15 a 24 años,2020,99.2922120641546,Tasa
09,Ciudad de México,014,Benito Juárez,1002000055,Población de edad no especificada,2020,38,Personas
09,Ciudad de México,014,Benito Juárez,1002000056,Población de edad no especificada. Hombres,2020,13,Personas
09,Ciudad de México,014,Benito Juárez,1002000057,Población de edad no especificada. Mujeres,2020,25,Personas
09,Ciudad de México,014,Benito Juárez,1002000058,Población de 0 a 4 años,2020,16642,Personas
09,Ciudad de México,014,Benito Juárez,1002000059,Población de 0 a 4 años. Hombres,2020,8451,Personas
09,Ciudad de México,014,Benito Juárez,1002000060,Población de 0 a 4 años. Mujeres,2020,8191,Personas
09,Ciudad de México,014,Benito Juárez,1002000061,Población de 10 a 14 años,2020,17532,Personas
09,Ciudad de México,014,Benito Juárez,1002000062,Población de 10 a 14 años. Hombres,2020,8962,Personas
09,Ciudad de México,014,Benito Juárez,1002000063,Población de 10 a 14 años. Mujeres,2020,8570,Personas
09,Ciudad de México,014,Benito Juárez,1002000064,Población de 100 años y más,2020,117,Personas
09,Ciudad de México,014,Benito Juárez,1002000065,Población de 100 años y más. Hombres,2020,21,Personas
09,Ciudad de México,014,Benito Juárez,1002000066,Población de 100 años y más. Mujeres,2020,96,Personas
09,Ciudad de México,014,Benito Juárez,1002000067,Población de 15 a 19 años,2020,18970,Personas
09,Ciudad de México,014,Benito Juárez,1002000068,Población de 15 a 19 años. Hombres,2020,9563,Personas
09,Ciudad de México,014,Benito Juárez,1002000069,Población de 15 a 19 años. Mujeres,2020,9407,Personas
09,Ciudad de México,014,Benito Juárez,1002000070,Población de 20 a 24 años,2020,25111,Personas
09,Ciudad de México,014,Benito Juárez,1002000071,Población de 20 a 24 años. Hombres,2020,12351,Personas
09,Ciudad de México,014,Benito Juárez,1002000072,Población de 20 a 24 años. Mujeres,2020,12760,Personas
09,Ciudad de México,014,Benito Juárez,1002000073,Población de 25 a 29 años,2020,37175,Personas
09,Ciudad de México,014,Benito Juárez,1002000074,Población de 25 a 29 años. Hombres,2020,17844,Personas
09,Ciudad de México,014,Benito Juárez,1002000075,Población de 25 a 29 años. Mujeres,2020,19331,Personas
09,Ciudad de México,014,Benito Juárez,1002000076,Población de 30 a 34 años,2020,45187,Personas
09,Ciudad de México,014,Benito Juárez,1002000077,Población de 30 a 34 años. Hombres,2020,21909,Personas
09,Ciudad de México,014,Benito Juárez,1002000078,Población de 30 a 34 años. Mujeres,2020,23278,Personas
09,Ciudad de México,014,Benito Juárez,1002000079,Población de 35 a 39 años,2020,42967,Personas
09,Ciudad de México,014,Benito Juárez,1002000080,Población de 35 a 39 años. Hombres,2020,21123,Personas
09,Ciudad de México,014,Benito Juárez,1002000081,Población de 35 a 39 años. Mujeres,2020,21844,Personas
09,Ciudad de México,014,Benito Juárez,1002000082,Población de 40 a 44 años,2020,36849,Personas
09,Ciudad de México,014,Benito Juárez,1002000083,Población de 40 a 44 años. Hombres,2020,17613,Personas
09,Ciudad de México,014,Benito Juárez,1002000084,Población de 40 a 44 años. Mujeres,2020,19236,Personas
09,Ciudad de México,014,Benito Juárez,1002000085,Población de 45 a 49 años,2020,33531,Personas
09,Ciudad de México,014,Benito Juárez,1002000086,Población de 45 a 49 años. Hombres,2020,15941,Personas
09,Ciudad de México,014,Benito Juárez,1002000087,Población de 45 a 49 años. Mujeres,2020,17590,Personas
09,Ciudad de México,014,Benito Juárez,1002000088,Población de 5 a 9 años,2020,17069,Personas
09,Ciudad de México,014,Benito Juárez,1002000089,Población de 5 a 9 años. Hombres,2020,8641,Personas
09,Ciudad de México,014,Benito Juárez,1002000090,Población de 5 a 9 años. Mujeres,2020,8428,Personas
09,Ciudad de México,014,Benito Juárez,1002000091,Población de 50 a 54 años,2020,29025,Personas
09,Ciudad de México,014,Benito Juárez,1002000092,Población de 50 a 54 años. Hombres,2020,13181,Personas
09,Ciudad de México,014,Benito Juárez,1002000093,Población de 50 a 54 años. Mujeres,2020,15844,Personas
09,Ciudad de México,014,Benito Juárez,1002000094,Población de 55 a 59 años,2020,26713,Personas
09,Ciudad de México,014,Benito Juárez,1002000095,Población de 55 a 59 años. Hombres,2020,11800,Número de personas
09,Ciudad de México,014,Benito Juárez,1002000096,Población de 55 a 59 años. Mujeres,2020,14913,Número de personas
09,Ciudad de México,014,Benito Juárez,1002000097,Población de 60 a 64 años,2020,25751,Personas
09,Ciudad de México,014,Benito Juárez,1002000098,Población de 60 a 64 años. Hombres,2020,10937,Número de personas
09,Ciudad de México,014,Benito Juárez,1002000099,Población de 60 a 64 años. Mujeres,2020,14814,Número de personas
09,Ciudad de México,014,Benito Juárez,1002000100,Población de 65 a 69 años,2020,20433,Personas
09,Ciudad de México,014,Benito Juárez,1002000101,Población de 65 a 69 años. Hombres,2020,8583,Número de personas
09,Ciudad de México,014,Benito Juárez,1002000102,Población de 65 a 69 años. Mujeres,2020,11850,Número de personas
09,Ciudad de México,014,Benito Juárez,1002000103,Población de 70 a 74 años,2020,16089,Personas
09,Ciudad de México,014,Benito Juárez,1002000104,Población de 70 a 74 años. Hombres,2020,6472,Número de personas
09,Ciudad de México,014,Benito Juárez,1002000105,Población de 70 a 74 años. Mujeres,2020,9617,Número de personas
09,Ciudad de México,014,Benito Juárez,1002000106,Población de 75 a 79 años,2020,10426,Personas
09,Ciudad de México,014,Benito Juárez,1002000107,Población de 75 a 79 años. Hombres,2020,4031,Número de personas
09,Ciudad de México,014,Benito Juárez,1002000108,Población de 75 a 79 años. Mujeres,2020,6395,Número de personas
09,Ciudad de México,014,Benito Juárez,1002000109,Población de 80 a 84 años,2020,7348,Personas
09,Ciudad de México,014,Benito Juárez,1002000110,Población de 80 a 84 años. Hombres,2020,2584,Número de personas
09,Ciudad de México,014,Benito Juárez,1002000111,Población de 80 a 84 años. Mujeres,2020,4764,Número de personas
09,Ciudad de México,014,Benito Juárez,1002000112,Población de 85 a 89 años,2020,4421,Personas
09,Ciudad de México,014,Benito Juárez,1002000113,Población de 85 a 89 años. Hombres,2020,1365,Número de personas
09,Ciudad de México,014,Benito Juárez,1002000114,Población de 85 a 89 años. Mujeres,2020,3056,Número de personas
09,Ciudad de México,014,Benito Juárez,1002000115,Población de 90 a 94 años,2020,2099,Personas
09,Ciudad de México,014,Benito Juárez,1002000116,Población de 90 a 94 años. Hombres,2020,575,Número de personas
09,Ciudad de México,014,Benito Juárez,1002000117,Población de 90 a 94 años. Mujeres,2020,1524,Número de personas
09,Ciudad de México,014,Benito Juárez,1002000118,Población de 95 a 99 años,2020,660,Personas
09,Ciudad de México,014,Benito Juárez,1002000119,Población de 95 a 99 años. Hombres,2020,161,Número de personas
09,Ciudad de México,014,Benito Juárez,1002000120,Población de 95 a 99 años. Mujeres,2020,499,Número de personas
09,Ciudad de México,014,Benito Juárez,1002000127,Relación de dependencia,2020,35.1208762477473,Personas dependientes por cada 100 personas en edad de trabajar
09,Ciudad de México,014,Benito Juárez,1003000001,Total de viviendas particulares habitadas,2020,176053,Viviendas
09,Ciudad de México,014,Benito Juárez,1003000011,Viviendas particulares habitadas,2020,161150,Número de Viviendas
09,Ciudad de México,014,Benito Juárez,1003000015,Promedio de ocupantes en viviendas particulares habitadas,2020,2.45543518439535,Promedio
09,Ciudad de México,014,Benito Juárez,1003000017,Viviendas particulares habitadas que disponen de energía eléctrica,2020,175762,Viviendas
09,Ciudad de México,014,Benito Juárez,1003000018,Viviendas particulares habitadas que disponen de agua de la red pública en el ámbito de la vivienda,2020,175745,Viviendas
09,Ciudad de México,014,Benito Juárez,1003000019,Viviendas particulares habitadas que disponen de drenaje,2020,175751,Viviendas
09,Ciudad de México,014,Benito Juárez,1003000020,Viviendas particulares habitadas que disponen de excusado o sanitario,2020,175676,Viviendas
09,Ciudad de México,014,Benito Juárez,1003000023,Viviendas particulares habitadas que disponen de lavadora,2020,157519,Viviendas
09,Ciudad de México,014,Benito Juárez,1003000024,Viviendas particulares habitadas que disponen de computadora,2020,149689,Viviendas
09,Ciudad de México,014,Benito Juárez,1004000001,Población derechohabiente a servicios de salud,2020,346451,Personas
09,Ciudad de México,014,Benito Juárez,1005000012,Población de 5 años y más que asiste a la escuela,2020,82319,Personas
09,Ciudad de México,014,Benito Juárez,1005000038,Grado promedio de escolaridad de la población de 15 y más años,2020,14.5454514418671,Años de escolaridad
09,Ciudad de México,014,Benito Juárez,1005000039,Población de 5 años y más hablante de lengua indígena,2020,3529,Personas
09,Ciudad de México,014,Benito Juárez,3104003001,Porcentaje de población inmigrante (migración reciente),2020,6.52004027407932,Porcentaje
09,Ciudad de México,014,Benito Juárez,3105001001,Densidad de población,2020,16259.6588096098,Habitantes por kilómetro cuadrado
09,Ciudad de México,014,Benito Juárez,3105004001,Porcentaje de población en localidades de menos de 2 500 habitantes,2020,0,Porcentaje
09,Ciudad de México,014,Benito Juárez,3108001001,Porcentaje de analfabetas total,2020,0.352598257381057,Porcentaje
09,Ciudad de México,014,Benito Juárez,3108001002,Porcentaje de analfabetas hombres,2020,0.220386926738387,Porcentaje
09,Ciudad de México,014,Benito Juárez,3108001003,Porcentaje de analfabetas mujeres,2020,0.465143266060014,Porcentaje
09,Ciudad de México,014,Benito Juárez,3114004001,Porcentaje de viviendas con piso de tierra,2020,0.0733600614177258,Porcentaje
09,Ciudad de México,014,Benito Juárez,3114006001,Porcentaje de viviendas con electricidad,2020,99.9527993403281,Porcentaje
09,Ciudad de México,014,Benito Juárez,6200031290,Porcentaje de viviendas particulares habitadas con disponibilidad de drenaje,2020,99.946543831215,Porcentaje
09,Ciudad de México,014,Benito Juárez,6200031291,Porcentaje de viviendas particulares habitadas con disponibilidad de excusado,2020,99.9038926327163,Porcentaje
09,Ciudad de México,014,Benito Juárez,6200108938,Porcentaje de viviendas con techos de materiales resistentes,2020,98.4770093586174,Porcentaje
09,Ciudad de México,014,Benito Juárez,6200205238,Población de 8 a 14 años que sabe leer y escribir,2020,23873,Personas
09,Ciudad de México,014,Benito Juárez,6200205244,Viviendas que son cuarto de azotea,2020,1131,Viviendas
09,Ciudad de México,014,Benito Juárez,6200205245,Viviendas móviles,2020,3,Viviendas
09,Ciudad de México,014,Benito Juárez,6200205246,Viviendas que son departamento en edificio o vivienda en vecindad,2020,134550,Viviendas
09,Ciudad de México,014,Benito Juárez,6200205247,Viviendas que son refugio,2020,12,Viviendas
09,Ciudad de México,014,Benito Juárez,6200205248,Viviendas colectivas,2020,122,Viviendas
09,Ciudad de México,014,Benito Juárez,6200205249,Viviendas que son casa independiente o local no construido para habitación,2020,18858,Viviendas
09,Ciudad de México,014,Benito Juárez,6200205251,Promedio de hijos nacidos vivos de las mujeres de 12 años y más casada sólo religiosamente,2020,1.70160608622147,Promedio
09,Ciudad de México,014,Benito Juárez,6200205252,Población de 5 años y más inmigrante,2020,64381,Personas
09,Ciudad de México,014,Benito Juárez,6200205253,Población total sin limitación en la actividad,2020,361478,Personas
09,Ciudad de México,014,Benito Juárez,6200205254,Población total que no especificó limitación en la actividad,2020,429,Personas
09,Ciudad de México,014,Benito Juárez,6200205255,Porcentaje de la población migrante internacional destino otro país,2020,66.8041237113402,Porcentaje
09,Ciudad de México,014,Benito Juárez,6200205256,Población de 5 años y más con religión no especificada,2020,942,Personas
09,Ciudad de México,014,Benito Juárez,6200205257,Población de 5 años y más católica,2020,293835,Personas
09,Ciudad de México,014,Benito Juárez,6200205258,Promedio de hijos nacidos vivos de las mujeres de 12 años y más solteras,2020,0.29269970845481,Promedio
09,Ciudad de México,014,Benito Juárez,6200205259,Población nacida en otro país residente en México,2020,17747,Personas
09,Ciudad de México,014,Benito Juárez,6200205260,Población con limitación en la actividad para escuchar,2020,12475,Personas
09,Ciudad de México,014,Benito Juárez,6200205261,Población con limitación en la actividad para hablar o comunicarse,2020,2159,Personas
09,Ciudad de México,014,Benito Juárez,6200205263,Población con limitación en la actividad para caminar o moverse,2020,15974,Personas
09,Ciudad de México,014,Benito Juárez,6200205264,Porcentaje de la población migrante internacional destino no especificado,2020,5.63573883161512,Porcentaje
09,Ciudad de México,014,Benito Juárez,6200205265,Promedio de hijos nacidos vivos de las mujeres de 12 años y más que no especificó estado conyugal,2020,1,Promedio
09,Ciudad de México,014,Benito Juárez,6200205266,Promedio de hijos nacidos vivos de las mujeres de 12 años y más casada civil y religiosamente,2020,1.79222676797195,Promedio
09,Ciudad de México,014,Benito Juárez,6200205267,Promedio de hijos nacidos vivos de las mujeres de 12 años y más separadas,2020,1.8441204362257,Promedio
09,Ciudad de México,014,Benito Juárez,6200205268,Población nacida en otro país residente en México hombres,2020,8499,Personas
09,Ciudad de México,014,Benito Juárez,6200205269,Población con limitación en la actividad para atender el cuidado personal,2020,2614,Personas
09,Ciudad de México,014,Benito Juárez,6200205270,Población con limitación en la actividad para poner atención o aprender,2020,10333,Personas
09,Ciudad de México,014,Benito Juárez,6200205271,Población con limitación en la actividad,2020,50356,Personas
09,Ciudad de México,014,Benito Juárez,6200205272,Porcentaje de población nacida en otro país residente en México,2020,4.08772944100352,Porcentaje
09,Ciudad de México,014,Benito Juárez,6200205273,Población de 5 años y más con religión distinta de católica,2020,33816,Personas
09,Ciudad de México,014,Benito Juárez,6200205274,Porcentaje de población masculina nacida en otro país residente en México,2020,4.20490696167147,Porcentaje
09,Ciudad de México,014,Benito Juárez,6200205275,Promedio de hijos nacidos vivos de las mujeres de 12 años y más divorciadas,2020,1.70478744380472,Promedio
09,Ciudad de México,014,Benito Juárez,6200205276,Promedio de hijos nacidos vivos de las mujeres de 12 años y más en unión libre,2020,0.852417495180131,Promedio
09,Ciudad de México,014,Benito Juárez,6200205277,Población de 5 años y más emigrante,2020,53621,Personas
09,Ciudad de México,014,Benito Juárez,6200205279,Promedio de hijos nacidos vivos de las mujeres de 12 años y más casada sólo por lo civil,2020,1.36020776874435,Promedio
09,Ciudad de México,014,Benito Juárez,6200205280,Población con limitación en la actividad para ver,2020,30560,Personas
09,Ciudad de México,014,Benito Juárez,6200205282,Porcentaje de población femenina nacida en otro país residente en México,2020,3.98565715073783,Porcentaje
09,Ciudad de México,014,Benito Juárez,6200205283,Promedio de hijos nacidos vivos de las mujeres de 12 años y más viudas,2020,2.8884553591921,Promedio
09,Ciudad de México,014,Benito Juárez,6200205284,Población nacida en otro país residente en México mujeres,2020,9248,Personas
09,Ciudad de México,014,Benito Juárez,6200205285,Porcentaje de la población migrante internacional destino Estados Unidos de América,2020,27.5601374570447,Porcentaje
09,Ciudad de México,014,Benito Juárez,6200205286,Población con limitación en la actividad mental,2020,7223,Personas
09,Ciudad de México,014,Benito Juárez,6200205288,Índice de masculinidad de la población nacida en otro país residente en México,2020,91.9009515570934,Índice
09,Ciudad de México,014,Benito Juárez,6200205289,Población de 5 años y más sin religión,2020,88880,Personas
09,Ciudad de México,014,Benito Juárez,6200240300,Porcentaje de hombres de 0 a 4 años,2020,1.94671918731212,Porcentaje
09,Ciudad de México,014,Benito Juárez,6200240301,Población católica,2020,305.323,Miles DE personas
09,Ciudad de México,014,Benito Juárez,6200240302,Porcentaje de la población de 60 a 84 años con limitación en la actividad,2020,26.4132322260672,Porcentaje
09,Ciudad de México,014,Benito Juárez,6200240304,Tasa de monolingüismo de la población de 5 años y más hablante de Tojolabal,2020,0,Porcentaje
09,Ciudad de México,014,Benito Juárez,6200240305,Porcentaje de la población que profesa la religión católica,2020,70.3261292677927,Porcentaje
09,Ciudad de México,014,Benito Juárez,6200240310,Porcentaje de mujeres de 75 a 79 años,2020,1.47311196341983,Porcentaje
09,Ciudad de México,014,Benito Juárez,6200240311,Porcentaje de hombres de 10 a 14 años,2020,2.06442993216083,Porcentaje
09,Ciudad de México,014,Benito Juárez,6200240312,Porcentaje de mujeres de 5 a 9 años,2020,1.94142105202538,Porcentaje
09,Ciudad de México,014,Benito Juárez,6200240314,Porcentaje de la población de 15 años y más con instrucción media superior,2020,18.2042562527424,Porcentaje
09,Ciudad de México,014,Benito Juárez,6200240315,Porcentaje de la población con limitación mental,2020,1.70034557764197,Porcentaje
09,Ciudad de México,014,Benito Juárez,6200240316,Tasa de monolingüismo de la población de 5 años y más hablante de Maya,2020,0,Porcentaje
09,Ciudad de México,014,Benito Juárez,6200240318,Población de 5 años y más hablante de Tzeltal  (Tseltal),2020,84,Personas
09,Ciudad de México,014,Benito Juárez,6200240319,Tasa de monolingüismo de la población de 5 años y más hablante de Mazateco,2020,0.92165898617511,Porcentaje
09,Ciudad de México,014,Benito Juárez,6200240320,Población de 5 años y más hablante de Lenguas chinantecas,2020,53,Personas
09,Ciudad de México,014,Benito Juárez,6200240323,Porcentaje de la población derechohabiente en el Seguro popular,2020,3.42992226895001,Porcentaje
09,Ciudad de México,014,Benito Juárez,6200240325,Tasa de monolingüismo de la población de 5 años y más hablante de Náhuatl,2020,0.25402201524132,Porcentaje
09,Ciudad de México,014,Benito Juárez,6200240326,Población de 5 años y más hablante de Lenguas zapotecas,2020,494,Personas
09,Ciudad de México,014,Benito Juárez,6200240328,Porcentaje de mujeres de 55 a 59 años,2020,3.43526484917591,Porcentaje
09,Ciudad de México,014,Benito Juárez,6200240330,Porcentaje de hombres de 75 a 79 años,2020,0.928555797426949,Porcentaje
09,Ciudad de México,014,Benito Juárez,6200240331,Población de 5 años y más hablante de Maya,2020,202,Personas
09,Ciudad de México,014,Benito Juárez,6200240332,Población de 5 años y más hablante de Otomí,2020,280,Personas
09,Ciudad de México,014,Benito Juárez,6200240334,Población de 5 años y más hablante de Tojolabal,2020,9,Personas
09,Ciudad de México,014,Benito Juárez,6200240341,Porcentaje de mujeres de 40 a 44 años,2020,4.43108392937355,Porcentaje
09,Ciudad de México,014,Benito Juárez,6200240342,Porcentaje de mujeres de 70 a 74 años,2020,2.21531161097866,Porcentaje
09,Ciudad de México,014,Benito Juárez,6200240343,Porcentaje de hombres de 15 a 19 años,2020,2.20287251074024,Porcentaje
09,Ciudad de México,014,Benito Juárez,6200240344,Porcentaje de mujeres de 85 años y más,2020,1.19208043951487,Porcentaje
09,Ciudad de México,014,Benito Juárez,6200240345,Población de 5 años y más hablante de Mixe,2020,109,Personas
09,Ciudad de México,014,Benito Juárez,6200240354,Porcentaje de mujeres de 10 a 14 años,2020,1.97413127857826,Porcentaje
09,Ciudad de México,014,Benito Juárez,6200240356,Porcentaje de mujeres de 20 a 24 años,2020,2.9393133155961,Porcentaje
09,Ciudad de México,014,Benito Juárez,6200240357,Porcentaje de hombres de 35 a 39 años,2020,4.86576137659376,Porcentaje
09,Ciudad de México,014,Benito Juárez,6200240358,Porcentaje de la población de 0 a 14 años con limitación en la actividad,2020,3.08334796947876,Porcentaje
09,Ciudad de México,014,Benito Juárez,6200240361,Población de 5 años y más hablante de Mazahua,2020,148,Personas
09,Ciudad de México,014,Benito Juárez,6200240364,Tasa de monolingüismo de la población de 5 años y más hablante de Chatino,2020,0,Porcentaje
09,Ciudad de México,014,Benito Juárez,6200240365,Porcentaje de la población de 15 años y más con instrucción superior,2020,69.3330930441505,Porcentaje
09,Ciudad de México,014,Benito Juárez,6200240366,Tasa de monolingüismo de la población de 5 años y más hablante de Lenguas mixtecas,2020,0,Porcentaje
09,Ciudad de México,014,Benito Juárez,6200240367,Porcentaje de la población con limitación para hablar o comunicarse,2020,4.13896078041011,Porcentaje
09,Ciudad de México,014,Benito Juárez,6200240368,Porcentaje de la población de 15 años y más con instrucción no especificada,2020,0.200066863076955,Porcentaje
09,Ciudad de México,014,Benito Juárez,6200240377,Porcentaje de mujeres de 45 a 49 años,2020,4.05192172580998,Porcentaje
09,Ciudad de México,014,Benito Juárez,6200240378,Porcentaje de mujeres de 0 a 4 años,2020,1.88682722320123,Porcentaje
09,Ciudad de México,014,Benito Juárez,6200240379,Porcentaje de mujeres de 80 a 84 años,2020,1.09740506547804,Porcentaje
09,Ciudad de México,014,Benito Juárez,6200240381,Tasa de monolingüismo de la población de 5 años y más hablante de Tzotzil (Tsotsil),2020,0,Porcentaje
09,Ciudad de México,014,Benito Juárez,6200240384,Porcentaje de mujeres de 15 a 19 años,2020,2.16693733227371,Porcentaje
09,Ciudad de México,014,Benito Juárez,6200240386,Población de 5 años y más hablante de Lenguas mixtecas,2020,270,Personas
09,Ciudad de México,014,Benito Juárez,6200240388,Porcentaje de hombres de 65 a 69 años,2020,1.9771258767838,Porcentaje
09,Ciudad de México,014,Benito Juárez,6200240389,Tasa de crecimiento promedio anual de las viviendas particulares habitadas,2020,2.29277315233742,Tasa
09,Ciudad de México,014,Benito Juárez,6200240390,Porcentaje de la población con discapacidad por accidente,2020,10.3513770180437,Porcentaje
09,Ciudad de México,014,Benito Juárez,6200240395,"Viviendas, de cada cien que cuentan con electricidad, agua y drenaje",2020,99.9118541897694,Porcentaje
09,Ciudad de México,014,Benito Juárez,6200240396,Porcentaje de la población de 30 a 59 años con limitación en la actividad,2020,9.4622722520908,Porcentaje
09,Ciudad de México,014,Benito Juárez,6200240397,Tasa de monolingüismo de la población de 5 años y más hablante de Chol (Ch''ol),2020,0,Porcentaje
09,Ciudad de México,014,Benito Juárez,6200240398,Tasa de monolingüismo de la población de 5 años y más hablante de Totonaca (Totonaco),2020,0,Porcentaje
09,Ciudad de México,014,Benito Juárez,6200240407,Índice de envejecimiento,2020,170.450598130476,Porcentaje
09,Ciudad de México,014,Benito Juárez,6200240410,Porcentaje de hombres de 60 a 64 años,2020,2.5193785056955,Porcentaje
09,Ciudad de México,014,Benito Juárez,6200240411,Porcentaje de hombres de 85 años y más,2020,0.488810568628128,Porcentaje
09,Ciudad de México,014,Benito Juárez,6200240413,Tasa de monolingüismo de la población de 5 años y más hablante de Huasteco,2020,0,Porcentaje
09,Ciudad de México,014,Benito Juárez,6200240414,"Porcentaje de la población derechohabiente en PEMEX, SDN o SM",2020,0.922496976484409,Porcentaje
09,Ciudad de México,014,Benito Juárez,6200240416,Porcentaje de la población usuaria de servicios de salud en instituciones de servicios médicos privados,2020,20.4929412817397,Porcentaje
09,Ciudad de México,014,Benito Juárez,6200240421,Porcentaje de la población derechohabiente en el ISSSTE,2020,17.6232714005732,Porcentaje
09,Ciudad de México,014,Benito Juárez,6200240423,Porcentaje de hombres de 40 a 44 años,2020,4.05721986109671,Porcentaje
09,Ciudad de México,014,Benito Juárez,6200240424,Tasa de monolingüismo de la población de 5 años y más hablante de Mixe,2020,0,Porcentaje
09,Ciudad de México,014,Benito Juárez,6200240425,Porcentaje de hombres de 70 a 74 años,2020,1.49084919894498,Porcentaje
09,Ciudad de México,014,Benito Juárez,6200240426,Porcentaje de mujeres de 60 a 64 años,2020,3.41245983207215,Porcentaje
09,Ciudad de México,014,Benito Juárez,6200240427,Porcentaje de mujeres de 65 a 69 años,2020,2.72969144120797,Porcentaje
09,Ciudad de México,014,Benito Juárez,6200240428,Tasa de monolingüismo de la población de 5 años y más hablante de Otomí,2020,0.71428571428571,Porcentaje
09,Ciudad de México,014,Benito Juárez,6200240430,Porcentaje de la población con limitación para caminar y moverse,2020,31.7221383747716,Porcentaje
09,Ciudad de México,014,Benito Juárez,6200240431,Población de 5 años y más hablante de Purépecha (Tarasco),2020,36,Personas
09,Ciudad de México,014,Benito Juárez,6200240432,Tasa de monolingüismo de la población de 5 años y más hablante de Zoque,2020,0,Porcentaje
09,Ciudad de México,014,Benito Juárez,6200240433,Tasa de monolingüismo de la población de 5 años y más hablante de Lenguas zapotecas,2020,0.20242914979757,Porcentaje
09,Ciudad de México,014,Benito Juárez,6200240434,Población de 5 años y más hablante de Chatino,2020,2,Personas
09,Ciudad de México,014,Benito Juárez,6200240435,Porcentaje de la población con limitación para atender el cuidado personal,2020,5.19103979664787,Porcentaje
09,Ciudad de México,014,Benito Juárez,6200240443,Porcentaje de mujeres de 35 a 39 años,2020,5.03184640014743,Porcentaje
09,Ciudad de México,014,Benito Juárez,6200240444,Porcentaje de hombres de 55 a 59 años,2020,2.71817375580203,Porcentaje
09,Ciudad de México,014,Benito Juárez,6200240445,Porcentaje de hombres de 5 a 9 años,2020,1.99048639185469,Porcentaje
09,Ciudad de México,014,Benito Juárez,6200240447,Porcentaje de la población de 15 años y más sin instrucción,2020,0.562328924549197,Porcentaje
09,Ciudad de México,014,Benito Juárez,6200240449,Tasa de monolingüismo de la población de 5 años y más hablante de lengua indígena,2020,0.25502975347123,Porcentaje
09,Ciudad de México,014,Benito Juárez,6200240450,Porcentaje de la población con limitación para ver,2020,60.6879021367861,Porcentaje
09,Ciudad de México,014,Benito Juárez,6200240451,Población de 5 años y más hablante de Tarahumara,2020,23,Personas
09,Ciudad de México,014,Benito Juárez,6200240452,Población de 5 años y más hablante de Chol (Ch''ol),2020,10,Personas
09,Ciudad de México,014,Benito Juárez,6200240453,Población de 5 años y más hablante de Totonaca (Totonaco),2020,102,Personas
09,Ciudad de México,014,Benito Juárez,6200240454,Tasa de monolingüismo de la población de 5 años y más hablante de Mazahua,2020,0,Porcentaje
09,Ciudad de México,014,Benito Juárez,6200240458,Porcentaje de la población con discapacidad por edad avanzada,2020,33.9558932151525,Porcentaje
09,Ciudad de México,014,Benito Juárez,6200240459,Porcentaje de la población con discapacidad por nacimiento,2020,14.7040202595758,Porcentaje
09,Ciudad de México,014,Benito Juárez,6200240466,Población de 5 años y más hablante de Tlapaneco,2020,42,Personas
09,Ciudad de México,014,Benito Juárez,6200240471,Porcentaje de la población derechohabiente en el IMSS,2020,65.4964194070734,Porcentaje
09,Ciudad de México,014,Benito Juárez,6200240475,Porcentaje de hombres de 80 a 84 años,2020,0.595233981779022,Porcentaje
09,Ciudad de México,014,Benito Juárez,6200240477,Porcentaje de la población de 85 y más con limitación en la actividad,2020,34.2195422776483,Porcentaje
09,Ciudad de México,014,Benito Juárez,6200240478,Porcentaje de la población con limitación para escuchar,2020,24.7736118833903,Porcentaje
09,Ciudad de México,014,Benito Juárez,6200240479,Porcentaje de la población con limitación para poner atención o aprender,2020,20.5198983239336,Porcentaje
09,Ciudad de México,014,Benito Juárez,6200240480,Población de 5 años y más hablante de Huasteco,2020,14,Personas
09,Ciudad de México,014,Benito Juárez,6200240481,Población de 5 años y más hablante de Tzotzil (Tsotsil),2020,51,Personas
09,Ciudad de México,014,Benito Juárez,6200240486,Porcentaje de hombres de 25 a 29 años,2020,4.11043156767216,Porcentaje
09,Ciudad de México,014,Benito Juárez,6200240488,Porcentaje de la población de 15 a 29 años con limitación en la actividad,2020,5.97863542384562,Porcentaje
09,Ciudad de México,014,Benito Juárez,6200240493,Porcentaje de la población de 5 años y más hablante de lengua indígena,2020,0.845324128746051,Porcentaje
09,Ciudad de México,014,Benito Juárez,6200240495,Porcentaje de la población con discapacidad por otra causa,2020,9.48612430093912,Porcentaje
09,Ciudad de México,014,Benito Juárez,6200240496,Población de 5 años y más hablante de Náhuatl,2020,1181,Personas
09,Ciudad de México,014,Benito Juárez,6200240497,Población no católica,2020,28625,Miles DE personas
09,Ciudad de México,014,Benito Juárez,6200240499,Porcentaje de la población que profesa la religión protestante y evangélica,2020,5.64155954237331,Porcentaje
09,Ciudad de México,014,Benito Juárez,6200240507,Porcentaje de mujeres de 50 a 54 años,2020,3.64972415143453,Porcentaje
09,Ciudad de México,014,Benito Juárez,6200240509,Tasa de monolingüismo de la población de 5 años y más hablante de Tarahumara,2020,0,Porcentaje
09,Ciudad de México,014,Benito Juárez,6200240518,Porcentaje de hombres de 30 a 34 años,2020,5.04681939117515,Porcentaje
09,Ciudad de México,014,Benito Juárez,6200240520,Porcentaje de hombres de 20 a 24 años,2020,2.8450986489755,Porcentaje
09,Ciudad de México,014,Benito Juárez,6200240521,Población de 5 años y más hablante de Zoque,2020,1,Personas
09,Ciudad de México,014,Benito Juárez,6200240522,Tasa de monolingüismo de la población de 5 años y más hablante de Purépecha (Tarasco),2020,0,Porcentaje
09,Ciudad de México,014,Benito Juárez,6200240532,Porcentaje de hombres de 45 a 49 años,2020,3.67206846112205,Porcentaje
09,Ciudad de México,014,Benito Juárez,6200240533,Porcentaje de hombres de 50 a 54 años,2020,3.03629222671412,Porcentaje
09,Ciudad de México,014,Benito Juárez,6200240534,Tasa de monolingüismo de la población de 5 años y más hablante de Resto de lenguas,2020,0.49751243781094,Porcentaje
09,Ciudad de México,014,Benito Juárez,6200240535,Población de 5 años y más hablante de Mazateco,2020,217,Personas
09,Ciudad de México,014,Benito Juárez,6200240536,Tasa de monolingüismo de la población de 5 años y más hablante de Tlapaneco,2020,0,Porcentaje
09,Ciudad de México,014,Benito Juárez,6200240537,Tasa de monolingüismo de la población de 5 años y más hablante de Tzeltal (Tseltal),2020,0,Porcentaje
09,Ciudad de México,014,Benito Juárez,6200240538,Población de 5 años y más hablante del Resto de lenguas,2020,201,Personas
09,Ciudad de México,014,Benito Juárez,6200240539,Tasa de monolingüismo de la población de 5 años y más hablante de Lenguas chinantecas,2020,0,Porcentaje
09,Ciudad de México,014,Benito Juárez,6200240540,Porcentaje de la población con discapacidad por enfermedad,2020,36.8312757201646,Porcentaje
09,Ciudad de México,014,Benito Juárez,6200240548,Porcentaje de mujeres de 25 a 29 años,2020,4.45296753164484,Porcentaje
09,Ciudad de México,014,Benito Juárez,6200240549,Porcentaje de mujeres de 30 a 34 años,2020,5.36217361758981,Porcentaje
09,Ciudad de México,014,Benito Juárez,6205370864,Porcentaje de población que se considera afrodescendiente,2020,2.83886095454828,Porcentaje
09,Ciudad de México,014,Benito Juárez,6207019007,Porcentaje de la población de 12 años y más viuda,2020,5.4099398302435,Porcentaje
09,Ciudad de México,014,Benito Juárez,6207019009,Porcentaje de la población de 12 años y más casada,2020,31.2387038717599,Porcentaje
09,Ciudad de México,014,Benito Juárez,6207019010,Porcentaje de población de 25 años y más alfabeta,2020,99.4226529040028,Porcentaje
09,Ciudad de México,014,Benito Juárez,6207019011,Porcentaje de la población de 12 años y más soltera,2020,41.0699896031135,Porcentaje
09,Ciudad de México,014,Benito Juárez,6207019012,Porcentaje de la población de 12 años y más separada,2020,3.44266587355454,Porcentaje
09,Ciudad de México,014,Benito Juárez,6207019016,Porcentaje de la población de 12 años y más divorciada,2020,5.00321566294768,Porcentaje
09,Ciudad de México,014,Benito Juárez,6207019017,Porcentaje de población afiliada a otra institución,2020,1.12483439216513,Porcentaje
09,Ciudad de México,014,Benito Juárez,6207019018,Porcentaje de población afiliada a servicios de salud,2020,79.7992873480086,Porcentaje
09,Ciudad de México,014,Benito Juárez,6207019019,Porcentaje de la población de 12 años y más en unión libre,2020,13.7378713582299,Porcentaje
09,Ciudad de México,014,Benito Juárez,6207019020,Porcentaje de población de 15 años y más sin escolaridad,2020,0.50147307716417,Porcentaje
09,Ciudad de México,014,Benito Juárez,6207019022,Porcentaje de viviendas particulares habitadas propias,2020,49.2325019008798,Porcentaje
09,Ciudad de México,014,Benito Juárez,6207019023,Porcentaje de hijos fallecidos de las mujeres de 15 a 49 años,2020,3.17150690911075,Porcentaje
09,Ciudad de México,014,Benito Juárez,6207019024,Porcentaje de la población de 3 a 5 años que asiste a la escuela,2020,83.9269489369435,Porcentaje
09,Ciudad de México,014,Benito Juárez,6207019026,Porcentaje de la población de 6 a 11 años que asiste a la escuela,2020,94.2116355437926,Porcentaje
09,Ciudad de México,014,Benito Juárez,6207019028,Porcentaje de la población de 12 a 14 años que asiste a la escuela,2020,93.5901093675701,Porcentaje
09,Ciudad de México,014,Benito Juárez,6207019029,Porcentaje de la población de 15 a 24 años que asiste a la escuela,2020,68.4535287311994,Porcentaje
09,Ciudad de México,014,Benito Juárez,6207019030,Porcentaje de población de 12 años y más económicamente activa,2020,70.3935310521192,Porcentaje
09,Ciudad de México,014,Benito Juárez,6207019031,Porcentaje de población de 15 años y más con escolaridad básica,2020,11.7611107628659,Porcentaje
09,Ciudad de México,014,Benito Juárez,6207019034,Porcentaje de población de 3 años y más hablante de lengua indígena,2020,0.833341180237102,Porcentaje
09,Ciudad de México,014,Benito Juárez,6207019035,Porcentaje de la población de 12 años y más No Económicamente Activa,2020,29.4025984590238,Porcentaje
09,Ciudad de México,014,Benito Juárez,6207019036,Promedio de hijos nacidos vivos de las mujeres de 15 a 49 años EI2015,2020,0.594630545867467,Promedio
09,Ciudad de México,014,Benito Juárez,6207019039,Porcentaje de la población de 12 años y más económicamente activa ocupada,2020,97.9513865065236,Porcentaje
09,Ciudad de México,014,Benito Juárez,6207019040,Porcentaje de la población femenina de 12 años y más económicamente activa,2020,48.8662749757149,Porcentaje
09,Ciudad de México,014,Benito Juárez,6207019042,Porcentaje de viviendas particulares habitadas que disponen de Internet,2020,92.0048906707612,Porcentaje
09,Ciudad de México,014,Benito Juárez,6207019043,Porcentaje de la población masculina de 12 años y más económicamente activa,2020,51.1337250242851,Porcentaje
09,Ciudad de México,014,Benito Juárez,6207019046,Porcentaje de viviendas particulares habitadas que disponen de computadora,2020,85.1255366942478,Porcentaje
09,Ciudad de México,014,Benito Juárez,6207019047,Porcentaje de la población de 12 años y más no económicamente activa que estudia,2020,34.0246917849671,Porcentaje
09,Ciudad de México,014,Benito Juárez,6207019050,Porcentaje de viviendas particulares habitadas que disponen de teléfono fijo,2020,80.3912536608945,Porcentaje
09,Ciudad de México,014,Benito Juárez,6207019051,Porcentaje de la población de 12 años y más sin especificar su situación conyugal,2020,0.0976138001509963,Porcentaje
09,Ciudad de México,014,Benito Juárez,6207019054,Porcentaje de la población femenina de 12 años y más económicamente activa ocupada,2020,98.0653266331658,Porcentaje
09,Ciudad de México,014,Benito Juárez,6207019055,Porcentaje de viviendas particulares habitadas que disponen de teléfono celular,2020,96.88077568313,Porcentaje
09,Ciudad de México,014,Benito Juárez,6207019056,Porcentaje de la población masculina de 12 años y más económicamente activa ocupada,2020,97.842498887704,Porcentaje
09,Ciudad de México,014,Benito Juárez,6207019057,Porcentaje de viviendas particulares habitadas que disponen de televisión de paga,2020,69.7250419403452,Porcentaje
09,Ciudad de México,014,Benito Juárez,6207019058,Porcentaje de población de 3 años y más hablante de lengua indígena que no habla español,2020,0.254237288135593,Porcentaje
09,Ciudad de México,014,Benito Juárez,6207019059,Porcentaje de población de 12 años con condición de actividad económica no especificada,2020,0.203870488857029,Porcentaje
09,Ciudad de México,014,Benito Juárez,6207019060,Porcentaje de la población de 12 años y más no económicamente activa que es pensionada o jubilada,2020,29.471927792091,Porcentaje
09,Ciudad de México,014,Benito Juárez,6207019063,Porcentaje de superficie en el ámbito geográfico de referencia respecto a la unidad geográfica superior,2020,1.78685428751903,Porcentaje
09,Ciudad de México,014,Benito Juárez,6207019064,Porcentaje de la población de 12 años y más no económicamente activa que se dedica a los quehaceres del hogar,2020,24.6528798436879,Porcentaje
09,Ciudad de México,014,Benito Juárez,6207019065,Porcentaje de la población de 12 años y más no económicamente activa que realiza otras actividades no económicas,2020,9.89486971106462,Porcentaje
09,Ciudad de México,014,Benito Juárez,6207019070,Porcentaje de la población de 12 años y más no económicamente activa con alguna limitación física o mental que les impide trabajar,2020,1.95563086818944,Porcentaje
09,Ciudad de México,014,Benito Juárez,6207020032,Porcentaje de hombres,2020,46.5552466526777,Porcentaje
09,Ciudad de México,014,Benito Juárez,6207020033,Porcentaje de mujeres,2020,53.4447533473223,Porcentaje
09,Ciudad de México,014,Benito Juárez,6207020035,Promedio de ocupantes por cuarto (Índice de hacinamiento),2020,0.564818340628496,Promedio
09,Ciudad de México,014,Benito Juárez,6207049066,Población de 6 a 14 años que sabe leer y escribir,2020,29427,Porcentaje
09,Ciudad de México,014,Benito Juárez,6207049067,Población de 6 a 14 años que no sabe leer y escribir,2020,1277,Porcentaje
09,Ciudad de México,014,Benito Juárez,6207049068,Porcentaje de la población de 3 años y más que asiste a la escuela,2020,20.7499599807908,Porcentaje
09,Ciudad de México,014,Benito Juárez,6207049069,Porcentaje de la población de 3 años y más que no asiste a la escuela,2020,79.1471671108014,Porcentaje
09,Ciudad de México,014,Benito Juárez,6207049070,Población de 6 a 14 años que no especificó si sabe o no leer y escribir,2020,214,Porcentaje
09,Ciudad de México,014,Benito Juárez,6207049071,Porcentaje de la población de 3 años y más que no especificó si asiste o no a la escuela,2020,0.1028729084078,Porcentaje
09,Ciudad de México,014,Benito Juárez,6207051593,Porcentaje de población de 6 a 14 años que no asiste a la escuela,2020,5.922117,Porcentaje
09,Ciudad de México,014,Benito Juárez,6207068394,Porcentaje de viviendas con agua entubada dentro de la vivienda,2020,99.3590946572265,Porcentaje
09,Ciudad de México,014,Benito Juárez,6207129629,Porcentaje de la población nacional/estatal que representa,2020,4.7139591728245,Porcentaje
09,Ciudad de México,014,Benito Juárez,6207129630,Promedio de ocupantes por dormitorio,2020,1.24602132161693,Promedio
09,Ciudad de México,014,Benito Juárez,6207129631,Porcentaje de viviendas particulares habitadas que disponen de tinaco,2020,91.3981062867867,Porcentaje
09,Ciudad de México,014,Benito Juárez,6207129632,Porcentaje de viviendas particulares habitadas que disponen de cisterna o aljibe,2020,90.3079416531605,Porcentaje
09,Ciudad de México,014,Benito Juárez,6207129635,Porcentaje de viviendas particulares habitadas que disponen de Automóvil o camioneta,2020,67.0937473343001,Porcentaje
09,Ciudad de México,014,Benito Juárez,6207129636,Porcentaje de viviendas particulares habitadas que disponen de motocicleta o motoneta,2020,7.5947567459979,Porcentaje
09,Ciudad de México,014,Benito Juárez,6207129637,Porcentaje de viviendas particulares habitadas que disponen de bicicleta como medio de transporte,2020,20.9081861866985,Porcentaje
09,Ciudad de México,014,Benito Juárez,6207129638,Porcentaje de la población con algún tipo de  discapacidad,2020,4.19575587408126,Porcentaje
09,Ciudad de México,014,Benito Juárez,6207129639,Porcentaje de la población entre 0 y 17 años con algún tipo de  discapacidad,2020,1.53474125423182,Porcentaje
09,Ciudad de México,014,Benito Juárez,6207129640,Porcentaje de la población entre 18 y 29 años con algún tipo de  discapacidad,2020,1.36230115369879,Porcentaje
09,Ciudad de México,014,Benito Juárez,6207129641,Porcentaje de la población entre 30 y 59 años con algún tipo de  discapacidad,2020,1.99186081242533,Porcentaje
09,Ciudad de México,014,Benito Juárez,6207129642,Porcentaje de la población de 60 años y más con algún tipo de  discapacidad,2020,13.7799963363253,Porcentaje
09,Ciudad de México,014,Benito Juárez,6207129643,Porcentaje de la población de 5 y más años migrante según causa: Trabajo,2020,32.6444315238649,Porcentaje
09,Ciudad de México,014,Benito Juárez,6207129644,Porcentaje de la población de 5 y más años migrante según causa: Familiar,2020,29.0012685659919,Porcentaje
09,Ciudad de México,014,Benito Juárez,6207129645,Porcentaje de la población de 5 y más años migrante según causa: Educativa,2020,8.76103388128337,Porcentaje
09,Ciudad de México,014,Benito Juárez,6207129646,Porcentaje de la población de 5 y más años migrante según causa: Inseguridad delictiva o violencia,2020,5.00554997621439,Porcentaje
09,Ciudad de México,014,Benito Juárez,6207129647,Porcentaje de la población de 5 y más años migrante según causa: Otra causa,2020,21.6924784608066,Porcentaje
09,Ciudad de México,014,Benito Juárez,6207129648,Promedio de hijos nacidos vivos por grupo de edad: 15-19,2020,0.0118185689948893,Promedio
09,Ciudad de México,014,Benito Juárez,6207129649,Promedio de hijos nacidos vivos por grupo de edad: 20-24,2020,0.100376706953383,Promedio
09,Ciudad de México,014,Benito Juárez,6207129650,Promedio de hijos nacidos vivos por grupo de edad: 25-29,2020,0.201885717246024,Promedio
09,Ciudad de México,014,Benito Juárez,6207129651,Promedio de hijos nacidos vivos por grupo de edad: 30-34,2020,0.397867033628623,Promedio
09,Ciudad de México,014,Benito Juárez,6207129652,Promedio de hijos nacidos vivos por grupo de edad: 35-39,2020,0.754676324958738,Promedio
09,Ciudad de México,014,Benito Juárez,6207129653,Promedio de hijos nacidos vivos por grupo de edad: 40-44,2020,1.06442212624239,Promedio
09,Ciudad de México,014,Benito Juárez,6207129654,Promedio de hijos nacidos vivos por grupo de edad: 45-49,2020,1.24399544678429,Promedio
09,Ciudad de México,014,Benito Juárez,6207129812,Porcentaje de viviendas particulares habitadas que disponen de refrigerador,2020,98.7210327276863,Porcentaje
09,Ciudad de México,014,Benito Juárez,6207129813,Porcentaje de viviendas particulares habitadas que disponen de lavadora,2020,89.5783218175097,Porcentaje
09,Ciudad de México,014,Benito Juárez,6207129818,Porcentaje de la población derechohabiente en Instituto de Salud para el Bienestar (IMSS-PROSPERA o IMSS-BIENESTAR),2020,0.268724870183662,Porcentaje
09,Ciudad de México,014,Benito Juárez,6207129822,Ubicación geográfica con la mayor cantidad de pobladores. Primer lugar,2020,90140001,No aplica
09,Ciudad de México,014,Benito Juárez,6207129825,Población de la ubicación geográfica con la mayor cantidad de pobladores. Primer lugar,2020,434153,Personas
09,Ciudad de México,014,Benito Juárez,6207129828,Lengua indígena más frecuente. Descripción. Primer lugar,2020,211,No aplica
09,Ciudad de México,014,Benito Juárez,6207129830,Lengua indígena más frecuente. Porcentaje. Primer lugar,2020,34.7393087287639,Porcentaje
09,Ciudad de México,014,Benito Juárez,6207129840,Total de áreas geográficas,2020,1,Municipios
09,Ciudad de México,015,Cuauhtémoc,1001000001,Superficie continental,2020,32.52483426,Kilómetros cuadrados
09,Ciudad de México,015,Cuauhtémoc,1002000001,Población total,2020,545884,Personas
09,Ciudad de México,015,Cuauhtémoc,1002000002,Población total hombres,2020,260951,Personas
09,Ciudad de México,015,Cuauhtémoc,1002000003,Población total mujeres,2020,284933,Personas
09,Ciudad de México,015,Cuauhtémoc,1002000004,Porcentaje de población de 15 a 29 años,2020,22.0326189315853,Porcentaje
09,Ciudad de México,015,Cuauhtémoc,1002000005,Porcentaje de hombres de 15 a 29 años,2020,23.0826718993726,Porcentaje
09,Ciudad de México,015,Cuauhtémoc,1002000006,Porcentaje de mujeres de 15 a 29 años,2020,21.0709208655821,Porcentaje
09,Ciudad de México,015,Cuauhtémoc,1002000007,Porcentaje de población de 60 y más años,2020,17.1868644859642,Porcentaje
09,Ciudad de México,015,Cuauhtémoc,1002000008,Porcentaje de hombres de 60 y más años,2020,14.8177814910912,Porcentaje
09,Ciudad de México,015,Cuauhtémoc,1002000009,Porcentaje de mujeres de 60 y más años,2020,19.356605065024,Porcentaje
09,Ciudad de México,015,Cuauhtémoc,1002000010,Edad mediana,2020,36,Años
09,Ciudad de México,015,Cuauhtémoc,1002000011,Edad mediana hombres,2020,35,Años
09,Ciudad de México,015,Cuauhtémoc,1002000012,Edad mediana mujeres,2020,37,Años
09,Ciudad de México,015,Cuauhtémoc,1002000013,Promedio de hijos nacidos vivos de las mujeres de 12 años y más,2020,1.39786754005797,Promedio
09,Ciudad de México,015,Cuauhtémoc,1002000014,Población en hogares censales,2020,540976,Personas
09,Ciudad de México,015,Cuauhtémoc,1002000015,Población en hogares familiares,2020,474955,Personas
09,Ciudad de México,015,Cuauhtémoc,1002000016,Población en hogares no familiares,2020,65958,Personas
09,Ciudad de México,015,Cuauhtémoc,1002000018,Hogares censales,2020,196466,Hogares
09,Ciudad de México,015,Cuauhtémoc,1002000019,Hogares con jefatura masculina,2020,107745,Hogares
09,Ciudad de México,015,Cuauhtémoc,1002000020,Hogares con jefatura femenina,2020,88721,Hogares
09,Ciudad de México,015,Cuauhtémoc,1002000021,Tamaño promedio de los hogares censales,2020,2.75353496279254,Personas
09,Ciudad de México,015,Cuauhtémoc,1002000022,Tamaño promedio de los hogares con jefe hombre,2020,2.79727133509676,Personas
09,Ciudad de México,015,Cuauhtémoc,1002000023,Tamaño promedio de los hogares con jefe mujer,2020,2.70042041906651,Personas
09,Ciudad de México,015,Cuauhtémoc,1002000024,Relación hombres-mujeres,2020,91.5832844914419,Hombres por cada 100 mujeres
09,Ciudad de México,015,Cuauhtémoc,1002000041,Porcentaje de personas de 15 años y más alfabetas,2020,98.7753839631966,Porcentaje
09,Ciudad de México,015,Cuauhtémoc,1002000050,Tasa de alfabetización de las personas de 15 a 24 años,2020,99.1981394552485,Tasa
09,Ciudad de México,015,Cuauhtémoc,1002000055,Población de edad no especificada,2020,66,Personas
09,Ciudad de México,015,Cuauhtémoc,1002000056,Población de edad no especificada. Hombres,2020,28,Personas
09,Ciudad de México,015,Cuauhtémoc,1002000057,Población de edad no especificada. Mujeres,2020,38,Personas
09,Ciudad de México,015,Cuauhtémoc,1002000058,Población de 0 a 4 años,2020,26032,Personas
09,Ciudad de México,015,Cuauhtémoc,1002000059,Población de 0 a 4 años. Hombres,2020,13027,Personas
09,Ciudad de México,015,Cuauhtémoc,1002000060,Población de 0 a 4 años. Mujeres,2020,13005,Personas
09,Ciudad de México,015,Cuauhtémoc,1002000061,Población de 10 a 14 años,2020,29907,Personas
09,Ciudad de México,015,Cuauhtémoc,1002000062,Población de 10 a 14 años. Hombres,2020,15217,Personas
09,Ciudad de México,015,Cuauhtémoc,1002000063,Población de 10 a 14 años. Mujeres,2020,14690,Personas
09,Ciudad de México,015,Cuauhtémoc,1002000064,Población de 100 años y más,2020,87,Personas
09,Ciudad de México,015,Cuauhtémoc,1002000065,Población de 100 años y más. Hombres,2020,17,Personas
09,Ciudad de México,015,Cuauhtémoc,1002000066,Población de 100 años y más. Mujeres,2020,70,Personas
09,Ciudad de México,015,Cuauhtémoc,1002000067,Población de 15 a 19 años,2020,31790,Personas
09,Ciudad de México,015,Cuauhtémoc,1002000068,Población de 15 a 19 años. Hombres,2020,16162,Personas
09,Ciudad de México,015,Cuauhtémoc,1002000069,Población de 15 a 19 años. Mujeres,2020,15628,Personas
09,Ciudad de México,015,Cuauhtémoc,1002000070,Población de 20 a 24 años,2020,38297,Personas
09,Ciudad de México,015,Cuauhtémoc,1002000071,Población de 20 a 24 años. Hombres,2020,19045,Personas
09,Ciudad de México,015,Cuauhtémoc,1002000072,Población de 20 a 24 años. Mujeres,2020,19252,Personas
09,Ciudad de México,015,Cuauhtémoc,1002000073,Población de 25 a 29 años,2020,50171,Personas
09,Ciudad de México,015,Cuauhtémoc,1002000074,Población de 25 a 29 años. Hombres,2020,25021,Personas
09,Ciudad de México,015,Cuauhtémoc,1002000075,Población de 25 a 29 años. Mujeres,2020,25150,Personas
09,Ciudad de México,015,Cuauhtémoc,1002000076,Población de 30 a 34 años,2020,53817,Personas
09,Ciudad de México,015,Cuauhtémoc,1002000077,Población de 30 a 34 años. Hombres,2020,27072,Personas
09,Ciudad de México,015,Cuauhtémoc,1002000078,Población de 30 a 34 años. Mujeres,2020,26745,Personas
09,Ciudad de México,015,Cuauhtémoc,1002000079,Población de 35 a 39 años,2020,47893,Personas
09,Ciudad de México,015,Cuauhtémoc,1002000080,Población de 35 a 39 años. Hombres,2020,23744,Personas
09,Ciudad de México,015,Cuauhtémoc,1002000081,Población de 35 a 39 años. Mujeres,2020,24149,Personas
09,Ciudad de México,015,Cuauhtémoc,1002000082,Población de 40 a 44 años,2020,40991,Personas
09,Ciudad de México,015,Cuauhtémoc,1002000083,Población de 40 a 44 años. Hombres,2020,19976,Personas
09,Ciudad de México,015,Cuauhtémoc,1002000084,Población de 40 a 44 años. Mujeres,2020,21015,Personas
09,Ciudad de México,015,Cuauhtémoc,1002000085,Población de 45 a 49 años,2020,38772,Personas
09,Ciudad de México,015,Cuauhtémoc,1002000086,Población de 45 a 49 años. Hombres,2020,18634,Personas
09,Ciudad de México,015,Cuauhtémoc,1002000087,Población de 45 a 49 años. Mujeres,2020,20138,Personas
09,Ciudad de México,015,Cuauhtémoc,1002000088,Población de 5 a 9 años,2020,27530,Personas
09,Ciudad de México,015,Cuauhtémoc,1002000089,Población de 5 a 9 años. Hombres,2020,13971,Personas
09,Ciudad de México,015,Cuauhtémoc,1002000090,Población de 5 a 9 años. Mujeres,2020,13559,Personas
09,Ciudad de México,015,Cuauhtémoc,1002000091,Población de 50 a 54 años,2020,35732,Personas
09,Ciudad de México,015,Cuauhtémoc,1002000092,Población de 50 a 54 años. Hombres,2020,16398,Personas
09,Ciudad de México,015,Cuauhtémoc,1002000093,Población de 50 a 54 años. Mujeres,2020,19334,Personas
09,Ciudad de México,015,Cuauhtémoc,1002000094,Población de 55 a 59 años,2020,31077,Personas
09,Ciudad de México,015,Cuauhtémoc,1002000095,Población de 55 a 59 años. Hombres,2020,13993,Número de personas
09,Ciudad de México,015,Cuauhtémoc,1002000096,Población de 55 a 59 años. Mujeres,2020,17084,Número de personas
09,Ciudad de México,015,Cuauhtémoc,1002000097,Población de 60 a 64 años,2020,29518,Personas
09,Ciudad de México,015,Cuauhtémoc,1002000098,Población de 60 a 64 años. Hombres,2020,12776,Número de personas
09,Ciudad de México,015,Cuauhtémoc,1002000099,Población de 60 a 64 años. Mujeres,2020,16742,Número de personas
09,Ciudad de México,015,Cuauhtémoc,1002000100,Población de 65 a 69 años,2020,22337,Personas
09,Ciudad de México,015,Cuauhtémoc,1002000101,Población de 65 a 69 años. Hombres,2020,9666,Número de personas
09,Ciudad de México,015,Cuauhtémoc,1002000102,Población de 65 a 69 años. Mujeres,2020,12671,Número de personas
09,Ciudad de México,015,Cuauhtémoc,1002000103,Población de 70 a 74 años,2020,16920,Personas
09,Ciudad de México,015,Cuauhtémoc,1002000104,Población de 70 a 74 años. Hombres,2020,7036,Número de personas
09,Ciudad de México,015,Cuauhtémoc,1002000105,Población de 70 a 74 años. Mujeres,2020,9884,Número de personas
09,Ciudad de México,015,Cuauhtémoc,1002000106,Población de 75 a 79 años,2020,10819,Personas
09,Ciudad de México,015,Cuauhtémoc,1002000107,Población de 75 a 79 años. Hombres,2020,4341,Número de personas
09,Ciudad de México,015,Cuauhtémoc,1002000108,Población de 75 a 79 años. Mujeres,2020,6478,Número de personas
09,Ciudad de México,015,Cuauhtémoc,1002000109,Población de 80 a 84 años,2020,7568,Personas
09,Ciudad de México,015,Cuauhtémoc,1002000110,Población de 80 a 84 años. Hombres,2020,2705,Número de personas
09,Ciudad de México,015,Cuauhtémoc,1002000111,Población de 80 a 84 años. Mujeres,2020,4863,Número de personas
09,Ciudad de México,015,Cuauhtémoc,1002000112,Población de 85 a 89 años,2020,4157,Personas
09,Ciudad de México,015,Cuauhtémoc,1002000113,Población de 85 a 89 años. Hombres,2020,1400,Número de personas
09,Ciudad de México,015,Cuauhtémoc,1002000114,Población de 85 a 89 años. Mujeres,2020,2757,Número de personas
09,Ciudad de México,015,Cuauhtémoc,1002000115,Población de 90 a 94 años,2020,1857,Personas
09,Ciudad de México,015,Cuauhtémoc,1002000116,Población de 90 a 94 años. Hombres,2020,572,Número de personas
09,Ciudad de México,015,Cuauhtémoc,1002000117,Población de 90 a 94 años. Mujeres,2020,1285,Número de personas
09,Ciudad de México,015,Cuauhtémoc,1002000118,Población de 95 a 99 años,2020,546,Personas
09,Ciudad de México,015,Cuauhtémoc,1002000119,Población de 95 a 99 años. Hombres,2020,150,Número de personas
09,Ciudad de México,015,Cuauhtémoc,1002000120,Población de 95 a 99 años. Mujeres,2020,396,Número de personas
09,Ciudad de México,015,Cuauhtémoc,1002000127,Relación de dependencia,2020,37.1202186616021,Personas dependientes por cada 100 personas en edad de trabajar
09,Ciudad de México,015,Cuauhtémoc,1003000001,Total de viviendas particulares habitadas,2020,196466,Viviendas
09,Ciudad de México,015,Cuauhtémoc,1003000011,Viviendas particulares habitadas,2020,177730,Número de Viviendas
09,Ciudad de México,015,Cuauhtémoc,1003000015,Promedio de ocupantes en viviendas particulares habitadas,2020,2.75404529091884,Promedio
09,Ciudad de México,015,Cuauhtémoc,1003000017,Viviendas particulares habitadas que disponen de energía eléctrica,2020,195726,Viviendas
09,Ciudad de México,015,Cuauhtémoc,1003000018,Viviendas particulares habitadas que disponen de agua de la red pública en el ámbito de la vivienda,2020,195626,Viviendas
09,Ciudad de México,015,Cuauhtémoc,1003000019,Viviendas particulares habitadas que disponen de drenaje,2020,195673,Viviendas
09,Ciudad de México,015,Cuauhtémoc,1003000020,Viviendas particulares habitadas que disponen de excusado o sanitario,2020,195437,Viviendas
09,Ciudad de México,015,Cuauhtémoc,1003000023,Viviendas particulares habitadas que disponen de lavadora,2020,163848,Viviendas
09,Ciudad de México,015,Cuauhtémoc,1003000024,Viviendas particulares habitadas que disponen de computadora,2020,130963,Viviendas
09,Ciudad de México,015,Cuauhtémoc,1004000001,Población derechohabiente a servicios de salud,2020,391041,Personas
09,Ciudad de México,015,Cuauhtémoc,1005000012,Población de 5 años y más que asiste a la escuela,2020,111340,Personas
09,Ciudad de México,015,Cuauhtémoc,1005000038,Grado promedio de escolaridad de la población de 15 y más años,2020,12.4075866388854,Años de escolaridad
09,Ciudad de México,015,Cuauhtémoc,1005000039,Población de 5 años y más hablante de lengua indígena,2020,9016,Personas
09,Ciudad de México,015,Cuauhtémoc,3104003001,Porcentaje de población inmigrante (migración reciente),2020,5.55196393797615,Porcentaje
09,Ciudad de México,015,Cuauhtémoc,3105001001,Densidad de población,2020,16783.605894384,Habitantes por kilómetro cuadrado
09,Ciudad de México,015,Cuauhtémoc,3105004001,Porcentaje de población en localidades de menos de 2 500 habitantes,2020,0,Porcentaje
09,Ciudad de México,015,Cuauhtémoc,3108001001,Porcentaje de analfabetas total,2020,0.949931761504837,Porcentaje
09,Ciudad de México,015,Cuauhtémoc,3108001002,Porcentaje de analfabetas hombres,2020,0.554620772902683,Porcentaje
09,Ciudad de México,015,Cuauhtémoc,3108001003,Porcentaje de analfabetas mujeres,2020,1.30478860290345,Porcentaje
09,Ciudad de México,015,Cuauhtémoc,3114004001,Porcentaje de viviendas con piso de tierra,2020,0.130715616941969,Porcentaje
09,Ciudad de México,015,Cuauhtémoc,3114006001,Porcentaje de viviendas con electricidad,2020,99.9392376624371,Porcentaje
09,Ciudad de México,015,Cuauhtémoc,6200031290,Porcentaje de viviendas particulares habitadas con disponibilidad de drenaje,2020,99.9121754448671,Porcentaje
09,Ciudad de México,015,Cuauhtémoc,6200031291,Porcentaje de viviendas particulares habitadas con disponibilidad de excusado,2020,99.7916719854987,Porcentaje
09,Ciudad de México,015,Cuauhtémoc,6200108938,Porcentaje de viviendas con techos de materiales resistentes,2020,97.9378890775325,Porcentaje
09,Ciudad de México,015,Cuauhtémoc,6200205238,Población de 8 a 14 años que sabe leer y escribir,2020,40167,Personas
09,Ciudad de México,015,Cuauhtémoc,6200205244,Viviendas que son cuarto de azotea,2020,1568,Viviendas
09,Ciudad de México,015,Cuauhtémoc,6200205245,Viviendas móviles,2020,3,Viviendas
09,Ciudad de México,015,Cuauhtémoc,6200205246,Viviendas que son departamento en edificio o vivienda en vecindad,2020,152290,Viviendas
09,Ciudad de México,015,Cuauhtémoc,6200205247,Viviendas que son refugio,2020,62,Viviendas
09,Ciudad de México,015,Cuauhtémoc,6200205248,Viviendas colectivas,2020,127,Viviendas
09,Ciudad de México,015,Cuauhtémoc,6200205249,Viviendas que son casa independiente o local no construido para habitación,2020,13101,Viviendas
09,Ciudad de México,015,Cuauhtémoc,6200205251,Promedio de hijos nacidos vivos de las mujeres de 12 años y más casada sólo religiosamente,2020,2.20966865833786,Promedio
09,Ciudad de México,015,Cuauhtémoc,6200205252,Población de 5 años y más inmigrante,2020,48667,Personas
09,Ciudad de México,015,Cuauhtémoc,6200205253,Población total sin limitación en la actividad,2020,442238,Personas
09,Ciudad de México,015,Cuauhtémoc,6200205254,Población total que no especificó limitación en la actividad,2020,966,Personas
09,Ciudad de México,015,Cuauhtémoc,6200205255,Porcentaje de la población migrante internacional destino otro país,2020,66.1803713527851,Porcentaje
09,Ciudad de México,015,Cuauhtémoc,6200205256,Población de 5 años y más con religión no especificada,2020,1456,Personas
09,Ciudad de México,015,Cuauhtémoc,6200205257,Población de 5 años y más católica,2020,361462,Personas
09,Ciudad de México,015,Cuauhtémoc,6200205258,Promedio de hijos nacidos vivos de las mujeres de 12 años y más solteras,2020,0.435791539934115,Promedio
09,Ciudad de México,015,Cuauhtémoc,6200205259,Población nacida en otro país residente en México,2020,15535,Personas
09,Ciudad de México,015,Cuauhtémoc,6200205260,Población con limitación en la actividad para escuchar,2020,15394,Personas
09,Ciudad de México,015,Cuauhtémoc,6200205261,Población con limitación en la actividad para hablar o comunicarse,2020,3504,Personas
09,Ciudad de México,015,Cuauhtémoc,6200205263,Población con limitación en la actividad para caminar o moverse,2020,22239,Personas
09,Ciudad de México,015,Cuauhtémoc,6200205264,Porcentaje de la población migrante internacional destino no especificado,2020,6.74182139699381,Porcentaje
09,Ciudad de México,015,Cuauhtémoc,6200205265,Promedio de hijos nacidos vivos de las mujeres de 12 años y más que no especificó estado conyugal,2020,1.55555555555556,Promedio
09,Ciudad de México,015,Cuauhtémoc,6200205266,Promedio de hijos nacidos vivos de las mujeres de 12 años y más casada civil y religiosamente,2020,2.15808653017955,Promedio
09,Ciudad de México,015,Cuauhtémoc,6200205267,Promedio de hijos nacidos vivos de las mujeres de 12 años y más separadas,2020,2.1957810320781,Promedio
09,Ciudad de México,015,Cuauhtémoc,6200205268,Población nacida en otro país residente en México hombres,2020,8138,Personas
09,Ciudad de México,015,Cuauhtémoc,6200205269,Población con limitación en la actividad para atender el cuidado personal,2020,3489,Personas
09,Ciudad de México,015,Cuauhtémoc,6200205270,Población con limitación en la actividad para poner atención o aprender,2020,13415,Personas
09,Ciudad de México,015,Cuauhtémoc,6200205271,Población con limitación en la actividad,2020,68992,Personas
09,Ciudad de México,015,Cuauhtémoc,6200205272,Porcentaje de población nacida en otro país residente en México,2020,2.84584270650907,Porcentaje
09,Ciudad de México,015,Cuauhtémoc,6200205273,Población de 5 años y más con religión distinta de católica,2020,62019,Personas
09,Ciudad de México,015,Cuauhtémoc,6200205274,Porcentaje de población masculina nacida en otro país residente en México,2020,3.11859314583964,Porcentaje
09,Ciudad de México,015,Cuauhtémoc,6200205275,Promedio de hijos nacidos vivos de las mujeres de 12 años y más divorciadas,2020,1.94012155026402,Promedio
09,Ciudad de México,015,Cuauhtémoc,6200205276,Promedio de hijos nacidos vivos de las mujeres de 12 años y más en unión libre,2020,1.45791919749678,Promedio
09,Ciudad de México,015,Cuauhtémoc,6200205277,Población de 5 años y más emigrante,2020,64600,Personas
09,Ciudad de México,015,Cuauhtémoc,6200205279,Promedio de hijos nacidos vivos de las mujeres de 12 años y más casada sólo por lo civil,2020,1.80650602409639,Promedio
09,Ciudad de México,015,Cuauhtémoc,6200205280,Población con limitación en la actividad para ver,2020,44874,Personas
09,Ciudad de México,015,Cuauhtémoc,6200205282,Porcentaje de población femenina nacida en otro país residente en México,2020,2.59604889570531,Porcentaje
09,Ciudad de México,015,Cuauhtémoc,6200205283,Promedio de hijos nacidos vivos de las mujeres de 12 años y más viudas,2020,3.36684229987059,Promedio
09,Ciudad de México,015,Cuauhtémoc,6200205284,Población nacida en otro país residente en México mujeres,2020,7397,Personas
09,Ciudad de México,015,Cuauhtémoc,6200205285,Porcentaje de la población migrante internacional destino Estados Unidos de América,2020,27.077807250221,Porcentaje
09,Ciudad de México,015,Cuauhtémoc,6200205286,Población con limitación en la actividad mental,2020,8925,Personas
09,Ciudad de México,015,Cuauhtémoc,6200205288,Índice de masculinidad de la población nacida en otro país residente en México,2020,110.017574692443,Índice
09,Ciudad de México,015,Cuauhtémoc,6200205289,Población de 5 años y más sin religión,2020,94849,Personas
09,Ciudad de México,015,Cuauhtémoc,6200240300,Porcentaje de hombres de 0 a 4 años,2020,2.38669300023085,Porcentaje
09,Ciudad de México,015,Cuauhtémoc,6200240301,Población católica,2020,378.996,Miles DE personas
09,Ciudad de México,015,Cuauhtémoc,6200240302,Porcentaje de la población de 60 a 84 años con limitación en la actividad,2020,30.026846561575,Porcentaje
09,Ciudad de México,015,Cuauhtémoc,6200240304,Tasa de monolingüismo de la población de 5 años y más hablante de Tojolabal,2020,0,Porcentaje
09,Ciudad de México,015,Cuauhtémoc,6200240305,Porcentaje de la población que profesa la religión católica,2020,69.4279370708795,Porcentaje
09,Ciudad de México,015,Cuauhtémoc,6200240310,Porcentaje de mujeres de 75 a 79 años,2020,1.18684250061376,Porcentaje
09,Ciudad de México,015,Cuauhtémoc,6200240311,Porcentaje de hombres de 10 a 14 años,2020,2.78792564554485,Porcentaje
09,Ciudad de México,015,Cuauhtémoc,6200240312,Porcentaje de mujeres de 5 a 9 años,2020,2.48416138712904,Porcentaje
09,Ciudad de México,015,Cuauhtémoc,6200240314,Porcentaje de la población de 15 años y más con instrucción media superior,2020,26.0640771365354,Porcentaje
09,Ciudad de México,015,Cuauhtémoc,6200240315,Porcentaje de la población con limitación mental,2020,1.67986402982911,Porcentaje
09,Ciudad de México,015,Cuauhtémoc,6200240316,Tasa de monolingüismo de la población de 5 años y más hablante de Maya,2020,0,Porcentaje
09,Ciudad de México,015,Cuauhtémoc,6200240318,Población de 5 años y más hablante de Tzeltal  (Tseltal),2020,425,Personas
09,Ciudad de México,015,Cuauhtémoc,6200240319,Tasa de monolingüismo de la población de 5 años y más hablante de Mazateco,2020,0.88408644400785,Porcentaje
09,Ciudad de México,015,Cuauhtémoc,6200240320,Población de 5 años y más hablante de Lenguas chinantecas,2020,191,Personas
09,Ciudad de México,015,Cuauhtémoc,6200240323,Porcentaje de la población derechohabiente en el Seguro popular,2020,11.4757787546574,Porcentaje
09,Ciudad de México,015,Cuauhtémoc,6200240325,Tasa de monolingüismo de la población de 5 años y más hablante de Náhuatl,2020,0.3610108303249,Porcentaje
09,Ciudad de México,015,Cuauhtémoc,6200240326,Población de 5 años y más hablante de Lenguas zapotecas,2020,871,Personas
09,Ciudad de México,015,Cuauhtémoc,6200240328,Porcentaje de mujeres de 55 a 59 años,2020,3.12998105595638,Porcentaje
09,Ciudad de México,015,Cuauhtémoc,6200240330,Porcentaje de hombres de 75 a 79 años,2020,0.795320051738858,Porcentaje
09,Ciudad de México,015,Cuauhtémoc,6200240331,Población de 5 años y más hablante de Maya,2020,152,Personas
09,Ciudad de México,015,Cuauhtémoc,6200240332,Población de 5 años y más hablante de Otomí,2020,1102,Personas
09,Ciudad de México,015,Cuauhtémoc,6200240334,Población de 5 años y más hablante de Tojolabal,2020,12,Personas
09,Ciudad de México,015,Cuauhtémoc,6200240341,Porcentaje de mujeres de 40 a 44 años,2020,3.85018449373234,Porcentaje
09,Ciudad de México,015,Cuauhtémoc,6200240342,Porcentaje de mujeres de 70 a 74 años,2020,1.8108600302665,Porcentaje
09,Ciudad de México,015,Cuauhtémoc,6200240343,Porcentaje de hombres de 15 a 19 años,2020,2.96106028016665,Porcentaje
09,Ciudad de México,015,Cuauhtémoc,6200240344,Porcentaje de mujeres de 85 años y más,2020,0.825916331084721,Porcentaje
09,Ciudad de México,015,Cuauhtémoc,6200240345,Población de 5 años y más hablante de Mixe,2020,223,Personas
09,Ciudad de México,015,Cuauhtémoc,6200240354,Porcentaje de mujeres de 10 a 14 años,2020,2.6913733149145,Porcentaje
09,Ciudad de México,015,Cuauhtémoc,6200240356,Porcentaje de mujeres de 20 a 24 años,2020,3.52718305369189,Porcentaje
09,Ciudad de México,015,Cuauhtémoc,6200240357,Porcentaje de hombres de 35 a 39 años,2020,4.35016800471952,Porcentaje
09,Ciudad de México,015,Cuauhtémoc,6200240358,Porcentaje de la población de 0 a 14 años con limitación en la actividad,2020,4.56456888186033,Porcentaje
09,Ciudad de México,015,Cuauhtémoc,6200240361,Población de 5 años y más hablante de Mazahua,2020,933,Personas
09,Ciudad de México,015,Cuauhtémoc,6200240364,Tasa de monolingüismo de la población de 5 años y más hablante de Chatino,2020,0,Porcentaje
09,Ciudad de México,015,Cuauhtémoc,6200240365,Porcentaje de la población de 15 años y más con instrucción superior,2020,44.3971977878183,Porcentaje
09,Ciudad de México,015,Cuauhtémoc,6200240366,Tasa de monolingüismo de la población de 5 años y más hablante de Lenguas mixtecas,2020,0.6269592476489,Porcentaje
09,Ciudad de México,015,Cuauhtémoc,6200240367,Porcentaje de la población con limitación para hablar o comunicarse,2020,4.79746153734189,Porcentaje
09,Ciudad de México,015,Cuauhtémoc,6200240368,Porcentaje de la población de 15 años y más con instrucción no especificada,2020,0.245701839952071,Porcentaje
09,Ciudad de México,015,Cuauhtémoc,6200240377,Porcentaje de mujeres de 45 a 49 años,2020,3.68950822435317,Porcentaje
09,Ciudad de México,015,Cuauhtémoc,6200240378,Porcentaje de mujeres de 0 a 4 años,2020,2.38266235265235,Porcentaje
09,Ciudad de México,015,Cuauhtémoc,6200240379,Porcentaje de mujeres de 80 a 84 años,2020,0.890956326101374,Porcentaje
09,Ciudad de México,015,Cuauhtémoc,6200240381,Tasa de monolingüismo de la población de 5 años y más hablante de Tzotzil (Tsotsil),2020,0,Porcentaje
09,Ciudad de México,015,Cuauhtémoc,6200240384,Porcentaje de mujeres de 15 a 19 años,2020,2.86322547076132,Porcentaje
09,Ciudad de México,015,Cuauhtémoc,6200240386,Población de 5 años y más hablante de Lenguas mixtecas,2020,638,Personas
09,Ciudad de México,015,Cuauhtémoc,6200240388,Porcentaje de hombres de 65 a 69 años,2020,1.77091997698867,Porcentaje
09,Ciudad de México,015,Cuauhtémoc,6200240389,Tasa de crecimiento promedio anual de las viviendas particulares habitadas,2020,1.26396694952717,Tasa
09,Ciudad de México,015,Cuauhtémoc,6200240390,Porcentaje de la población con discapacidad por accidente,2020,12.2550916317844,Porcentaje
09,Ciudad de México,015,Cuauhtémoc,6200240395,"Viviendas, de cada cien que cuentan con electricidad, agua y drenaje",2020,99.7988204958003,Porcentaje
09,Ciudad de México,015,Cuauhtémoc,6200240396,Porcentaje de la población de 30 a 59 años con limitación en la actividad,2020,11.453508510484,Porcentaje
09,Ciudad de México,015,Cuauhtémoc,6200240397,Tasa de monolingüismo de la población de 5 años y más hablante de Chol (Ch''ol),2020,5,Porcentaje
09,Ciudad de México,015,Cuauhtémoc,6200240398,Tasa de monolingüismo de la población de 5 años y más hablante de Totonaca (Totonaco),2020,0,Porcentaje
09,Ciudad de México,015,Cuauhtémoc,6200240407,Índice de envejecimiento,2020,112.387832608513,Porcentaje
09,Ciudad de México,015,Cuauhtémoc,6200240410,Porcentaje de hombres de 60 a 64 años,2020,2.34070697558527,Porcentaje
09,Ciudad de México,015,Cuauhtémoc,6200240411,Porcentaje de hombres de 85 años y más,2020,0.391888871382036,Porcentaje
09,Ciudad de México,015,Cuauhtémoc,6200240413,Tasa de monolingüismo de la población de 5 años y más hablante de Huasteco,2020,0,Porcentaje
09,Ciudad de México,015,Cuauhtémoc,6200240414,"Porcentaje de la población derechohabiente en PEMEX, SDN o SM",2020,1.04106730496291,Porcentaje
09,Ciudad de México,015,Cuauhtémoc,6200240416,Porcentaje de la población usuaria de servicios de salud en instituciones de servicios médicos privados,2020,8.71622157267397,Porcentaje
09,Ciudad de México,015,Cuauhtémoc,6200240421,Porcentaje de la población derechohabiente en el ISSSTE,2020,18.2750657859406,Porcentaje
09,Ciudad de México,015,Cuauhtémoc,6200240423,Porcentaje de hombres de 40 a 44 años,2020,3.65982800127515,Porcentaje
09,Ciudad de México,015,Cuauhtémoc,6200240424,Tasa de monolingüismo de la población de 5 años y más hablante de Mixe,2020,1.34529147982062,Porcentaje
09,Ciudad de México,015,Cuauhtémoc,6200240425,Porcentaje de hombres de 70 a 74 años,2020,1.28907438010472,Porcentaje
09,Ciudad de México,015,Cuauhtémoc,6200240426,Porcentaje de mujeres de 60 a 64 años,2020,3.06732280723611,Porcentaje
09,Ciudad de México,015,Cuauhtémoc,6200240427,Porcentaje de mujeres de 65 a 69 años,2020,2.32146979396062,Porcentaje
09,Ciudad de México,015,Cuauhtémoc,6200240428,Tasa de monolingüismo de la población de 5 años y más hablante de Otomí,2020,1.27041742286751,Porcentaje
09,Ciudad de México,015,Cuauhtémoc,6200240430,Porcentaje de la población con limitación para caminar y moverse,2020,32.2341720779221,Porcentaje
09,Ciudad de México,015,Cuauhtémoc,6200240431,Población de 5 años y más hablante de Purépecha (Tarasco),2020,109,Personas
09,Ciudad de México,015,Cuauhtémoc,6200240432,Tasa de monolingüismo de la población de 5 años y más hablante de Zoque,2020,0,Porcentaje
09,Ciudad de México,015,Cuauhtémoc,6200240433,Tasa de monolingüismo de la población de 5 años y más hablante de Lenguas zapotecas,2020,0.45924225028702,Porcentaje
09,Ciudad de México,015,Cuauhtémoc,6200240434,Población de 5 años y más hablante de Chatino,2020,3,Personas
09,Ciudad de México,015,Cuauhtémoc,6200240435,Porcentaje de la población con limitación para atender el cuidado personal,2020,5.05710807050093,Porcentaje
09,Ciudad de México,015,Cuauhtémoc,6200240443,Porcentaje de mujeres de 35 a 39 años,2020,4.42436856241458,Porcentaje
09,Ciudad de México,015,Cuauhtémoc,6200240444,Porcentaje de hombres de 55 a 59 años,2020,2.56367507117757,Porcentaje
09,Ciudad de México,015,Cuauhtémoc,6200240445,Porcentaje de hombres de 5 a 9 años,2020,2.55964442359907,Porcentaje
09,Ciudad de México,015,Cuauhtémoc,6200240447,Porcentaje de la población de 15 años y más sin instrucción,2020,1.31437507164501,Porcentaje
09,Ciudad de México,015,Cuauhtémoc,6200240449,Tasa de monolingüismo de la población de 5 años y más hablante de lengua indígena,2020,0.73203194321206,Porcentaje
09,Ciudad de México,015,Cuauhtémoc,6200240450,Porcentaje de la población con limitación para ver,2020,65.0423237476809,Porcentaje
09,Ciudad de México,015,Cuauhtémoc,6200240451,Población de 5 años y más hablante de Tarahumara,2020,15,Personas
09,Ciudad de México,015,Cuauhtémoc,6200240452,Población de 5 años y más hablante de Chol (Ch''ol),2020,20,Personas
09,Ciudad de México,015,Cuauhtémoc,6200240453,Población de 5 años y más hablante de Totonaca (Totonaco),2020,279,Personas
09,Ciudad de México,015,Cuauhtémoc,6200240454,Tasa de monolingüismo de la población de 5 años y más hablante de Mazahua,2020,0.64308681672025,Porcentaje
09,Ciudad de México,015,Cuauhtémoc,6200240458,Porcentaje de la población con discapacidad por edad avanzada,2020,23.7750184670583,Porcentaje
09,Ciudad de México,015,Cuauhtémoc,6200240459,Porcentaje de la población con discapacidad por nacimiento,2020,11.5832424636815,Porcentaje
09,Ciudad de México,015,Cuauhtémoc,6200240466,Población de 5 años y más hablante de Tlapaneco,2020,112,Personas
09,Ciudad de México,015,Cuauhtémoc,6200240471,Porcentaje de la población derechohabiente en el IMSS,2020,62.7724458560611,Porcentaje
09,Ciudad de México,015,Cuauhtémoc,6200240475,Porcentaje de hombres de 80 a 84 años,2020,0.495586440901546,Porcentaje
09,Ciudad de México,015,Cuauhtémoc,6200240477,Porcentaje de la población de 85 y más con limitación en la actividad,2020,31.5931999398225,Porcentaje
09,Ciudad de México,015,Cuauhtémoc,6200240478,Porcentaje de la población con limitación para escuchar,2020,22.3127319109462,Porcentaje
09,Ciudad de México,015,Cuauhtémoc,6200240479,Porcentaje de la población con limitación para poner atención o aprender,2020,19.4442833951762,Porcentaje
09,Ciudad de México,015,Cuauhtémoc,6200240480,Población de 5 años y más hablante de Huasteco,2020,27,Personas
09,Ciudad de México,015,Cuauhtémoc,6200240481,Población de 5 años y más hablante de Tzotzil (Tsotsil),2020,59,Personas
09,Ciudad de México,015,Cuauhtémoc,6200240486,Porcentaje de hombres de 25 a 29 años,2020,4.58412877552591,Porcentaje
09,Ciudad de México,015,Cuauhtémoc,6200240488,Porcentaje de la población de 15 a 29 años con limitación en la actividad,2020,7.0390327462622,Porcentaje
09,Ciudad de México,015,Cuauhtémoc,6200240493,Porcentaje de la población de 5 años y más hablante de lengua indígena,2020,1.73455999199671,Porcentaje
09,Ciudad de México,015,Cuauhtémoc,6200240495,Porcentaje de la población con discapacidad por otra causa,2020,11.8611277216926,Porcentaje
09,Ciudad de México,015,Cuauhtémoc,6200240496,Población de 5 años y más hablante de Náhuatl,2020,2216,Personas
09,Ciudad de México,015,Cuauhtémoc,6200240497,Población no católica,2020,45513,Miles DE personas
09,Ciudad de México,015,Cuauhtémoc,6200240499,Porcentaje de la población que profesa la religión protestante y evangélica,2020,7.37079672604436,Porcentaje
09,Ciudad de México,015,Cuauhtémoc,6200240507,Porcentaje de mujeres de 50 a 54 años,2020,3.54220637648447,Porcentaje
09,Ciudad de México,015,Cuauhtémoc,6200240509,Tasa de monolingüismo de la población de 5 años y más hablante de Tarahumara,2020,0,Porcentaje
09,Ciudad de México,015,Cuauhtémoc,6200240518,Porcentaje de hombres de 30 a 34 años,2020,4.95989505659396,Porcentaje
09,Ciudad de México,015,Cuauhtémoc,6200240520,Porcentaje de hombres de 20 a 24 años,2020,3.48925832420331,Porcentaje
09,Ciudad de México,015,Cuauhtémoc,6200240521,Población de 5 años y más hablante de Zoque,2020,8,Personas
09,Ciudad de México,015,Cuauhtémoc,6200240522,Tasa de monolingüismo de la población de 5 años y más hablante de Purépecha (Tarasco),2020,0,Porcentaje
09,Ciudad de México,015,Cuauhtémoc,6200240532,Porcentaje de hombres de 45 a 49 años,2020,3.41395849898684,Porcentaje
09,Ciudad de México,015,Cuauhtémoc,6200240533,Porcentaje de hombres de 50 a 54 años,2020,3.00429813600871,Porcentaje
09,Ciudad de México,015,Cuauhtémoc,6200240534,Tasa de monolingüismo de la población de 5 años y más hablante de Resto de lenguas,2020,1.65837479270315,Porcentaje
09,Ciudad de México,015,Cuauhtémoc,6200240535,Población de 5 años y más hablante de Mazateco,2020,1018,Personas
09,Ciudad de México,015,Cuauhtémoc,6200240536,Tasa de monolingüismo de la población de 5 años y más hablante de Tlapaneco,2020,0.89285714285714,Porcentaje
09,Ciudad de México,015,Cuauhtémoc,6200240537,Tasa de monolingüismo de la población de 5 años y más hablante de Tzeltal (Tseltal),2020,1.17647058823529,Porcentaje
09,Ciudad de México,015,Cuauhtémoc,6200240538,Población de 5 años y más hablante del Resto de lenguas,2020,603,Personas
09,Ciudad de México,015,Cuauhtémoc,6200240539,Tasa de monolingüismo de la población de 5 años y más hablante de Lenguas chinantecas,2020,0.52356020942408,Porcentaje
09,Ciudad de México,015,Cuauhtémoc,6200240540,Porcentaje de la población con discapacidad por enfermedad,2020,46.5334693446832,Porcentaje
09,Ciudad de México,015,Cuauhtémoc,6200240548,Porcentaje de mujeres de 25 a 29 años,2020,4.60776302723619,Porcentaje
09,Ciudad de México,015,Cuauhtémoc,6200240549,Porcentaje de mujeres de 30 a 34 años,2020,4.89998497667721,Porcentaje
09,Ciudad de México,015,Cuauhtémoc,6205370864,Porcentaje de población que se considera afrodescendiente,2020,2.70753493416184,Porcentaje
09,Ciudad de México,015,Cuauhtémoc,6207019007,Porcentaje de la población de 12 años y más viuda,2020,5.67059553220761,Porcentaje
09,Ciudad de México,015,Cuauhtémoc,6207019009,Porcentaje de la población de 12 años y más casada,2020,24.003405063054,Porcentaje
09,Ciudad de México,015,Cuauhtémoc,6207019010,Porcentaje de población de 25 años y más alfabeta,2020,98.6998485705982,Porcentaje
09,Ciudad de México,015,Cuauhtémoc,6207019011,Porcentaje de la población de 12 años y más soltera,2020,42.5141686838266,Porcentaje
09,Ciudad de México,015,Cuauhtémoc,6207019012,Porcentaje de la población de 12 años y más separada,2020,5.77112398300799,Porcentaje
09,Ciudad de México,015,Cuauhtémoc,6207019016,Porcentaje de la población de 12 años y más divorciada,2020,3.43420173541661,Porcentaje
09,Ciudad de México,015,Cuauhtémoc,6207019017,Porcentaje de población afiliada a otra institución,2020,1.09707166256224,Porcentaje
09,Ciudad de México,015,Cuauhtémoc,6207019018,Porcentaje de población afiliada a servicios de salud,2020,71.6344498098497,Porcentaje
09,Ciudad de México,015,Cuauhtémoc,6207019019,Porcentaje de la población de 12 años y más en unión libre,2020,18.4412470523102,Porcentaje
09,Ciudad de México,015,Cuauhtémoc,6207019020,Porcentaje de población de 15 años y más sin escolaridad,2020,1.22007401335355,Porcentaje
09,Ciudad de México,015,Cuauhtémoc,6207019022,Porcentaje de viviendas particulares habitadas propias,2020,47.5093984962406,Porcentaje
09,Ciudad de México,015,Cuauhtémoc,6207019023,Porcentaje de hijos fallecidos de las mujeres de 15 a 49 años,2020,3.6646014293153,Porcentaje
09,Ciudad de México,015,Cuauhtémoc,6207019024,Porcentaje de la población de 3 a 5 años que asiste a la escuela,2020,74.4580143750365,Porcentaje
09,Ciudad de México,015,Cuauhtémoc,6207019026,Porcentaje de la población de 6 a 11 años que asiste a la escuela,2020,94.4126456893739,Porcentaje
09,Ciudad de México,015,Cuauhtémoc,6207019028,Porcentaje de la población de 12 a 14 años que asiste a la escuela,2020,92.3089664310954,Porcentaje
09,Ciudad de México,015,Cuauhtémoc,6207019029,Porcentaje de la población de 15 a 24 años que asiste a la escuela,2020,55.6123104141995,Porcentaje
09,Ciudad de México,015,Cuauhtémoc,6207019030,Porcentaje de población de 12 años y más económicamente activa,2020,70.2167293495206,Porcentaje
09,Ciudad de México,015,Cuauhtémoc,6207019031,Porcentaje de población de 15 años y más con escolaridad básica,2020,28.0729492223407,Porcentaje
09,Ciudad de México,015,Cuauhtémoc,6207019034,Porcentaje de población de 3 años y más hablante de lengua indígena,2020,1.70565017796207,Porcentaje
09,Ciudad de México,015,Cuauhtémoc,6207019035,Porcentaje de la población de 12 años y más No Económicamente Activa,2020,29.4870967674796,Porcentaje
09,Ciudad de México,015,Cuauhtémoc,6207019036,Promedio de hijos nacidos vivos de las mujeres de 15 a 49 años EI2015,2020,0.872690993144596,Promedio
09,Ciudad de México,015,Cuauhtémoc,6207019039,Porcentaje de la población de 12 años y más económicamente activa ocupada,2020,97.8702529019101,Porcentaje
09,Ciudad de México,015,Cuauhtémoc,6207019040,Porcentaje de la población femenina de 12 años y más económicamente activa,2020,47.170711753477,Porcentaje
09,Ciudad de México,015,Cuauhtémoc,6207019042,Porcentaje de viviendas particulares habitadas que disponen de Internet,2020,80.5136715259517,Porcentaje
09,Ciudad de México,015,Cuauhtémoc,6207019043,Porcentaje de la población masculina de 12 años y más económicamente activa,2020,52.829288246523,Porcentaje
09,Ciudad de México,015,Cuauhtémoc,6207019046,Porcentaje de viviendas particulares habitadas que disponen de computadora,2020,66.8707396155123,Porcentaje
09,Ciudad de México,015,Cuauhtémoc,6207019047,Porcentaje de la población de 12 años y más no económicamente activa que estudia,2020,36.5317560032187,Porcentaje
09,Ciudad de México,015,Cuauhtémoc,6207019050,Porcentaje de viviendas particulares habitadas que disponen de teléfono fijo,2020,70.566519441395,Porcentaje
09,Ciudad de México,015,Cuauhtémoc,6207019051,Porcentaje de la población de 12 años y más sin especificar su situación conyugal,2020,0.165257950177017,Porcentaje
09,Ciudad de México,015,Cuauhtémoc,6207019054,Porcentaje de la población femenina de 12 años y más económicamente activa ocupada,2020,98.1870966525698,Porcentaje
09,Ciudad de México,015,Cuauhtémoc,6207019055,Porcentaje de viviendas particulares habitadas que disponen de teléfono celular,2020,93.7256503867855,Porcentaje
09,Ciudad de México,015,Cuauhtémoc,6207019056,Porcentaje de la población masculina de 12 años y más económicamente activa ocupada,2020,97.5873464738788,Porcentaje
09,Ciudad de México,015,Cuauhtémoc,6207019057,Porcentaje de viviendas particulares habitadas que disponen de televisión de paga,2020,50.0426357578697,Porcentaje
09,Ciudad de México,015,Cuauhtémoc,6207019058,Porcentaje de población de 3 años y más hablante de lengua indígena que no habla español,2020,0.728316045023174,Porcentaje
09,Ciudad de México,015,Cuauhtémoc,6207019059,Porcentaje de población de 12 años con condición de actividad económica no especificada,2020,0.296173882999869,Porcentaje
09,Ciudad de México,015,Cuauhtémoc,6207019060,Porcentaje de la población de 12 años y más no económicamente activa que es pensionada o jubilada,2020,21.8191058345215,Porcentaje
09,Ciudad de México,015,Cuauhtémoc,6207019063,Porcentaje de superficie en el ámbito geográfico de referencia respecto a la unidad geográfica superior,2020,2.17657107067387,Porcentaje
09,Ciudad de México,015,Cuauhtémoc,6207019064,Porcentaje de la población de 12 años y más no económicamente activa que se dedica a los quehaceres del hogar,2020,29.3081299320976,Porcentaje
09,Ciudad de México,015,Cuauhtémoc,6207019065,Porcentaje de la población de 12 años y más no económicamente activa que realiza otras actividades no económicas,2020,9.57197509775965,Porcentaje
09,Ciudad de México,015,Cuauhtémoc,6207019070,Porcentaje de la población de 12 años y más no económicamente activa con alguna limitación física o mental que les impide trabajar,2020,2.76903313240256,Porcentaje
09,Ciudad de México,015,Cuauhtémoc,6207020032,Porcentaje de hombres,2020,47.8033794725619,Porcentaje
09,Ciudad de México,015,Cuauhtémoc,6207020033,Porcentaje de mujeres,2020,52.1966205274381,Porcentaje
09,Ciudad de México,015,Cuauhtémoc,6207020035,Promedio de ocupantes por cuarto (Índice de hacinamiento),2020,0.716940442872623,Promedio
09,Ciudad de México,015,Cuauhtémoc,6207049066,Población de 6 a 14 años que sabe leer y escribir,2020,48106,Porcentaje
09,Ciudad de México,015,Cuauhtémoc,6207049067,Población de 6 a 14 años que no sabe leer y escribir,2020,3344,Porcentaje
09,Ciudad de México,015,Cuauhtémoc,6207049068,Porcentaje de la población de 3 años y más que asiste a la escuela,2020,22.3855763204108,Porcentaje
09,Ciudad de México,015,Cuauhtémoc,6207049069,Porcentaje de la población de 3 años y más que no asiste a la escuela,2020,77.460459671029,Porcentaje
09,Ciudad de México,015,Cuauhtémoc,6207049070,Población de 6 a 14 años que no especificó si sabe o no leer y escribir,2020,381,Porcentaje
09,Ciudad de México,015,Cuauhtémoc,6207049071,Porcentaje de la población de 3 años y más que no especificó si asiste o no a la escuela,2020,0.153964008560248,Porcentaje
09,Ciudad de México,015,Cuauhtémoc,6207051593,Porcentaje de población de 6 a 14 años que no asiste a la escuela,2020,6.197064,Porcentaje
09,Ciudad de México,015,Cuauhtémoc,6207068394,Porcentaje de viviendas con agua entubada dentro de la vivienda,2020,98.2404452500702,Porcentaje
09,Ciudad de México,015,Cuauhtémoc,6207129629,Porcentaje de la población nacional/estatal que representa,2020,5.92711530059249,Porcentaje
09,Ciudad de México,015,Cuauhtémoc,6207129630,Promedio de ocupantes por dormitorio,2020,1.46621224809405,Promedio
09,Ciudad de México,015,Cuauhtémoc,6207129631,Porcentaje de viviendas particulares habitadas que disponen de tinaco,2020,87.1924225790804,Porcentaje
09,Ciudad de México,015,Cuauhtémoc,6207129632,Porcentaje de viviendas particulares habitadas que disponen de cisterna o aljibe,2020,85.2199443437412,Porcentaje
09,Ciudad de México,015,Cuauhtémoc,6207129635,Porcentaje de viviendas particulares habitadas que disponen de Automóvil o camioneta,2020,37.9989277234548,Porcentaje
09,Ciudad de México,015,Cuauhtémoc,6207129636,Porcentaje de viviendas particulares habitadas que disponen de motocicleta o motoneta,2020,7.74592151956905,Porcentaje
09,Ciudad de México,015,Cuauhtémoc,6207129637,Porcentaje de viviendas particulares habitadas que disponen de bicicleta como medio de transporte,2020,24.3830580305854,Porcentaje
09,Ciudad de México,015,Cuauhtémoc,6207129638,Porcentaje de la población con algún tipo de  discapacidad,2020,5.33519941965692,Porcentaje
09,Ciudad de México,015,Cuauhtémoc,6207129639,Porcentaje de la población entre 0 y 17 años con algún tipo de  discapacidad,2020,1.9392105625086,Porcentaje
09,Ciudad de México,015,Cuauhtémoc,6207129640,Porcentaje de la población entre 18 y 29 años con algún tipo de  discapacidad,2020,1.88457123797004,Porcentaje
09,Ciudad de México,015,Cuauhtémoc,6207129641,Porcentaje de la población entre 30 y 59 años con algún tipo de  discapacidad,2020,3.31437639458358,Porcentaje
09,Ciudad de México,015,Cuauhtémoc,6207129642,Porcentaje de la población de 60 años y más con algún tipo de  discapacidad,2020,18.1187306122014,Porcentaje
09,Ciudad de México,015,Cuauhtémoc,6207129643,Porcentaje de la población de 5 y más años migrante según causa: Trabajo,2020,38.118561053876,Porcentaje
09,Ciudad de México,015,Cuauhtémoc,6207129644,Porcentaje de la población de 5 y más años migrante según causa: Familiar,2020,28.4428306029387,Porcentaje
09,Ciudad de México,015,Cuauhtémoc,6207129645,Porcentaje de la población de 5 y más años migrante según causa: Educativa,2020,9.6622192197264,Porcentaje
09,Ciudad de México,015,Cuauhtémoc,6207129646,Porcentaje de la población de 5 y más años migrante según causa: Inseguridad delictiva o violencia,2020,3.34402972470866,Porcentaje
09,Ciudad de México,015,Cuauhtémoc,6207129647,Porcentaje de la población de 5 y más años migrante según causa: Otra causa,2020,17.9243371052187,Porcentaje
09,Ciudad de México,015,Cuauhtémoc,6207129648,Promedio de hijos nacidos vivos por grupo de edad: 15-19,2020,0.0583370728892878,Promedio
09,Ciudad de México,015,Cuauhtémoc,6207129649,Promedio de hijos nacidos vivos por grupo de edad: 20-24,2020,0.309300873907615,Promedio
09,Ciudad de México,015,Cuauhtémoc,6207129650,Promedio de hijos nacidos vivos por grupo de edad: 25-29,2020,0.536727214786488,Promedio
09,Ciudad de México,015,Cuauhtémoc,6207129651,Promedio de hijos nacidos vivos por grupo de edad: 30-34,2020,0.791318677203101,Promedio
09,Ciudad de México,015,Cuauhtémoc,6207129652,Promedio de hijos nacidos vivos por grupo de edad: 35-39,2020,1.13948088564558,Promedio
09,Ciudad de México,015,Cuauhtémoc,6207129653,Promedio de hijos nacidos vivos por grupo de edad: 40-44,2020,1.45556349773648,Promedio
09,Ciudad de México,015,Cuauhtémoc,6207129654,Promedio de hijos nacidos vivos por grupo de edad: 45-49,2020,1.64179920477137,Promedio
09,Ciudad de México,015,Cuauhtémoc,6207129812,Porcentaje de viviendas particulares habitadas que disponen de refrigerador,2020,95.911052107534,Porcentaje
09,Ciudad de México,015,Cuauhtémoc,6207129813,Porcentaje de viviendas particulares habitadas que disponen de lavadora,2020,83.6620797058899,Porcentaje
09,Ciudad de México,015,Cuauhtémoc,6207129818,Porcentaje de la población derechohabiente en Instituto de Salud para el Bienestar (IMSS-PROSPERA o IMSS-BIENESTAR),2020,0.354694264795763,Porcentaje
09,Ciudad de México,015,Cuauhtémoc,6207129822,Ubicación geográfica con la mayor cantidad de pobladores. Primer lugar,2020,90150001,No aplica
09,Ciudad de México,015,Cuauhtémoc,6207129825,Población de la ubicación geográfica con la mayor cantidad de pobladores. Primer lugar,2020,545884,Personas
09,Ciudad de México,015,Cuauhtémoc,6207129828,Lengua indígena más frecuente. Descripción. Primer lugar,2020,211,No aplica
09,Ciudad de México,015,Cuauhtémoc,6207129830,Lengua indígena más frecuente. Porcentaje. Primer lugar,2020,25.1242657026661,Porcentaje
09,Ciudad de México,015,Cuauhtémoc,6207129840,Total de áreas geográficas,2020,1,Municipios
09,Ciudad de México,016,Miguel Hidalgo,1001000001,Superficie continental,2020,46.42459584,Kilómetros cuadrados
09,Ciudad de México,016,Miguel Hidalgo,1002000001,Población total,2020,414470,Personas
09,Ciudad de México,016,Miguel Hidalgo,1002000002,Población total hombres,2020,195467,Personas
09,Ciudad de México,016,Miguel Hidalgo,1002000003,Población total mujeres,2020,219003,Personas
09,Ciudad de México,016,Miguel Hidalgo,1002000004,Porcentaje de población de 15 a 29 años,2020,20.6364553144827,Porcentaje
09,Ciudad de México,016,Miguel Hidalgo,1002000005,Porcentaje de hombres de 15 a 29 años,2020,21.3521726708397,Porcentaje
09,Ciudad de México,016,Miguel Hidalgo,1002000006,Porcentaje de mujeres de 15 a 29 años,2020,19.998703937715,Porcentaje
09,Ciudad de México,016,Miguel Hidalgo,1002000007,Porcentaje de población de 60 y más años,2020,17.4059587217044,Porcentaje
09,Ciudad de México,016,Miguel Hidalgo,1002000008,Porcentaje de hombres de 60 y más años,2020,15.3273940936599,Porcentaje
09,Ciudad de México,016,Miguel Hidalgo,1002000009,Porcentaje de mujeres de 60 y más años,2020,19.2580969176862,Porcentaje
09,Ciudad de México,016,Miguel Hidalgo,1002000010,Edad mediana,2020,37,Años
09,Ciudad de México,016,Miguel Hidalgo,1002000011,Edad mediana hombres,2020,36,Años
09,Ciudad de México,016,Miguel Hidalgo,1002000012,Edad mediana mujeres,2020,38,Años
09,Ciudad de México,016,Miguel Hidalgo,1002000013,Promedio de hijos nacidos vivos de las mujeres de 12 años y más,2020,1.36517447271282,Promedio
09,Ciudad de México,016,Miguel Hidalgo,1002000014,Población en hogares censales,2020,412529,Personas
09,Ciudad de México,016,Miguel Hidalgo,1002000015,Población en hogares familiares,2020,358602,Personas
09,Ciudad de México,016,Miguel Hidalgo,1002000016,Población en hogares no familiares,2020,48475,Personas
09,Ciudad de México,016,Miguel Hidalgo,1002000018,Hogares censales,2020,146762,Hogares
09,Ciudad de México,016,Miguel Hidalgo,1002000019,Hogares con jefatura masculina,2020,86567,Hogares
09,Ciudad de México,016,Miguel Hidalgo,1002000020,Hogares con jefatura femenina,2020,60195,Hogares
09,Ciudad de México,016,Miguel Hidalgo,1002000021,Tamaño promedio de los hogares censales,2020,2.81087066134285,Personas
09,Ciudad de México,016,Miguel Hidalgo,1002000022,Tamaño promedio de los hogares con jefe hombre,2020,2.93838298658842,Personas
09,Ciudad de México,016,Miguel Hidalgo,1002000023,Tamaño promedio de los hogares con jefe mujer,2020,2.62749397790514,Personas
09,Ciudad de México,016,Miguel Hidalgo,1002000024,Relación hombres-mujeres,2020,89.2531152541289,Hombres por cada 100 mujeres
09,Ciudad de México,016,Miguel Hidalgo,1002000041,Porcentaje de personas de 15 años y más alfabetas,2020,98.9776014379466,Porcentaje
09,Ciudad de México,016,Miguel Hidalgo,1002000050,Tasa de alfabetización de las personas de 15 a 24 años,2020,99.3291429952859,Tasa
09,Ciudad de México,016,Miguel Hidalgo,1002000055,Población de edad no especificada,2020,5926,Personas
09,Ciudad de México,016,Miguel Hidalgo,1002000056,Población de edad no especificada. Hombres,2020,2962,Personas
09,Ciudad de México,016,Miguel Hidalgo,1002000057,Población de edad no especificada. Mujeres,2020,2964,Personas
09,Ciudad de México,016,Miguel Hidalgo,1002000058,Población de 0 a 4 años,2020,19979,Personas
09,Ciudad de México,016,Miguel Hidalgo,1002000059,Población de 0 a 4 años. Hombres,2020,10208,Personas
09,Ciudad de México,016,Miguel Hidalgo,1002000060,Población de 0 a 4 años. Mujeres,2020,9771,Personas
09,Ciudad de México,016,Miguel Hidalgo,1002000061,Población de 10 a 14 años,2020,21642,Personas
09,Ciudad de México,016,Miguel Hidalgo,1002000062,Población de 10 a 14 años. Hombres,2020,10998,Personas
09,Ciudad de México,016,Miguel Hidalgo,1002000063,Población de 10 a 14 años. Mujeres,2020,10644,Personas
09,Ciudad de México,016,Miguel Hidalgo,1002000064,Población de 100 años y más,2020,86,Personas
09,Ciudad de México,016,Miguel Hidalgo,1002000065,Población de 100 años y más. Hombres,2020,19,Personas
09,Ciudad de México,016,Miguel Hidalgo,1002000066,Población de 100 años y más. Mujeres,2020,67,Personas
09,Ciudad de México,016,Miguel Hidalgo,1002000067,Población de 15 a 19 años,2020,22594,Personas
09,Ciudad de México,016,Miguel Hidalgo,1002000068,Población de 15 a 19 años. Hombres,2020,11337,Personas
09,Ciudad de México,016,Miguel Hidalgo,1002000069,Población de 15 a 19 años. Mujeres,2020,11257,Personas
09,Ciudad de México,016,Miguel Hidalgo,1002000070,Población de 20 a 24 años,2020,27044,Personas
09,Ciudad de México,016,Miguel Hidalgo,1002000071,Población de 20 a 24 años. Hombres,2020,13256,Personas
09,Ciudad de México,016,Miguel Hidalgo,1002000072,Población de 20 a 24 años. Mujeres,2020,13788,Personas
09,Ciudad de México,016,Miguel Hidalgo,1002000073,Población de 25 a 29 años,2020,34671,Personas
09,Ciudad de México,016,Miguel Hidalgo,1002000074,Población de 25 a 29 años. Hombres,2020,16511,Personas
09,Ciudad de México,016,Miguel Hidalgo,1002000075,Población de 25 a 29 años. Mujeres,2020,18160,Personas
09,Ciudad de México,016,Miguel Hidalgo,1002000076,Población de 30 a 34 años,2020,38603,Personas
09,Ciudad de México,016,Miguel Hidalgo,1002000077,Población de 30 a 34 años. Hombres,2020,18650,Personas
09,Ciudad de México,016,Miguel Hidalgo,1002000078,Población de 30 a 34 años. Mujeres,2020,19953,Personas
09,Ciudad de México,016,Miguel Hidalgo,1002000079,Población de 35 a 39 años,2020,36202,Personas
09,Ciudad de México,016,Miguel Hidalgo,1002000080,Población de 35 a 39 años. Hombres,2020,17544,Personas
09,Ciudad de México,016,Miguel Hidalgo,1002000081,Población de 35 a 39 años. Mujeres,2020,18658,Personas
09,Ciudad de México,016,Miguel Hidalgo,1002000082,Población de 40 a 44 años,2020,33148,Personas
09,Ciudad de México,016,Miguel Hidalgo,1002000083,Población de 40 a 44 años. Hombres,2020,15640,Personas
09,Ciudad de México,016,Miguel Hidalgo,1002000084,Población de 40 a 44 años. Mujeres,2020,17508,Personas
09,Ciudad de México,016,Miguel Hidalgo,1002000085,Población de 45 a 49 años,2020,31242,Personas
09,Ciudad de México,016,Miguel Hidalgo,1002000086,Población de 45 a 49 años. Hombres,2020,14744,Personas
09,Ciudad de México,016,Miguel Hidalgo,1002000087,Población de 45 a 49 años. Mujeres,2020,16498,Personas
09,Ciudad de México,016,Miguel Hidalgo,1002000088,Población de 5 a 9 años,2020,20874,Personas
09,Ciudad de México,016,Miguel Hidalgo,1002000089,Población de 5 a 9 años. Hombres,2020,10517,Personas
09,Ciudad de México,016,Miguel Hidalgo,1002000090,Población de 5 a 9 años. Mujeres,2020,10357,Personas
09,Ciudad de México,016,Miguel Hidalgo,1002000091,Población de 50 a 54 años,2020,27808,Personas
09,Ciudad de México,016,Miguel Hidalgo,1002000092,Población de 50 a 54 años. Hombres,2020,12846,Personas
09,Ciudad de México,016,Miguel Hidalgo,1002000093,Población de 50 a 54 años. Mujeres,2020,14962,Personas
09,Ciudad de México,016,Miguel Hidalgo,1002000094,Población de 55 a 59 años,2020,23626,Personas
09,Ciudad de México,016,Miguel Hidalgo,1002000095,Población de 55 a 59 años. Hombres,2020,10748,Número de personas
09,Ciudad de México,016,Miguel Hidalgo,1002000096,Población de 55 a 59 años. Mujeres,2020,12878,Número de personas
09,Ciudad de México,016,Miguel Hidalgo,1002000097,Población de 60 a 64 años,2020,20928,Personas
09,Ciudad de México,016,Miguel Hidalgo,1002000098,Población de 60 a 64 años. Hombres,2020,9198,Número de personas
09,Ciudad de México,016,Miguel Hidalgo,1002000099,Población de 60 a 64 años. Mujeres,2020,11730,Número de personas
09,Ciudad de México,016,Miguel Hidalgo,1002000100,Población de 65 a 69 años,2020,16325,Personas
09,Ciudad de México,016,Miguel Hidalgo,1002000101,Población de 65 a 69 años. Hombres,2020,7139,Número de personas
09,Ciudad de México,016,Miguel Hidalgo,1002000102,Población de 65 a 69 años. Mujeres,2020,9186,Número de personas
09,Ciudad de México,016,Miguel Hidalgo,1002000103,Población de 70 a 74 años,2020,12683,Personas
09,Ciudad de México,016,Miguel Hidalgo,1002000104,Población de 70 a 74 años. Hombres,2020,5254,Número de personas
09,Ciudad de México,016,Miguel Hidalgo,1002000105,Población de 70 a 74 años. Mujeres,2020,7429,Número de personas
09,Ciudad de México,016,Miguel Hidalgo,1002000106,Población de 75 a 79 años,2020,8960,Personas
09,Ciudad de México,016,Miguel Hidalgo,1002000107,Población de 75 a 79 años. Hombres,2020,3613,Número de personas
09,Ciudad de México,016,Miguel Hidalgo,1002000108,Población de 75 a 79 años. Mujeres,2020,5347,Número de personas
09,Ciudad de México,016,Miguel Hidalgo,1002000109,Población de 80 a 84 años,2020,6179,Personas
09,Ciudad de México,016,Miguel Hidalgo,1002000110,Población de 80 a 84 años. Hombres,2020,2342,Número de personas
09,Ciudad de México,016,Miguel Hidalgo,1002000111,Población de 80 a 84 años. Mujeres,2020,3837,Número de personas
09,Ciudad de México,016,Miguel Hidalgo,1002000112,Población de 85 a 89 años,2020,3646,Personas
09,Ciudad de México,016,Miguel Hidalgo,1002000113,Población de 85 a 89 años. Hombres,2020,1256,Número de personas
09,Ciudad de México,016,Miguel Hidalgo,1002000114,Población de 85 a 89 años. Mujeres,2020,2390,Número de personas
09,Ciudad de México,016,Miguel Hidalgo,1002000115,Población de 90 a 94 años,2020,1763,Personas
09,Ciudad de México,016,Miguel Hidalgo,1002000116,Población de 90 a 94 años. Hombres,2020,567,Número de personas
09,Ciudad de México,016,Miguel Hidalgo,1002000117,Población de 90 a 94 años. Mujeres,2020,1196,Número de personas
09,Ciudad de México,016,Miguel Hidalgo,1002000118,Población de 95 a 99 años,2020,541,Personas
09,Ciudad de México,016,Miguel Hidalgo,1002000119,Población de 95 a 99 años. Hombres,2020,118,Número de personas
09,Ciudad de México,016,Miguel Hidalgo,1002000120,Población de 95 a 99 años. Mujeres,2020,423,Número de personas
09,Ciudad de México,016,Miguel Hidalgo,1002000127,Relación de dependencia,2020,38.084132681687,Personas dependientes por cada 100 personas en edad de trabajar
09,Ciudad de México,016,Miguel Hidalgo,1003000001,Total de viviendas particulares habitadas,2020,146762,Viviendas
09,Ciudad de México,016,Miguel Hidalgo,1003000011,Viviendas particulares habitadas,2020,123167,Número de Viviendas
09,Ciudad de México,016,Miguel Hidalgo,1003000015,Promedio de ocupantes en viviendas particulares habitadas,2020,2.81142915628945,Promedio
09,Ciudad de México,016,Miguel Hidalgo,1003000017,Viviendas particulares habitadas que disponen de energía eléctrica,2020,144483,Viviendas
09,Ciudad de México,016,Miguel Hidalgo,1003000018,Viviendas particulares habitadas que disponen de agua de la red pública en el ámbito de la vivienda,2020,144419,Viviendas
09,Ciudad de México,016,Miguel Hidalgo,1003000019,Viviendas particulares habitadas que disponen de drenaje,2020,144398,Viviendas
09,Ciudad de México,016,Miguel Hidalgo,1003000020,Viviendas particulares habitadas que disponen de excusado o sanitario,2020,144270,Viviendas
09,Ciudad de México,016,Miguel Hidalgo,1003000023,Viviendas particulares habitadas que disponen de lavadora,2020,128315,Viviendas
09,Ciudad de México,016,Miguel Hidalgo,1003000024,Viviendas particulares habitadas que disponen de computadora,2020,109631,Viviendas
09,Ciudad de México,016,Miguel Hidalgo,1004000001,Población derechohabiente a servicios de salud,2020,328032,Personas
09,Ciudad de México,016,Miguel Hidalgo,1005000012,Población de 5 años y más que asiste a la escuela,2020,84190,Personas
09,Ciudad de México,016,Miguel Hidalgo,1005000038,Grado promedio de escolaridad de la población de 15 y más años,2020,13.1114786635792,Años de escolaridad
09,Ciudad de México,016,Miguel Hidalgo,1005000039,Población de 5 años y más hablante de lengua indígena,2020,3587,Personas
09,Ciudad de México,016,Miguel Hidalgo,3104003001,Porcentaje de población inmigrante (migración reciente),2020,7.24363779418723,Porcentaje
09,Ciudad de México,016,Miguel Hidalgo,3105001001,Densidad de población,2020,8927.81062496375,Habitantes por kilómetro cuadrado
09,Ciudad de México,016,Miguel Hidalgo,3105004001,Porcentaje de población en localidades de menos de 2 500 habitantes,2020,0,Porcentaje
09,Ciudad de México,016,Miguel Hidalgo,3108001001,Porcentaje de analfabetas total,2020,0.750760730416791,Porcentaje
09,Ciudad de México,016,Miguel Hidalgo,3108001002,Porcentaje de analfabetas hombres,2020,0.435994078939185,Porcentaje
09,Ciudad de México,016,Miguel Hidalgo,3108001003,Porcentaje de analfabetas mujeres,2020,1.02392762877361,Porcentaje
09,Ciudad de México,016,Miguel Hidalgo,3114004001,Porcentaje de viviendas con piso de tierra,2020,0.155572993074272,Porcentaje
09,Ciudad de México,016,Miguel Hidalgo,3114006001,Porcentaje de viviendas con electricidad,2020,98.5861963085531,Porcentaje
09,Ciudad de México,016,Miguel Hidalgo,6200031290,Porcentaje de viviendas particulares habitadas con disponibilidad de drenaje,2020,98.5281976049947,Porcentaje
09,Ciudad de México,016,Miguel Hidalgo,6200031291,Porcentaje de viviendas particulares habitadas con disponibilidad de excusado,2020,98.4408583808127,Porcentaje
09,Ciudad de México,016,Miguel Hidalgo,6200108938,Porcentaje de viviendas con techos de materiales resistentes,2020,96.9514600760965,Porcentaje
09,Ciudad de México,016,Miguel Hidalgo,6200205238,Población de 8 a 14 años que sabe leer y escribir,2020,29214,Personas
09,Ciudad de México,016,Miguel Hidalgo,6200205244,Viviendas que son cuarto de azotea,2020,425,Viviendas
09,Ciudad de México,016,Miguel Hidalgo,6200205245,Viviendas móviles,2020,2,Viviendas
09,Ciudad de México,016,Miguel Hidalgo,6200205246,Viviendas que son departamento en edificio o vivienda en vecindad,2020,94509,Viviendas
09,Ciudad de México,016,Miguel Hidalgo,6200205247,Viviendas que son refugio,2020,21,Viviendas
09,Ciudad de México,016,Miguel Hidalgo,6200205248,Viviendas colectivas,2020,66,Viviendas
09,Ciudad de México,016,Miguel Hidalgo,6200205249,Viviendas que son casa independiente o local no construido para habitación,2020,20422,Viviendas
09,Ciudad de México,016,Miguel Hidalgo,6200205251,Promedio de hijos nacidos vivos de las mujeres de 12 años y más casada sólo religiosamente,2020,2.04286671131949,Promedio
09,Ciudad de México,016,Miguel Hidalgo,6200205252,Población de 5 años y más inmigrante,2020,42655,Personas
09,Ciudad de México,016,Miguel Hidalgo,6200205253,Población total sin limitación en la actividad,2020,340998,Personas
09,Ciudad de México,016,Miguel Hidalgo,6200205254,Población total que no especificó limitación en la actividad,2020,6666,Personas
09,Ciudad de México,016,Miguel Hidalgo,6200205255,Porcentaje de la población migrante internacional destino otro país,2020,66.4363717405839,Porcentaje
09,Ciudad de México,016,Miguel Hidalgo,6200205256,Población de 5 años y más con religión no especificada,2020,1329,Personas
09,Ciudad de México,016,Miguel Hidalgo,6200205257,Población de 5 años y más católica,2020,286410,Personas
09,Ciudad de México,016,Miguel Hidalgo,6200205258,Promedio de hijos nacidos vivos de las mujeres de 12 años y más solteras,2020,0.322724719852371,Promedio
09,Ciudad de México,016,Miguel Hidalgo,6200205259,Población nacida en otro país residente en México,2020,23627,Personas
09,Ciudad de México,016,Miguel Hidalgo,6200205260,Población con limitación en la actividad para escuchar,2020,10972,Personas
09,Ciudad de México,016,Miguel Hidalgo,6200205261,Población con limitación en la actividad para hablar o comunicarse,2020,2378,Personas
09,Ciudad de México,016,Miguel Hidalgo,6200205263,Población con limitación en la actividad para caminar o moverse,2020,15067,Personas
09,Ciudad de México,016,Miguel Hidalgo,6200205264,Porcentaje de la población migrante internacional destino no especificado,2020,10.4301314909739,Porcentaje
09,Ciudad de México,016,Miguel Hidalgo,6200205265,Promedio de hijos nacidos vivos de las mujeres de 12 años y más que no especificó estado conyugal,2020,0.5,Promedio
09,Ciudad de México,016,Miguel Hidalgo,6200205266,Promedio de hijos nacidos vivos de las mujeres de 12 años y más casada civil y religiosamente,2020,2.11942078364566,Promedio
09,Ciudad de México,016,Miguel Hidalgo,6200205267,Promedio de hijos nacidos vivos de las mujeres de 12 años y más separadas,2020,2.07128618889416,Promedio
09,Ciudad de México,016,Miguel Hidalgo,6200205268,Población nacida en otro país residente en México hombres,2020,12050,Personas
09,Ciudad de México,016,Miguel Hidalgo,6200205269,Población con limitación en la actividad para atender el cuidado personal,2020,2641,Personas
09,Ciudad de México,016,Miguel Hidalgo,6200205270,Población con limitación en la actividad para poner atención o aprender,2020,9009,Personas
09,Ciudad de México,016,Miguel Hidalgo,6200205271,Población con limitación en la actividad,2020,46381,Personas
09,Ciudad de México,016,Miguel Hidalgo,6200205272,Porcentaje de población nacida en otro país residente en México,2020,5.70053321108886,Porcentaje
09,Ciudad de México,016,Miguel Hidalgo,6200205273,Población de 5 años y más con religión distinta de católica,2020,44528,Personas
09,Ciudad de México,016,Miguel Hidalgo,6200205274,Porcentaje de población masculina nacida en otro país residente en México,2020,6.16472345715645,Porcentaje
09,Ciudad de México,016,Miguel Hidalgo,6200205275,Promedio de hijos nacidos vivos de las mujeres de 12 años y más divorciadas,2020,1.86605353142318,Promedio
09,Ciudad de México,016,Miguel Hidalgo,6200205276,Promedio de hijos nacidos vivos de las mujeres de 12 años y más en unión libre,2020,1.32586296756605,Promedio
09,Ciudad de México,016,Miguel Hidalgo,6200205277,Población de 5 años y más emigrante,2020,44759,Personas
09,Ciudad de México,016,Miguel Hidalgo,6200205279,Promedio de hijos nacidos vivos de las mujeres de 12 años y más casada sólo por lo civil,2020,1.70714538917304,Promedio
09,Ciudad de México,016,Miguel Hidalgo,6200205280,Población con limitación en la actividad para ver,2020,29406,Personas
09,Ciudad de México,016,Miguel Hidalgo,6200205282,Porcentaje de población femenina nacida en otro país residente en México,2020,5.28622895576773,Porcentaje
09,Ciudad de México,016,Miguel Hidalgo,6200205283,Promedio de hijos nacidos vivos de las mujeres de 12 años y más viudas,2020,3.41709763848215,Promedio
09,Ciudad de México,016,Miguel Hidalgo,6200205284,Población nacida en otro país residente en México mujeres,2020,11577,Personas
09,Ciudad de México,016,Miguel Hidalgo,6200205285,Porcentaje de la población migrante internacional destino Estados Unidos de América,2020,23.1334967684422,Porcentaje
09,Ciudad de México,016,Miguel Hidalgo,6200205286,Población con limitación en la actividad mental,2020,5361,Personas
09,Ciudad de México,016,Miguel Hidalgo,6200205288,Índice de masculinidad de la población nacida en otro país residente en México,2020,104.085687138291,Índice
09,Ciudad de México,016,Miguel Hidalgo,6200205289,Población de 5 años y más sin religión,2020,56298,Personas
09,Ciudad de México,016,Miguel Hidalgo,6200240300,Porcentaje de hombres de 0 a 4 años,2020,2.49862927860891,Porcentaje
09,Ciudad de México,016,Miguel Hidalgo,6200240301,Población católica,2020,300.662,Miles DE personas
09,Ciudad de México,016,Miguel Hidalgo,6200240302,Porcentaje de la población de 60 a 84 años con limitación en la actividad,2020,28.2166730695352,Porcentaje
09,Ciudad de México,016,Miguel Hidalgo,6200240304,Tasa de monolingüismo de la población de 5 años y más hablante de Tojolabal,2020,0,Porcentaje
09,Ciudad de México,016,Miguel Hidalgo,6200240305,Porcentaje de la población que profesa la religión católica,2020,72.541317827587,Porcentaje
09,Ciudad de México,016,Miguel Hidalgo,6200240310,Porcentaje de mujeres de 75 a 79 años,2020,1.30879415681053,Porcentaje
09,Ciudad de México,016,Miguel Hidalgo,6200240311,Porcentaje de hombres de 10 a 14 años,2020,2.69199890342289,Porcentaje
09,Ciudad de México,016,Miguel Hidalgo,6200240312,Porcentaje de mujeres de 5 a 9 años,2020,2.53510025847889,Porcentaje
09,Ciudad de México,016,Miguel Hidalgo,6200240314,Porcentaje de la población de 15 años y más con instrucción media superior,2020,22.8909778672963,Porcentaje
09,Ciudad de México,016,Miguel Hidalgo,6200240315,Porcentaje de la población con limitación mental,2020,1.34914762861069,Porcentaje
09,Ciudad de México,016,Miguel Hidalgo,6200240316,Tasa de monolingüismo de la población de 5 años y más hablante de Maya,2020,0,Porcentaje
09,Ciudad de México,016,Miguel Hidalgo,6200240318,Población de 5 años y más hablante de Tzeltal  (Tseltal),2020,59,Personas
09,Ciudad de México,016,Miguel Hidalgo,6200240319,Tasa de monolingüismo de la población de 5 años y más hablante de Mazateco,2020,0,Porcentaje
09,Ciudad de México,016,Miguel Hidalgo,6200240320,Población de 5 años y más hablante de Lenguas chinantecas,2020,59,Personas
09,Ciudad de México,016,Miguel Hidalgo,6200240323,Porcentaje de la población derechohabiente en el Seguro popular,2020,6.79659301531558,Porcentaje
09,Ciudad de México,016,Miguel Hidalgo,6200240325,Tasa de monolingüismo de la población de 5 años y más hablante de Náhuatl,2020,0.35587188612099,Porcentaje
09,Ciudad de México,016,Miguel Hidalgo,6200240326,Población de 5 años y más hablante de Lenguas zapotecas,2020,462,Personas
09,Ciudad de México,016,Miguel Hidalgo,6200240328,Porcentaje de mujeres de 55 a 59 años,2020,3.15216965614475,Porcentaje
09,Ciudad de México,016,Miguel Hidalgo,6200240330,Porcentaje de hombres de 75 a 79 años,2020,0.884360068927704,Porcentaje
09,Ciudad de México,016,Miguel Hidalgo,6200240331,Población de 5 años y más hablante de Maya,2020,108,Personas
09,Ciudad de México,016,Miguel Hidalgo,6200240332,Población de 5 años y más hablante de Otomí,2020,386,Personas
09,Ciudad de México,016,Miguel Hidalgo,6200240334,Población de 5 años y más hablante de Tojolabal,2020,6,Personas
09,Ciudad de México,016,Miguel Hidalgo,6200240341,Porcentaje de mujeres de 40 a 44 años,2020,4.28546252056082,Porcentaje
09,Ciudad de México,016,Miguel Hidalgo,6200240342,Porcentaje de mujeres de 70 a 74 años,2020,1.81840878828229,Porcentaje
09,Ciudad de México,016,Miguel Hidalgo,6200240343,Porcentaje de hombres de 15 a 19 años,2020,2.77497650191901,Porcentaje
09,Ciudad de México,016,Miguel Hidalgo,6200240344,Porcentaje de mujeres de 85 años y más,2020,0.997689355369312,Porcentaje
09,Ciudad de México,016,Miguel Hidalgo,6200240345,Población de 5 años y más hablante de Mixe,2020,91,Personas
09,Ciudad de México,016,Miguel Hidalgo,6200240354,Porcentaje de mujeres de 10 a 14 años,2020,2.60534972977207,Porcentaje
09,Ciudad de México,016,Miguel Hidalgo,6200240356,Porcentaje de mujeres de 20 a 24 años,2020,3.37491188219629,Porcentaje
09,Ciudad de México,016,Miguel Hidalgo,6200240357,Porcentaje de hombres de 35 a 39 años,2020,4.29427430093209,Porcentaje
09,Ciudad de México,016,Miguel Hidalgo,6200240358,Porcentaje de la población de 0 a 14 años con limitación en la actividad,2020,3.65149211936955,Porcentaje
09,Ciudad de México,016,Miguel Hidalgo,6200240361,Población de 5 años y más hablante de Mazahua,2020,411,Personas
09,Ciudad de México,016,Miguel Hidalgo,6200240364,Tasa de monolingüismo de la población de 5 años y más hablante de Chatino,2020,0,Porcentaje
09,Ciudad de México,016,Miguel Hidalgo,6200240365,Porcentaje de la población de 15 años y más con instrucción superior,2020,52.556718846175,Porcentaje
09,Ciudad de México,016,Miguel Hidalgo,6200240366,Tasa de monolingüismo de la población de 5 años y más hablante de Lenguas mixtecas,2020,0.67114093959731,Porcentaje
09,Ciudad de México,016,Miguel Hidalgo,6200240367,Porcentaje de la población con limitación para hablar o comunicarse,2020,4.87292721998528,Porcentaje
09,Ciudad de México,016,Miguel Hidalgo,6200240368,Porcentaje de la población de 15 años y más con instrucción no especificada,2020,0.273371690136368,Porcentaje
09,Ciudad de México,016,Miguel Hidalgo,6200240377,Porcentaje de mujeres de 45 a 49 años,2020,4.03824312681131,Porcentaje
09,Ciudad de México,016,Miguel Hidalgo,6200240378,Porcentaje de mujeres de 0 a 4 años,2020,2.39166405576878,Porcentaje
09,Ciudad de México,016,Miguel Hidalgo,6200240379,Porcentaje de mujeres de 80 a 84 años,2020,0.93918892457116,Porcentaje
09,Ciudad de México,016,Miguel Hidalgo,6200240381,Tasa de monolingüismo de la población de 5 años y más hablante de Tzotzil (Tsotsil),2020,0,Porcentaje
09,Ciudad de México,016,Miguel Hidalgo,6200240384,Porcentaje de mujeres de 15 a 19 años,2020,2.75539476776063,Porcentaje
09,Ciudad de México,016,Miguel Hidalgo,6200240386,Población de 5 años y más hablante de Lenguas mixtecas,2020,298,Personas
09,Ciudad de México,016,Miguel Hidalgo,6200240388,Porcentaje de hombres de 65 a 69 años,2020,1.74742500195817,Porcentaje
09,Ciudad de México,016,Miguel Hidalgo,6200240389,Tasa de crecimiento promedio anual de las viviendas particulares habitadas,2020,2.07286465763268,Tasa
09,Ciudad de México,016,Miguel Hidalgo,6200240390,Porcentaje de la población con discapacidad por accidente,2020,11.2951460777548,Porcentaje
09,Ciudad de México,016,Miguel Hidalgo,6200240395,"Viviendas, de cada cien que cuentan con electricidad, agua y drenaje",2020,98.4490464330797,Porcentaje
09,Ciudad de México,016,Miguel Hidalgo,6200240396,Porcentaje de la población de 30 a 59 años con limitación en la actividad,2020,9.77553257898851,Porcentaje
09,Ciudad de México,016,Miguel Hidalgo,6200240397,Tasa de monolingüismo de la población de 5 años y más hablante de Chol (Ch''ol),2020,0,Porcentaje
09,Ciudad de México,016,Miguel Hidalgo,6200240398,Tasa de monolingüismo de la población de 5 años y más hablante de Totonaca (Totonaco),2020,0.91743119266055,Porcentaje
09,Ciudad de México,016,Miguel Hidalgo,6200240407,Índice de envejecimiento,2020,113.786702936235,Porcentaje
09,Ciudad de México,016,Miguel Hidalgo,6200240410,Porcentaje de hombres de 60 a 64 años,2020,2.2514098848594,Porcentaje
09,Ciudad de México,016,Miguel Hidalgo,6200240411,Porcentaje de hombres de 85 años y más,2020,0.479752486880238,Porcentaje
09,Ciudad de México,016,Miguel Hidalgo,6200240413,Tasa de monolingüismo de la población de 5 años y más hablante de Huasteco,2020,0,Porcentaje
09,Ciudad de México,016,Miguel Hidalgo,6200240414,"Porcentaje de la población derechohabiente en PEMEX, SDN o SM",2020,4.99615891132572,Porcentaje
09,Ciudad de México,016,Miguel Hidalgo,6200240416,Porcentaje de la población usuaria de servicios de salud en instituciones de servicios médicos privados,2020,21.6753243585992,Porcentaje
09,Ciudad de México,016,Miguel Hidalgo,6200240421,Porcentaje de la población derechohabiente en el ISSSTE,2020,12.2161862257341,Porcentaje
09,Ciudad de México,016,Miguel Hidalgo,6200240423,Porcentaje de hombres de 40 a 44 años,2020,3.82822902796272,Porcentaje
09,Ciudad de México,016,Miguel Hidalgo,6200240424,Tasa de monolingüismo de la población de 5 años y más hablante de Mixe,2020,1.09890109890109,Porcentaje
09,Ciudad de México,016,Miguel Hidalgo,6200240425,Porcentaje de hombres de 70 a 74 años,2020,1.28603039085141,Porcentaje
09,Ciudad de México,016,Miguel Hidalgo,6200240426,Porcentaje de mujeres de 60 a 64 años,2020,2.87117177097204,Porcentaje
09,Ciudad de México,016,Miguel Hidalgo,6200240427,Porcentaje de mujeres de 65 a 69 años,2020,2.24847262473565,Porcentaje
09,Ciudad de México,016,Miguel Hidalgo,6200240428,Tasa de monolingüismo de la población de 5 años y más hablante de Otomí,2020,0.77720207253886,Porcentaje
09,Ciudad de México,016,Miguel Hidalgo,6200240430,Porcentaje de la población con limitación para caminar y moverse,2020,32.4852849227054,Porcentaje
09,Ciudad de México,016,Miguel Hidalgo,6200240431,Población de 5 años y más hablante de Purépecha (Tarasco),2020,22,Personas
09,Ciudad de México,016,Miguel Hidalgo,6200240432,Tasa de monolingüismo de la población de 5 años y más hablante de Zoque,2020,0,Porcentaje
09,Ciudad de México,016,Miguel Hidalgo,6200240433,Tasa de monolingüismo de la población de 5 años y más hablante de Lenguas zapotecas,2020,0.21645021645021,Porcentaje
09,Ciudad de México,016,Miguel Hidalgo,6200240434,Población de 5 años y más hablante de Chatino,2020,2,Personas
09,Ciudad de México,016,Miguel Hidalgo,6200240435,Porcentaje de la población con limitación para atender el cuidado personal,2020,5.69414199780082,Porcentaje
09,Ciudad de México,016,Miguel Hidalgo,6200240443,Porcentaje de mujeres de 35 a 39 años,2020,4.56694994908749,Porcentaje
09,Ciudad de México,016,Miguel Hidalgo,6200240444,Porcentaje de hombres de 55 a 59 años,2020,2.63080598417796,Porcentaje
09,Ciudad de México,016,Miguel Hidalgo,6200240445,Porcentaje de hombres de 5 a 9 años,2020,2.57426372679565,Porcentaje
09,Ciudad de México,016,Miguel Hidalgo,6200240447,Porcentaje de la población de 15 años y más sin instrucción,2020,0.99118910905681,Porcentaje
09,Ciudad de México,016,Miguel Hidalgo,6200240449,Tasa de monolingüismo de la población de 5 años y más hablante de lengua indígena,2020,0.66908279899637,Porcentaje
09,Ciudad de México,016,Miguel Hidalgo,6200240450,Porcentaje de la población con limitación para ver,2020,63.4009616006554,Porcentaje
09,Ciudad de México,016,Miguel Hidalgo,6200240451,Población de 5 años y más hablante de Tarahumara,2020,10,Personas
09,Ciudad de México,016,Miguel Hidalgo,6200240452,Población de 5 años y más hablante de Chol (Ch''ol),2020,12,Personas
09,Ciudad de México,016,Miguel Hidalgo,6200240453,Población de 5 años y más hablante de Totonaca (Totonaco),2020,109,Personas
09,Ciudad de México,016,Miguel Hidalgo,6200240454,Tasa de monolingüismo de la población de 5 años y más hablante de Mazahua,2020,1.94647201946472,Porcentaje
09,Ciudad de México,016,Miguel Hidalgo,6200240458,Porcentaje de la población con discapacidad por edad avanzada,2020,28.9797561536692,Porcentaje
09,Ciudad de México,016,Miguel Hidalgo,6200240459,Porcentaje de la población con discapacidad por nacimiento,2020,12.6926616057051,Porcentaje
09,Ciudad de México,016,Miguel Hidalgo,6200240466,Población de 5 años y más hablante de Tlapaneco,2020,32,Personas
09,Ciudad de México,016,Miguel Hidalgo,6200240471,Porcentaje de la población derechohabiente en el IMSS,2020,59.4728563067018,Porcentaje
09,Ciudad de México,016,Miguel Hidalgo,6200240475,Porcentaje de hombres de 80 a 84 años,2020,0.573255267486489,Porcentaje
09,Ciudad de México,016,Miguel Hidalgo,6200240477,Porcentaje de la población de 85 y más con limitación en la actividad,2020,33.3664678595096,Porcentaje
09,Ciudad de México,016,Miguel Hidalgo,6200240478,Porcentaje de la población con limitación para escuchar,2020,23.6562385459563,Porcentaje
09,Ciudad de México,016,Miguel Hidalgo,6200240479,Porcentaje de la población con limitación para poner atención o aprender,2020,19.423902028848,Porcentaje
09,Ciudad de México,016,Miguel Hidalgo,6200240480,Población de 5 años y más hablante de Huasteco,2020,7,Personas
09,Ciudad de México,016,Miguel Hidalgo,6200240481,Población de 5 años y más hablante de Tzotzil (Tsotsil),2020,18,Personas
09,Ciudad de México,016,Miguel Hidalgo,6200240486,Porcentaje de hombres de 25 a 29 años,2020,4.04142515861205,Porcentaje
09,Ciudad de México,016,Miguel Hidalgo,6200240488,Porcentaje de la población de 15 a 29 años con limitación en la actividad,2020,6.03257066268133,Porcentaje
09,Ciudad de México,016,Miguel Hidalgo,6200240493,Porcentaje de la población de 5 años y más hablante de lengua indígena,2020,0.923140272541274,Porcentaje
09,Ciudad de México,016,Miguel Hidalgo,6200240495,Porcentaje de la población con discapacidad por otra causa,2020,7.29813664596273,Porcentaje
09,Ciudad de México,016,Miguel Hidalgo,6200240496,Población de 5 años y más hablante de Náhuatl,2020,1124,Personas
09,Ciudad de México,016,Miguel Hidalgo,6200240497,Población no católica,2020,35904,Miles DE personas
09,Ciudad de México,016,Miguel Hidalgo,6200240499,Porcentaje de la población que profesa la religión protestante y evangélica,2020,5.95362752430815,Porcentaje
09,Ciudad de México,016,Miguel Hidalgo,6200240507,Porcentaje de mujeres de 50 a 54 años,2020,3.66227383097047,Porcentaje
09,Ciudad de México,016,Miguel Hidalgo,6200240509,Tasa de monolingüismo de la población de 5 años y más hablante de Tarahumara,2020,0,Porcentaje
09,Ciudad de México,016,Miguel Hidalgo,6200240518,Porcentaje de hombres de 30 a 34 años,2020,4.56499177567165,Porcentaje
09,Ciudad de México,016,Miguel Hidalgo,6200240520,Porcentaje de hombres de 20 a 24 años,2020,3.24469335004308,Porcentaje
09,Ciudad de México,016,Miguel Hidalgo,6200240521,Población de 5 años y más hablante de Zoque,2020,8,Personas
09,Ciudad de México,016,Miguel Hidalgo,6200240522,Tasa de monolingüismo de la población de 5 años y más hablante de Purépecha (Tarasco),2020,0,Porcentaje
09,Ciudad de México,016,Miguel Hidalgo,6200240532,Porcentaje de hombres de 45 a 49 años,2020,3.60891360538889,Porcentaje
09,Ciudad de México,016,Miguel Hidalgo,6200240533,Porcentaje de hombres de 50 a 54 años,2020,3.1443369624814,Porcentaje
09,Ciudad de México,016,Miguel Hidalgo,6200240534,Tasa de monolingüismo de la población de 5 años y más hablante de Resto de lenguas,2020,0.61728395061728,Porcentaje
09,Ciudad de México,016,Miguel Hidalgo,6200240535,Población de 5 años y más hablante de Mazateco,2020,201,Personas
09,Ciudad de México,016,Miguel Hidalgo,6200240536,Tasa de monolingüismo de la población de 5 años y más hablante de Tlapaneco,2020,0,Porcentaje
09,Ciudad de México,016,Miguel Hidalgo,6200240537,Tasa de monolingüismo de la población de 5 años y más hablante de Tzeltal (Tseltal),2020,3.38983050847457,Porcentaje
09,Ciudad de México,016,Miguel Hidalgo,6200240538,Población de 5 años y más hablante del Resto de lenguas,2020,162,Personas
09,Ciudad de México,016,Miguel Hidalgo,6200240539,Tasa de monolingüismo de la población de 5 años y más hablante de Lenguas chinantecas,2020,1.69491525423728,Porcentaje
09,Ciudad de México,016,Miguel Hidalgo,6200240540,Porcentaje de la población con discapacidad por enfermedad,2020,45.7441913963653,Porcentaje
09,Ciudad de México,016,Miguel Hidalgo,6200240548,Porcentaje de mujeres de 25 a 29 años,2020,4.44505365395159,Porcentaje
09,Ciudad de México,016,Miguel Hidalgo,6200240549,Porcentaje de mujeres de 30 a 34 años,2020,4.88392927077622,Porcentaje
09,Ciudad de México,016,Miguel Hidalgo,6205370864,Porcentaje de población que se considera afrodescendiente,2020,2.71720510531522,Porcentaje
09,Ciudad de México,016,Miguel Hidalgo,6207019007,Porcentaje de la población de 12 años y más viuda,2020,5.60198736176055,Porcentaje
09,Ciudad de México,016,Miguel Hidalgo,6207019009,Porcentaje de la población de 12 años y más casada,2020,31.5894716614355,Porcentaje
09,Ciudad de México,016,Miguel Hidalgo,6207019010,Porcentaje de población de 25 años y más alfabeta,2020,98.9187310862282,Porcentaje
09,Ciudad de México,016,Miguel Hidalgo,6207019011,Porcentaje de la población de 12 años y más soltera,2020,40.1307269633413,Porcentaje
09,Ciudad de México,016,Miguel Hidalgo,6207019012,Porcentaje de la población de 12 años y más separada,2020,4.6576006282915,Porcentaje
09,Ciudad de México,016,Miguel Hidalgo,6207019016,Porcentaje de la población de 12 años y más divorciada,2020,3.79397831614536,Porcentaje
09,Ciudad de México,016,Miguel Hidalgo,6207019017,Porcentaje de población afiliada a otra institución,2020,1.56326212076871,Porcentaje
09,Ciudad de México,016,Miguel Hidalgo,6207019018,Porcentaje de población afiliada a servicios de salud,2020,79.144932081936,Porcentaje
09,Ciudad de México,016,Miguel Hidalgo,6207019019,Porcentaje de la población de 12 años y más en unión libre,2020,14.0605287563115,Porcentaje
09,Ciudad de México,016,Miguel Hidalgo,6207019020,Porcentaje de población de 15 años y más sin escolaridad,2020,0.873286731069877,Porcentaje
09,Ciudad de México,016,Miguel Hidalgo,6207019022,Porcentaje de viviendas particulares habitadas propias,2020,50.605495262359,Porcentaje
09,Ciudad de México,016,Miguel Hidalgo,6207019023,Porcentaje de hijos fallecidos de las mujeres de 15 a 49 años,2020,2.953940486178,Porcentaje
09,Ciudad de México,016,Miguel Hidalgo,6207019024,Porcentaje de la población de 3 a 5 años que asiste a la escuela,2020,79.8170595671897,Porcentaje
09,Ciudad de México,016,Miguel Hidalgo,6207019026,Porcentaje de la población de 6 a 11 años que asiste a la escuela,2020,94.6389760927312,Porcentaje
09,Ciudad de México,016,Miguel Hidalgo,6207019028,Porcentaje de la población de 12 a 14 años que asiste a la escuela,2020,93.8402457757296,Porcentaje
09,Ciudad de México,016,Miguel Hidalgo,6207019029,Porcentaje de la población de 15 a 24 años que asiste a la escuela,2020,62.2607679600306,Porcentaje
09,Ciudad de México,016,Miguel Hidalgo,6207019030,Porcentaje de población de 12 años y más económicamente activa,2020,68.0922051193503,Porcentaje
09,Ciudad de México,016,Miguel Hidalgo,6207019031,Porcentaje de población de 15 años y más con escolaridad básica,2020,23.4056448653225,Porcentaje
09,Ciudad de México,016,Miguel Hidalgo,6207019034,Porcentaje de población de 3 años y más hablante de lengua indígena,2020,0.904213286625294,Porcentaje
09,Ciudad de México,016,Miguel Hidalgo,6207019035,Porcentaje de la población de 12 años y más No Económicamente Activa,2020,31.6287398800788,Porcentaje
09,Ciudad de México,016,Miguel Hidalgo,6207019036,Promedio de hijos nacidos vivos de las mujeres de 15 a 49 años EI2015,2020,0.835492328859583,Promedio
09,Ciudad de México,016,Miguel Hidalgo,6207019039,Porcentaje de la población de 12 años y más económicamente activa ocupada,2020,98.0232967140836,Porcentaje
09,Ciudad de México,016,Miguel Hidalgo,6207019040,Porcentaje de la población femenina de 12 años y más económicamente activa,2020,47.5975263601338,Porcentaje
09,Ciudad de México,016,Miguel Hidalgo,6207019042,Porcentaje de viviendas particulares habitadas que disponen de Internet,2020,85.1400498106513,Porcentaje
09,Ciudad de México,016,Miguel Hidalgo,6207019043,Porcentaje de la población masculina de 12 años y más económicamente activa,2020,52.4024736398662,Porcentaje
09,Ciudad de México,016,Miguel Hidalgo,6207019046,Porcentaje de viviendas particulares habitadas que disponen de computadora,2020,74.8053631742349,Porcentaje
09,Ciudad de México,016,Miguel Hidalgo,6207019047,Porcentaje de la población de 12 años y más no económicamente activa que estudia,2020,36.8199068407752,Porcentaje
09,Ciudad de México,016,Miguel Hidalgo,6207019050,Porcentaje de viviendas particulares habitadas que disponen de teléfono fijo,2020,74.5556275800894,Porcentaje
09,Ciudad de México,016,Miguel Hidalgo,6207019051,Porcentaje de la población de 12 años y más sin especificar su situación conyugal,2020,0.165706312714269,Porcentaje
09,Ciudad de México,016,Miguel Hidalgo,6207019054,Porcentaje de la población femenina de 12 años y más económicamente activa ocupada,2020,98.3123523093448,Porcentaje
09,Ciudad de México,016,Miguel Hidalgo,6207019055,Porcentaje de viviendas particulares habitadas que disponen de teléfono celular,2020,93.5505441643069,Porcentaje
09,Ciudad de México,016,Miguel Hidalgo,6207019056,Porcentaje de la población masculina de 12 años y más económicamente activa ocupada,2020,97.7607455335888,Porcentaje
09,Ciudad de México,016,Miguel Hidalgo,6207019057,Porcentaje de viviendas particulares habitadas que disponen de televisión de paga,2020,60.4271433932653,Porcentaje
09,Ciudad de México,016,Miguel Hidalgo,6207019058,Porcentaje de población de 3 años y más hablante de lengua indígena que no habla español,2020,0.667965488449763,Porcentaje
09,Ciudad de México,016,Miguel Hidalgo,6207019059,Porcentaje de población de 12 años con condición de actividad económica no especificada,2020,0.279055000570921,Porcentaje
09,Ciudad de México,016,Miguel Hidalgo,6207019060,Porcentaje de la población de 12 años y más no económicamente activa que es pensionada o jubilada,2020,20.8806980778205,Porcentaje
09,Ciudad de México,016,Miguel Hidalgo,6207019063,Porcentaje de superficie en el ámbito geográfico de referencia respecto a la unidad geográfica superior,2020,3.10674703106297,Porcentaje
09,Ciudad de México,016,Miguel Hidalgo,6207019064,Porcentaje de la población de 12 años y más no económicamente activa que se dedica a los quehaceres del hogar,2020,31.3615511275084,Porcentaje
09,Ciudad de México,016,Miguel Hidalgo,6207019065,Porcentaje de la población de 12 años y más no económicamente activa que realiza otras actividades no económicas,2020,8.50760330724053,Porcentaje
09,Ciudad de México,016,Miguel Hidalgo,6207019070,Porcentaje de la población de 12 años y más no económicamente activa con alguna limitación física o mental que les impide trabajar,2020,2.43024064665534,Porcentaje
09,Ciudad de México,016,Miguel Hidalgo,6207020032,Porcentaje de hombres,2020,47.1607112698145,Porcentaje
09,Ciudad de México,016,Miguel Hidalgo,6207020033,Porcentaje de mujeres,2020,52.8392887301855,Porcentaje
09,Ciudad de México,016,Miguel Hidalgo,6207020035,Promedio de ocupantes por cuarto (Índice de hacinamiento),2020,0.66432018584259,Promedio
09,Ciudad de México,016,Miguel Hidalgo,6207049066,Población de 6 a 14 años que sabe leer y escribir,2020,35441,Porcentaje
09,Ciudad de México,016,Miguel Hidalgo,6207049067,Población de 6 a 14 años que no sabe leer y escribir,2020,2117,Porcentaje
09,Ciudad de México,016,Miguel Hidalgo,6207049068,Porcentaje de la población de 3 años y más que asiste a la escuela,2020,22.8011234088816,Porcentaje
09,Ciudad de México,016,Miguel Hidalgo,6207049069,Porcentaje de la población de 3 años y más que no asiste a la escuela,2020,77.0161716520452,Porcentaje
09,Ciudad de México,016,Miguel Hidalgo,6207049070,Población de 6 a 14 años que no especificó si sabe o no leer y escribir,2020,308,Porcentaje
09,Ciudad de México,016,Miguel Hidalgo,6207049071,Porcentaje de la población de 3 años y más que no especificó si asiste o no a la escuela,2020,0.182704939073188,Porcentaje
09,Ciudad de México,016,Miguel Hidalgo,6207051593,Porcentaje de población de 6 a 14 años que no asiste a la escuela,2020,5.493054,Porcentaje
09,Ciudad de México,016,Miguel Hidalgo,6207068394,Porcentaje de viviendas con agua entubada dentro de la vivienda,2020,96.5255364880079,Porcentaje
09,Ciudad de México,016,Miguel Hidalgo,6207129629,Porcentaje de la población nacional/estatal que representa,2020,4.50024451831629,Porcentaje
09,Ciudad de México,016,Miguel Hidalgo,6207129630,Promedio de ocupantes por dormitorio,2020,1.40889095501096,Promedio
09,Ciudad de México,016,Miguel Hidalgo,6207129631,Porcentaje de viviendas particulares habitadas que disponen de tinaco,2020,81.5386714885197,Porcentaje
09,Ciudad de México,016,Miguel Hidalgo,6207129632,Porcentaje de viviendas particulares habitadas que disponen de cisterna o aljibe,2020,70.1961720855651,Porcentaje
09,Ciudad de México,016,Miguel Hidalgo,6207129635,Porcentaje de viviendas particulares habitadas que disponen de Automóvil o camioneta,2020,56.6558629865921,Porcentaje
09,Ciudad de México,016,Miguel Hidalgo,6207129636,Porcentaje de viviendas particulares habitadas que disponen de motocicleta o motoneta,2020,8.38729487223227,Porcentaje
09,Ciudad de México,016,Miguel Hidalgo,6207129637,Porcentaje de viviendas particulares habitadas que disponen de bicicleta como medio de transporte,2020,21.4472382382041,Porcentaje
09,Ciudad de México,016,Miguel Hidalgo,6207129638,Porcentaje de la población con algún tipo de  discapacidad,2020,4.28716191762974,Porcentaje
09,Ciudad de México,016,Miguel Hidalgo,6207129639,Porcentaje de la población entre 0 y 17 años con algún tipo de  discapacidad,2020,1.54257289516855,Porcentaje
09,Ciudad de México,016,Miguel Hidalgo,6207129640,Porcentaje de la población entre 18 y 29 años con algún tipo de  discapacidad,2020,1.35784093462143,Porcentaje
09,Ciudad de México,016,Miguel Hidalgo,6207129641,Porcentaje de la población entre 30 y 59 años con algún tipo de  discapacidad,2020,2.47496445976216,Porcentaje
09,Ciudad de México,016,Miguel Hidalgo,6207129642,Porcentaje de la población de 60 años y más con algún tipo de  discapacidad,2020,15.3520552375863,Porcentaje
09,Ciudad de México,016,Miguel Hidalgo,6207129643,Porcentaje de la población de 5 y más años migrante según causa: Trabajo,2020,42.8820791311094,Porcentaje
09,Ciudad de México,016,Miguel Hidalgo,6207129644,Porcentaje de la población de 5 y más años migrante según causa: Familiar,2020,28.9935820579731,Porcentaje
09,Ciudad de México,016,Miguel Hidalgo,6207129645,Porcentaje de la población de 5 y más años migrante según causa: Educativa,2020,8.88990760984555,Porcentaje
09,Ciudad de México,016,Miguel Hidalgo,6207129646,Porcentaje de la población de 5 y más años migrante según causa: Inseguridad delictiva o violencia,2020,2.8439946399605,Porcentaje
09,Ciudad de México,016,Miguel Hidalgo,6207129647,Porcentaje de la población de 5 y más años migrante según causa: Otra causa,2020,14.0348402567177,Porcentaje
09,Ciudad de México,016,Miguel Hidalgo,6207129648,Promedio de hijos nacidos vivos por grupo de edad: 15-19,2020,0.0386224081160452,Promedio
09,Ciudad de México,016,Miguel Hidalgo,6207129649,Promedio de hijos nacidos vivos por grupo de edad: 20-24,2020,0.221236363636364,Promedio
09,Ciudad de México,016,Miguel Hidalgo,6207129650,Promedio de hijos nacidos vivos por grupo de edad: 25-29,2020,0.428279706385562,Promedio
09,Ciudad de México,016,Miguel Hidalgo,6207129651,Promedio de hijos nacidos vivos por grupo de edad: 30-34,2020,0.713976981454491,Promedio
09,Ciudad de México,016,Miguel Hidalgo,6207129652,Promedio de hijos nacidos vivos por grupo de edad: 35-39,2020,1.11161841327819,Promedio
09,Ciudad de México,016,Miguel Hidalgo,6207129653,Promedio de hijos nacidos vivos por grupo de edad: 40-44,2020,1.40335412970065,Promedio
09,Ciudad de México,016,Miguel Hidalgo,6207129654,Promedio de hijos nacidos vivos por grupo de edad: 45-49,2020,1.57218309859155,Promedio
09,Ciudad de México,016,Miguel Hidalgo,6207129812,Porcentaje de viviendas particulares habitadas que disponen de refrigerador,2020,96.0704172494968,Porcentaje
09,Ciudad de México,016,Miguel Hidalgo,6207129813,Porcentaje de viviendas particulares habitadas que disponen de lavadora,2020,87.5541605540582,Porcentaje
09,Ciudad de México,016,Miguel Hidalgo,6207129818,Porcentaje de la población derechohabiente en Instituto de Salud para el Bienestar (IMSS-PROSPERA o IMSS-BIENESTAR),2020,0.242354404448347,Porcentaje
09,Ciudad de México,016,Miguel Hidalgo,6207129822,Ubicación geográfica con la mayor cantidad de pobladores. Primer lugar,2020,90160001,No aplica
09,Ciudad de México,016,Miguel Hidalgo,6207129825,Población de la ubicación geográfica con la mayor cantidad de pobladores. Primer lugar,2020,414470,Personas
09,Ciudad de México,016,Miguel Hidalgo,6207129828,Lengua indígena más frecuente. Descripción. Primer lugar,2020,211,No aplica
09,Ciudad de México,016,Miguel Hidalgo,6207129830,Lengua indígena más frecuente. Porcentaje. Primer lugar,2020,32.1980538065255,Porcentaje
09,Ciudad de México,016,Miguel Hidalgo,6207129840,Total de áreas geográficas,2020,1,Municipios
09,Ciudad de México,017,Venustiano Carranza,1001000001,Superficie continental,2020,33.86337118,Kilómetros cuadrados
09,Ciudad de México,017,Venustiano Carranza,1002000001,Población total,2020,443704,Personas
09,Ciudad de México,017,Venustiano Carranza,1002000002,Población total hombres,2020,210118,Personas
09,Ciudad de México,017,Venustiano Carranza,1002000003,Población total mujeres,2020,233586,Personas
09,Ciudad de México,017,Venustiano Carranza,1002000004,Porcentaje de población de 15 a 29 años,2020,22.1104065293747,Porcentaje
09,Ciudad de México,017,Venustiano Carranza,1002000005,Porcentaje de hombres de 15 a 29 años,2020,23.373969215818,Porcentaje
09,Ciudad de México,017,Venustiano Carranza,1002000006,Porcentaje de mujeres de 15 a 29 años,2020,20.9738790621144,Porcentaje
09,Ciudad de México,017,Venustiano Carranza,1002000007,Porcentaje de población de 60 y más años,2020,17.8132098924178,Porcentaje
09,Ciudad de México,017,Venustiano Carranza,1002000008,Porcentaje de hombres de 60 y más años,2020,15.7288972097964,Porcentaje
09,Ciudad de México,017,Venustiano Carranza,1002000009,Porcentaje de mujeres de 60 y más años,2020,19.6879713423831,Porcentaje
09,Ciudad de México,017,Venustiano Carranza,1002000010,Edad mediana,2020,36,Años
09,Ciudad de México,017,Venustiano Carranza,1002000011,Edad mediana hombres,2020,34,Años
09,Ciudad de México,017,Venustiano Carranza,1002000012,Edad mediana mujeres,2020,38,Años
09,Ciudad de México,017,Venustiano Carranza,1002000013,Promedio de hijos nacidos vivos de las mujeres de 12 años y más,2020,1.64494440643596,Promedio
09,Ciudad de México,017,Venustiano Carranza,1002000014,Población en hogares censales,2020,443120,Personas
09,Ciudad de México,017,Venustiano Carranza,1002000015,Población en hogares familiares,2020,418224,Personas
09,Ciudad de México,017,Venustiano Carranza,1002000016,Población en hogares no familiares,2020,24482,Personas
09,Ciudad de México,017,Venustiano Carranza,1002000018,Hogares censales,2020,135768,Hogares
09,Ciudad de México,017,Venustiano Carranza,1002000019,Hogares con jefatura masculina,2020,77268,Hogares
09,Ciudad de México,017,Venustiano Carranza,1002000020,Hogares con jefatura femenina,2020,58500,Hogares
09,Ciudad de México,017,Venustiano Carranza,1002000021,Tamaño promedio de los hogares censales,2020,3.26380295798715,Personas
09,Ciudad de México,017,Venustiano Carranza,1002000022,Tamaño promedio de los hogares con jefe hombre,2020,3.36409639177926,Personas
09,Ciudad de México,017,Venustiano Carranza,1002000023,Tamaño promedio de los hogares con jefe mujer,2020,3.13133333333333,Personas
09,Ciudad de México,017,Venustiano Carranza,1002000024,Relación hombres-mujeres,2020,89.9531650013271,Hombres por cada 100 mujeres
09,Ciudad de México,017,Venustiano Carranza,1002000041,Porcentaje de personas de 15 años y más alfabetas,2020,98.7253838908239,Porcentaje
09,Ciudad de México,017,Venustiano Carranza,1002000050,Tasa de alfabetización de las personas de 15 a 24 años,2020,99.3612603616883,Tasa
09,Ciudad de México,017,Venustiano Carranza,1002000055,Población de edad no especificada,2020,415,Personas
09,Ciudad de México,017,Venustiano Carranza,1002000056,Población de edad no especificada. Hombres,2020,205,Personas
09,Ciudad de México,017,Venustiano Carranza,1002000057,Población de edad no especificada. Mujeres,2020,210,Personas
09,Ciudad de México,017,Venustiano Carranza,1002000058,Población de 0 a 4 años,2020,23147,Personas
09,Ciudad de México,017,Venustiano Carranza,1002000059,Población de 0 a 4 años. Hombres,2020,11659,Personas
09,Ciudad de México,017,Venustiano Carranza,1002000060,Población de 0 a 4 años. Mujeres,2020,11488,Personas
09,Ciudad de México,017,Venustiano Carranza,1002000061,Población de 10 a 14 años,2020,28174,Personas
09,Ciudad de México,017,Venustiano Carranza,1002000062,Población de 10 a 14 años. Hombres,2020,14407,Personas
09,Ciudad de México,017,Venustiano Carranza,1002000063,Población de 10 a 14 años. Mujeres,2020,13767,Personas
09,Ciudad de México,017,Venustiano Carranza,1002000064,Población de 100 años y más,2020,72,Personas
09,Ciudad de México,017,Venustiano Carranza,1002000065,Población de 100 años y más. Hombres,2020,19,Personas
09,Ciudad de México,017,Venustiano Carranza,1002000066,Población de 100 años y más. Mujeres,2020,53,Personas
09,Ciudad de México,017,Venustiano Carranza,1002000067,Población de 15 a 19 años,2020,30110,Personas
09,Ciudad de México,017,Venustiano Carranza,1002000068,Población de 15 a 19 años. Hombres,2020,15235,Personas
09,Ciudad de México,017,Venustiano Carranza,1002000069,Población de 15 a 19 años. Mujeres,2020,14875,Personas
09,Ciudad de México,017,Venustiano Carranza,1002000070,Población de 20 a 24 años,2020,32983,Personas
09,Ciudad de México,017,Venustiano Carranza,1002000071,Población de 20 a 24 años. Hombres,2020,16603,Personas
09,Ciudad de México,017,Venustiano Carranza,1002000072,Población de 20 a 24 años. Mujeres,2020,16380,Personas
09,Ciudad de México,017,Venustiano Carranza,1002000073,Población de 25 a 29 años,2020,34920,Personas
09,Ciudad de México,017,Venustiano Carranza,1002000074,Población de 25 a 29 años. Hombres,2020,17227,Personas
09,Ciudad de México,017,Venustiano Carranza,1002000075,Población de 25 a 29 años. Mujeres,2020,17693,Personas
09,Ciudad de México,017,Venustiano Carranza,1002000076,Población de 30 a 34 años,2020,34441,Personas
09,Ciudad de México,017,Venustiano Carranza,1002000077,Población de 30 a 34 años. Hombres,2020,16711,Personas
09,Ciudad de México,017,Venustiano Carranza,1002000078,Población de 30 a 34 años. Mujeres,2020,17730,Personas
09,Ciudad de México,017,Venustiano Carranza,1002000079,Población de 35 a 39 años,2020,32721,Personas
09,Ciudad de México,017,Venustiano Carranza,1002000080,Población de 35 a 39 años. Hombres,2020,15692,Personas
09,Ciudad de México,017,Venustiano Carranza,1002000081,Población de 35 a 39 años. Mujeres,2020,17029,Personas
09,Ciudad de México,017,Venustiano Carranza,1002000082,Población de 40 a 44 años,2020,31216,Personas
09,Ciudad de México,017,Venustiano Carranza,1002000083,Población de 40 a 44 años. Hombres,2020,14622,Personas
09,Ciudad de México,017,Venustiano Carranza,1002000084,Población de 40 a 44 años. Mujeres,2020,16594,Personas
09,Ciudad de México,017,Venustiano Carranza,1002000085,Población de 45 a 49 años,2020,31846,Personas
09,Ciudad de México,017,Venustiano Carranza,1002000086,Población de 45 a 49 años. Hombres,2020,14816,Personas
09,Ciudad de México,017,Venustiano Carranza,1002000087,Población de 45 a 49 años. Mujeres,2020,17030,Personas
09,Ciudad de México,017,Venustiano Carranza,1002000088,Población de 5 a 9 años,2020,26760,Personas
09,Ciudad de México,017,Venustiano Carranza,1002000089,Población de 5 a 9 años. Hombres,2020,13651,Personas
09,Ciudad de México,017,Venustiano Carranza,1002000090,Población de 5 a 9 años. Mujeres,2020,13109,Personas
09,Ciudad de México,017,Venustiano Carranza,1002000091,Población de 50 a 54 años,2020,30804,Personas
09,Ciudad de México,017,Venustiano Carranza,1002000092,Población de 50 a 54 años. Hombres,2020,13966,Personas
09,Ciudad de México,017,Venustiano Carranza,1002000093,Población de 50 a 54 años. Mujeres,2020,16838,Personas
09,Ciudad de México,017,Venustiano Carranza,1002000094,Población de 55 a 59 años,2020,27203,Personas
09,Ciudad de México,017,Venustiano Carranza,1002000095,Población de 55 a 59 años. Hombres,2020,12307,Número de personas
09,Ciudad de México,017,Venustiano Carranza,1002000096,Población de 55 a 59 años. Mujeres,2020,14896,Número de personas
09,Ciudad de México,017,Venustiano Carranza,1002000097,Población de 60 a 64 años,2020,24730,Personas
09,Ciudad de México,017,Venustiano Carranza,1002000098,Población de 60 a 64 años. Hombres,2020,10937,Número de personas
09,Ciudad de México,017,Venustiano Carranza,1002000099,Población de 60 a 64 años. Mujeres,2020,13793,Número de personas
09,Ciudad de México,017,Venustiano Carranza,1002000100,Población de 65 a 69 años,2020,18317,Personas
09,Ciudad de México,017,Venustiano Carranza,1002000101,Población de 65 a 69 años. Hombres,2020,7985,Número de personas
09,Ciudad de México,017,Venustiano Carranza,1002000102,Población de 65 a 69 años. Mujeres,2020,10332,Número de personas
09,Ciudad de México,017,Venustiano Carranza,1002000103,Población de 70 a 74 años,2020,13837,Personas
09,Ciudad de México,017,Venustiano Carranza,1002000104,Población de 70 a 74 años. Hombres,2020,5765,Número de personas
09,Ciudad de México,017,Venustiano Carranza,1002000105,Población de 70 a 74 años. Mujeres,2020,8072,Número de personas
09,Ciudad de México,017,Venustiano Carranza,1002000106,Población de 75 a 79 años,2020,9203,Personas
09,Ciudad de México,017,Venustiano Carranza,1002000107,Población de 75 a 79 años. Hombres,2020,3738,Número de personas
09,Ciudad de México,017,Venustiano Carranza,1002000108,Población de 75 a 79 años. Mujeres,2020,5465,Número de personas
09,Ciudad de México,017,Venustiano Carranza,1002000109,Población de 80 a 84 años,2020,6672,Personas
09,Ciudad de México,017,Venustiano Carranza,1002000110,Población de 80 a 84 años. Hombres,2020,2488,Número de personas
09,Ciudad de México,017,Venustiano Carranza,1002000111,Población de 80 a 84 años. Mujeres,2020,4184,Número de personas
09,Ciudad de México,017,Venustiano Carranza,1002000112,Población de 85 a 89 años,2020,3909,Personas
09,Ciudad de México,017,Venustiano Carranza,1002000113,Población de 85 a 89 años. Hombres,2020,1376,Número de personas
09,Ciudad de México,017,Venustiano Carranza,1002000114,Población de 85 a 89 años. Mujeres,2020,2533,Número de personas
09,Ciudad de México,017,Venustiano Carranza,1002000115,Población de 90 a 94 años,2020,1686,Personas
09,Ciudad de México,017,Venustiano Carranza,1002000116,Población de 90 a 94 años. Hombres,2020,539,Número de personas
09,Ciudad de México,017,Venustiano Carranza,1002000117,Población de 90 a 94 años. Mujeres,2020,1147,Número de personas
09,Ciudad de México,017,Venustiano Carranza,1002000118,Población de 95 a 99 años,2020,538,Personas
09,Ciudad de México,017,Venustiano Carranza,1002000119,Población de 95 a 99 años. Hombres,2020,170,Número de personas
09,Ciudad de México,017,Venustiano Carranza,1002000120,Población de 95 a 99 años. Mujeres,2020,368,Número de personas
09,Ciudad de México,017,Venustiano Carranza,1002000127,Relación de dependencia,2020,42.5485731926142,Personas dependientes por cada 100 personas en edad de trabajar
09,Ciudad de México,017,Venustiano Carranza,1003000001,Total de viviendas particulares habitadas,2020,135768,Viviendas
09,Ciudad de México,017,Venustiano Carranza,1003000011,Viviendas particulares habitadas,2020,129438,Número de Viviendas
09,Ciudad de México,017,Venustiano Carranza,1003000015,Promedio de ocupantes en viviendas particulares habitadas,2020,3.26454042081949,Promedio
09,Ciudad de México,017,Venustiano Carranza,1003000017,Viviendas particulares habitadas que disponen de energía eléctrica,2020,135248,Viviendas
09,Ciudad de México,017,Venustiano Carranza,1003000018,Viviendas particulares habitadas que disponen de agua de la red pública en el ámbito de la vivienda,2020,135223,Viviendas
09,Ciudad de México,017,Venustiano Carranza,1003000019,Viviendas particulares habitadas que disponen de drenaje,2020,135217,Viviendas
09,Ciudad de México,017,Venustiano Carranza,1003000020,Viviendas particulares habitadas que disponen de excusado o sanitario,2020,135094,Viviendas
09,Ciudad de México,017,Venustiano Carranza,1003000023,Viviendas particulares habitadas que disponen de lavadora,2020,112817,Viviendas
09,Ciudad de México,017,Venustiano Carranza,1003000024,Viviendas particulares habitadas que disponen de computadora,2020,79437,Viviendas
09,Ciudad de México,017,Venustiano Carranza,1004000001,Población derechohabiente a servicios de salud,2020,317712,Personas
09,Ciudad de México,017,Venustiano Carranza,1005000012,Población de 5 años y más que asiste a la escuela,2020,97176,Personas
09,Ciudad de México,017,Venustiano Carranza,1005000038,Grado promedio de escolaridad de la población de 15 y más años,2020,11.4632943373428,Años de escolaridad
09,Ciudad de México,017,Venustiano Carranza,1005000039,Población de 5 años y más hablante de lengua indígena,2020,4921,Personas
09,Ciudad de México,017,Venustiano Carranza,3104003001,Porcentaje de población inmigrante (migración reciente),2020,3.60571182960027,Porcentaje
09,Ciudad de México,017,Venustiano Carranza,3105001001,Densidad de población,2020,13102.7710632087,Habitantes por kilómetro cuadrado
09,Ciudad de México,017,Venustiano Carranza,3105004001,Porcentaje de población en localidades de menos de 2 500 habitantes,2020,0,Porcentaje
09,Ciudad de México,017,Venustiano Carranza,3108001001,Porcentaje de analfabetas total,2020,1.08294451381131,Porcentaje
09,Ciudad de México,017,Venustiano Carranza,3108001002,Porcentaje de analfabetas hombres,2020,0.715645491080871,Porcentaje
09,Ciudad de México,017,Venustiano Carranza,3108001003,Porcentaje de analfabetas mujeres,2020,1.40350337415133,Porcentaje
09,Ciudad de México,017,Venustiano Carranza,3114004001,Porcentaje de viviendas con piso de tierra,2020,0.253229974160207,Porcentaje
09,Ciudad de México,017,Venustiano Carranza,3114006001,Porcentaje de viviendas con electricidad,2020,99.8508674787744,Porcentaje
09,Ciudad de México,017,Venustiano Carranza,6200031290,Porcentaje de viviendas particulares habitadas con disponibilidad de drenaje,2020,99.827980804725,Porcentaje
09,Ciudad de México,017,Venustiano Carranza,6200031291,Porcentaje de viviendas particulares habitadas con disponibilidad de excusado,2020,99.7371723883352,Porcentaje
09,Ciudad de México,017,Venustiano Carranza,6200108938,Porcentaje de viviendas con techos de materiales resistentes,2020,97.2305522565321,Porcentaje
09,Ciudad de México,017,Venustiano Carranza,6200205238,Población de 8 a 14 años que sabe leer y escribir,2020,38222,Personas
09,Ciudad de México,017,Venustiano Carranza,6200205244,Viviendas que son cuarto de azotea,2020,116,Viviendas
09,Ciudad de México,017,Venustiano Carranza,6200205245,Viviendas móviles,2020,2,Viviendas
09,Ciudad de México,017,Venustiano Carranza,6200205246,Viviendas que son departamento en edificio o vivienda en vecindad,2020,58916,Viviendas
09,Ciudad de México,017,Venustiano Carranza,6200205247,Viviendas que son refugio,2020,48,Viviendas
09,Ciudad de México,017,Venustiano Carranza,6200205248,Viviendas colectivas,2020,21,Viviendas
09,Ciudad de México,017,Venustiano Carranza,6200205249,Viviendas que son casa independiente o local no construido para habitación,2020,27292,Viviendas
09,Ciudad de México,017,Venustiano Carranza,6200205251,Promedio de hijos nacidos vivos de las mujeres de 12 años y más casada sólo religiosamente,2020,2.4564606741573,Promedio
09,Ciudad de México,017,Venustiano Carranza,6200205252,Población de 5 años y más inmigrante,2020,27903,Personas
09,Ciudad de México,017,Venustiano Carranza,6200205253,Población total sin limitación en la actividad,2020,357715,Personas
09,Ciudad de México,017,Venustiano Carranza,6200205254,Población total que no especificó limitación en la actividad,2020,730,Personas
09,Ciudad de México,017,Venustiano Carranza,6200205255,Porcentaje de la población migrante internacional destino otro país,2020,32.4561403508772,Porcentaje
09,Ciudad de México,017,Venustiano Carranza,6200205256,Población de 5 años y más con religión no especificada,2020,637,Personas
09,Ciudad de México,017,Venustiano Carranza,6200205257,Población de 5 años y más católica,2020,320308,Personas
09,Ciudad de México,017,Venustiano Carranza,6200205258,Promedio de hijos nacidos vivos de las mujeres de 12 años y más solteras,2020,0.422504801642493,Promedio
09,Ciudad de México,017,Venustiano Carranza,6200205259,Población nacida en otro país residente en México,2020,2060,Personas
09,Ciudad de México,017,Venustiano Carranza,6200205260,Población con limitación en la actividad para escuchar,2020,13053,Personas
09,Ciudad de México,017,Venustiano Carranza,6200205261,Población con limitación en la actividad para hablar o comunicarse,2020,2840,Personas
09,Ciudad de México,017,Venustiano Carranza,6200205263,Población con limitación en la actividad para caminar o moverse,2020,19065,Personas
09,Ciudad de México,017,Venustiano Carranza,6200205264,Porcentaje de la población migrante internacional destino no especificado,2020,11.4912280701754,Porcentaje
09,Ciudad de México,017,Venustiano Carranza,6200205265,Promedio de hijos nacidos vivos de las mujeres de 12 años y más que no especificó estado conyugal,2020,1.42857142857143,Promedio
09,Ciudad de México,017,Venustiano Carranza,6200205266,Promedio de hijos nacidos vivos de las mujeres de 12 años y más casada civil y religiosamente,2020,2.43846495965436,Promedio
09,Ciudad de México,017,Venustiano Carranza,6200205267,Promedio de hijos nacidos vivos de las mujeres de 12 años y más separadas,2020,2.27676043043232,Promedio
09,Ciudad de México,017,Venustiano Carranza,6200205268,Población nacida en otro país residente en México hombres,2020,1059,Personas
09,Ciudad de México,017,Venustiano Carranza,6200205269,Población con limitación en la actividad para atender el cuidado personal,2020,2833,Personas
09,Ciudad de México,017,Venustiano Carranza,6200205270,Población con limitación en la actividad para poner atención o aprender,2020,11059,Personas
09,Ciudad de México,017,Venustiano Carranza,6200205271,Población con limitación en la actividad,2020,56501,Personas
09,Ciudad de México,017,Venustiano Carranza,6200205272,Porcentaje de población nacida en otro país residente en México,2020,0.464273479617042,Porcentaje
09,Ciudad de México,017,Venustiano Carranza,6200205273,Población de 5 años y más con religión distinta de católica,2020,56659,Personas
09,Ciudad de México,017,Venustiano Carranza,6200205274,Porcentaje de población masculina nacida en otro país residente en México,2020,0.504002512873719,Porcentaje
09,Ciudad de México,017,Venustiano Carranza,6200205275,Promedio de hijos nacidos vivos de las mujeres de 12 años y más divorciadas,2020,2.06689299635358,Promedio
09,Ciudad de México,017,Venustiano Carranza,6200205276,Promedio de hijos nacidos vivos de las mujeres de 12 años y más en unión libre,2020,1.74096684226836,Promedio
09,Ciudad de México,017,Venustiano Carranza,6200205277,Población de 5 años y más emigrante,2020,37078,Personas
09,Ciudad de México,017,Venustiano Carranza,6200205279,Promedio de hijos nacidos vivos de las mujeres de 12 años y más casada sólo por lo civil,2020,2.06826820738939,Promedio
09,Ciudad de México,017,Venustiano Carranza,6200205280,Población con limitación en la actividad para ver,2020,35983,Personas
09,Ciudad de México,017,Venustiano Carranza,6200205282,Porcentaje de población femenina nacida en otro país residente en México,2020,0.428535956778232,Porcentaje
09,Ciudad de México,017,Venustiano Carranza,6200205283,Promedio de hijos nacidos vivos de las mujeres de 12 años y más viudas,2020,3.82803086354508,Promedio
09,Ciudad de México,017,Venustiano Carranza,6200205284,Población nacida en otro país residente en México mujeres,2020,1001,Personas
09,Ciudad de México,017,Venustiano Carranza,6200205285,Porcentaje de la población migrante internacional destino Estados Unidos de América,2020,56.0526315789474,Porcentaje
09,Ciudad de México,017,Venustiano Carranza,6200205286,Población con limitación en la actividad mental,2020,7003,Personas
09,Ciudad de México,017,Venustiano Carranza,6200205288,Índice de masculinidad de la población nacida en otro país residente en México,2020,105.794205794206,Índice
09,Ciudad de México,017,Venustiano Carranza,6200205289,Población de 5 años y más sin religión,2020,42538,Personas
09,Ciudad de México,017,Venustiano Carranza,6200240300,Porcentaje de hombres de 0 a 4 años,2020,2.63011263532368,Porcentaje
09,Ciudad de México,017,Venustiano Carranza,6200240301,Población católica,2020,337.374,Miles DE personas
09,Ciudad de México,017,Venustiano Carranza,6200240302,Porcentaje de la población de 60 a 84 años con limitación en la actividad,2020,29.7310298382331,Porcentaje
09,Ciudad de México,017,Venustiano Carranza,6200240304,Tasa de monolingüismo de la población de 5 años y más hablante de Tojolabal,2020,0,Porcentaje
09,Ciudad de México,017,Venustiano Carranza,6200240305,Porcentaje de la población que profesa la religión católica,2020,76.0358256855922,Porcentaje
09,Ciudad de México,017,Venustiano Carranza,6200240310,Porcentaje de mujeres de 75 a 79 años,2020,1.23283004992229,Porcentaje
09,Ciudad de México,017,Venustiano Carranza,6200240311,Porcentaje de hombres de 10 a 14 años,2020,3.25002425054536,Porcentaje
09,Ciudad de México,017,Venustiano Carranza,6200240312,Porcentaje de mujeres de 5 a 9 años,2020,2.95721301453454,Porcentaje
09,Ciudad de México,017,Venustiano Carranza,6200240314,Porcentaje de la población de 15 años y más con instrucción media superior,2020,30.4900221243784,Porcentaje
09,Ciudad de México,017,Venustiano Carranza,6200240315,Porcentaje de la población con limitación mental,2020,1.62656199191713,Porcentaje
09,Ciudad de México,017,Venustiano Carranza,6200240316,Tasa de monolingüismo de la población de 5 años y más hablante de Maya,2020,0,Porcentaje
09,Ciudad de México,017,Venustiano Carranza,6200240318,Población de 5 años y más hablante de Tzeltal  (Tseltal),2020,352,Personas
09,Ciudad de México,017,Venustiano Carranza,6200240319,Tasa de monolingüismo de la población de 5 años y más hablante de Mazateco,2020,1.17801047120418,Porcentaje
09,Ciudad de México,017,Venustiano Carranza,6200240320,Población de 5 años y más hablante de Lenguas chinantecas,2020,180,Personas
09,Ciudad de México,017,Venustiano Carranza,6200240323,Porcentaje de la población derechohabiente en el Seguro popular,2020,17.4044417585738,Porcentaje
09,Ciudad de México,017,Venustiano Carranza,6200240325,Tasa de monolingüismo de la población de 5 años y más hablante de Náhuatl,2020,0.36429872495446,Porcentaje
09,Ciudad de México,017,Venustiano Carranza,6200240326,Población de 5 años y más hablante de Lenguas zapotecas,2020,497,Personas
09,Ciudad de México,017,Venustiano Carranza,6200240328,Porcentaje de mujeres de 55 a 59 años,2020,3.36033603360336,Porcentaje
09,Ciudad de México,017,Venustiano Carranza,6200240330,Porcentaje de hombres de 75 a 79 años,2020,0.843242218958738,Porcentaje
09,Ciudad de México,017,Venustiano Carranza,6200240331,Población de 5 años y más hablante de Maya,2020,85,Personas
09,Ciudad de México,017,Venustiano Carranza,6200240332,Población de 5 años y más hablante de Otomí,2020,407,Personas
09,Ciudad de México,017,Venustiano Carranza,6200240334,Población de 5 años y más hablante de Tojolabal,2020,10,Personas
09,Ciudad de México,017,Venustiano Carranza,6200240341,Porcentaje de mujeres de 40 a 44 años,2020,3.74338185698269,Porcentaje
09,Ciudad de México,017,Venustiano Carranza,6200240342,Porcentaje de mujeres de 70 a 74 años,2020,1.82093397309656,Porcentaje
09,Ciudad de México,017,Venustiano Carranza,6200240343,Porcentaje de hombres de 15 a 19 años,2020,3.43680984639817,Porcentaje
09,Ciudad de México,017,Venustiano Carranza,6200240344,Porcentaje de mujeres de 85 años y más,2020,0.925130106995662,Porcentaje
09,Ciudad de México,017,Venustiano Carranza,6200240345,Población de 5 años y más hablante de Mixe,2020,113,Personas
09,Ciudad de México,017,Venustiano Carranza,6200240354,Porcentaje de mujeres de 10 a 14 años,2020,3.10564891075574,Porcentaje
09,Ciudad de México,017,Venustiano Carranza,6200240356,Porcentaje de mujeres de 20 a 24 años,2020,3.69510635274054,Porcentaje
09,Ciudad de México,017,Venustiano Carranza,6200240357,Porcentaje de hombres de 35 a 39 años,2020,3.5399028624667,Porcentaje
09,Ciudad de México,017,Venustiano Carranza,6200240358,Porcentaje de la población de 0 a 14 años con limitación en la actividad,2020,4.26608265775285,Porcentaje
09,Ciudad de México,017,Venustiano Carranza,6200240361,Población de 5 años y más hablante de Mazahua,2020,276,Personas
09,Ciudad de México,017,Venustiano Carranza,6200240364,Tasa de monolingüismo de la población de 5 años y más hablante de Chatino,2020,0,Porcentaje
09,Ciudad de México,017,Venustiano Carranza,6200240365,Porcentaje de la población de 15 años y más con instrucción superior,2020,33.0121465028148,Porcentaje
09,Ciudad de México,017,Venustiano Carranza,6200240366,Tasa de monolingüismo de la población de 5 años y más hablante de Lenguas mixtecas,2020,0.84033613445378,Porcentaje
09,Ciudad de México,017,Venustiano Carranza,6200240367,Porcentaje de la población con limitación para hablar o comunicarse,2020,4.83865241932621,Porcentaje
09,Ciudad de México,017,Venustiano Carranza,6200240368,Porcentaje de la población de 15 años y más con instrucción no especificada,2020,0.194409761012902,Porcentaje
09,Ciudad de México,017,Venustiano Carranza,6200240377,Porcentaje de mujeres de 45 a 49 años,2020,3.84173755721437,Porcentaje
09,Ciudad de México,017,Venustiano Carranza,6200240378,Porcentaje de mujeres de 0 a 4 años,2020,2.59153734922364,Porcentaje
09,Ciudad de México,017,Venustiano Carranza,6200240379,Porcentaje de mujeres de 80 a 84 años,2020,0.943853783874628,Porcentaje
09,Ciudad de México,017,Venustiano Carranza,6200240381,Tasa de monolingüismo de la población de 5 años y más hablante de Tzotzil (Tsotsil),2020,0,Porcentaje
09,Ciudad de México,017,Venustiano Carranza,6200240384,Porcentaje de mujeres de 15 a 19 años,2020,3.35559871776651,Porcentaje
09,Ciudad de México,017,Venustiano Carranza,6200240386,Población de 5 años y más hablante de Lenguas mixtecas,2020,476,Personas
09,Ciudad de México,017,Venustiano Carranza,6200240388,Porcentaje de hombres de 65 a 69 años,2020,1.80130795034391,Porcentaje
09,Ciudad de México,017,Venustiano Carranza,6200240389,Tasa de crecimiento promedio anual de las viviendas particulares habitadas,2020,0.990652889679522,Tasa
09,Ciudad de México,017,Venustiano Carranza,6200240390,Porcentaje de la población con discapacidad por accidente,2020,9.84557707756851,Porcentaje
09,Ciudad de México,017,Venustiano Carranza,6200240395,"Viviendas, de cada cien que cuentan con electricidad, agua y drenaje",2020,99.7475083056478,Porcentaje
09,Ciudad de México,017,Venustiano Carranza,6200240396,Porcentaje de la población de 30 a 59 años con limitación en la actividad,2020,12.1085262257545,Porcentaje
09,Ciudad de México,017,Venustiano Carranza,6200240397,Tasa de monolingüismo de la población de 5 años y más hablante de Chol (Ch''ol),2020,0,Porcentaje
09,Ciudad de México,017,Venustiano Carranza,6200240398,Tasa de monolingüismo de la población de 5 años y más hablante de Totonaca (Totonaco),2020,0,Porcentaje
09,Ciudad de México,017,Venustiano Carranza,6200240407,Índice de envejecimiento,2020,101.130876909876,Porcentaje
09,Ciudad de México,017,Venustiano Carranza,6200240410,Porcentaje de hombres de 60 a 64 años,2020,2.46723920512352,Porcentaje
09,Ciudad de México,017,Venustiano Carranza,6200240411,Porcentaje de hombres de 85 años y más,2020,0.474633929558369,Porcentaje
09,Ciudad de México,017,Venustiano Carranza,6200240413,Tasa de monolingüismo de la población de 5 años y más hablante de Huasteco,2020,0,Porcentaje
09,Ciudad de México,017,Venustiano Carranza,6200240414,"Porcentaje de la población derechohabiente en PEMEX, SDN o SM",2020,0.745329103087073,Porcentaje
09,Ciudad de México,017,Venustiano Carranza,6200240416,Porcentaje de la población usuaria de servicios de salud en instituciones de servicios médicos privados,2020,3.03954524852697,Porcentaje
09,Ciudad de México,017,Venustiano Carranza,6200240421,Porcentaje de la población derechohabiente en el ISSSTE,2020,19.5545021906632,Porcentaje
09,Ciudad de México,017,Venustiano Carranza,6200240423,Porcentaje de hombres de 40 a 44 años,2020,3.29852534125593,Porcentaje
09,Ciudad de México,017,Venustiano Carranza,6200240424,Tasa de monolingüismo de la población de 5 años y más hablante de Mixe,2020,0.88495575221238,Porcentaje
09,Ciudad de México,017,Venustiano Carranza,6200240425,Porcentaje de hombres de 70 a 74 años,2020,1.30050599044867,Porcentaje
09,Ciudad de México,017,Venustiano Carranza,6200240426,Porcentaje de mujeres de 60 a 64 años,2020,3.11151415893469,Porcentaje
09,Ciudad de México,017,Venustiano Carranza,6200240427,Porcentaje de mujeres de 65 a 69 años,2020,2.33075939172865,Porcentaje
09,Ciudad de México,017,Venustiano Carranza,6200240428,Tasa de monolingüismo de la población de 5 años y más hablante de Otomí,2020,1.47420147420147,Porcentaje
09,Ciudad de México,017,Venustiano Carranza,6200240430,Porcentaje de la población con limitación para caminar y moverse,2020,33.7427656147679,Porcentaje
09,Ciudad de México,017,Venustiano Carranza,6200240431,Población de 5 años y más hablante de Purépecha (Tarasco),2020,29,Personas
09,Ciudad de México,017,Venustiano Carranza,6200240432,Tasa de monolingüismo de la población de 5 años y más hablante de Zoque,2020,0,Porcentaje
09,Ciudad de México,017,Venustiano Carranza,6200240433,Tasa de monolingüismo de la población de 5 años y más hablante de Lenguas zapotecas,2020,0.80482897384305,Porcentaje
09,Ciudad de México,017,Venustiano Carranza,6200240434,Población de 5 años y más hablante de Chatino,2020,3,Personas
09,Ciudad de México,017,Venustiano Carranza,6200240435,Porcentaje de la población con limitación para atender el cuidado personal,2020,5.01407054742394,Porcentaje
09,Ciudad de México,017,Venustiano Carranza,6200240443,Porcentaje de mujeres de 35 a 39 años,2020,3.84151197074595,Porcentaje
09,Ciudad de México,017,Venustiano Carranza,6200240444,Porcentaje de hombres de 55 a 59 años,2020,2.77629266686067,Porcentaje
09,Ciudad de México,017,Venustiano Carranza,6200240445,Porcentaje de hombres de 5 a 9 años,2020,3.07948088041887,Porcentaje
09,Ciudad de México,017,Venustiano Carranza,6200240447,Porcentaje de la población de 15 años y más sin instrucción,2020,1.3841427350989,Porcentaje
09,Ciudad de México,017,Venustiano Carranza,6200240449,Tasa de monolingüismo de la población de 5 años y más hablante de lengua indígena,2020,0.73155862629546,Porcentaje
09,Ciudad de México,017,Venustiano Carranza,6200240450,Porcentaje de la población con limitación para ver,2020,63.6855984849826,Porcentaje
09,Ciudad de México,017,Venustiano Carranza,6200240451,Población de 5 años y más hablante de Tarahumara,2020,4,Personas
09,Ciudad de México,017,Venustiano Carranza,6200240452,Población de 5 años y más hablante de Chol (Ch''ol),2020,9,Personas
09,Ciudad de México,017,Venustiano Carranza,6200240453,Población de 5 años y más hablante de Totonaca (Totonaco),2020,215,Personas
09,Ciudad de México,017,Venustiano Carranza,6200240454,Tasa de monolingüismo de la población de 5 años y más hablante de Mazahua,2020,0.36231884057971,Porcentaje
09,Ciudad de México,017,Venustiano Carranza,6200240458,Porcentaje de la población con discapacidad por edad avanzada,2020,32.5136124252432,Porcentaje
09,Ciudad de México,017,Venustiano Carranza,6200240459,Porcentaje de la población con discapacidad por nacimiento,2020,15.5226278675355,Porcentaje
09,Ciudad de México,017,Venustiano Carranza,6200240466,Población de 5 años y más hablante de Tlapaneco,2020,34,Personas
09,Ciudad de México,017,Venustiano Carranza,6200240471,Porcentaje de la población derechohabiente en el IMSS,2020,60.3543460744322,Porcentaje
09,Ciudad de México,017,Venustiano Carranza,6200240475,Porcentaje de hombres de 80 a 84 años,2020,0.56125913343214,Porcentaje
09,Ciudad de México,017,Venustiano Carranza,6200240477,Porcentaje de la población de 85 y más con limitación en la actividad,2020,32.7155519742143,Porcentaje
09,Ciudad de México,017,Venustiano Carranza,6200240478,Porcentaje de la población con limitación para escuchar,2020,23.1022459779473,Porcentaje
09,Ciudad de México,017,Venustiano Carranza,6200240479,Porcentaje de la población con limitación para poner atención o aprender,2020,19.5731049007982,Porcentaje
09,Ciudad de México,017,Venustiano Carranza,6200240480,Población de 5 años y más hablante de Huasteco,2020,26,Personas
09,Ciudad de México,017,Venustiano Carranza,6200240481,Población de 5 años y más hablante de Tzotzil (Tsotsil),2020,30,Personas
09,Ciudad de México,017,Venustiano Carranza,6200240486,Porcentaje de hombres de 25 a 29 años,2020,3.88617809149336,Porcentaje
09,Ciudad de México,017,Venustiano Carranza,6200240488,Porcentaje de la población de 15 a 29 años con limitación en la actividad,2020,6.85113199269485,Porcentaje
09,Ciudad de México,017,Venustiano Carranza,6200240493,Porcentaje de la población de 5 años y más hablante de lengua indígena,2020,1.1712706656321,Porcentaje
09,Ciudad de México,017,Venustiano Carranza,6200240495,Porcentaje de la población con discapacidad por otra causa,2020,7.26591091671874,Porcentaje
09,Ciudad de México,017,Venustiano Carranza,6200240496,Población de 5 años y más hablante de Náhuatl,2020,1098,Personas
09,Ciudad de México,017,Venustiano Carranza,6200240497,Población no católica,2020,40340,Miles DE personas
09,Ciudad de México,017,Venustiano Carranza,6200240499,Porcentaje de la población que profesa la religión protestante y evangélica,2020,8.47817463894849,Porcentaje
09,Ciudad de México,017,Venustiano Carranza,6200240507,Porcentaje de mujeres de 50 a 54 años,2020,3.79842495527748,Porcentaje
09,Ciudad de México,017,Venustiano Carranza,6200240509,Tasa de monolingüismo de la población de 5 años y más hablante de Tarahumara,2020,0,Porcentaje
09,Ciudad de México,017,Venustiano Carranza,6200240518,Porcentaje de hombres de 30 a 34 años,2020,3.76977547378798,Porcentaje
09,Ciudad de México,017,Venustiano Carranza,6200240520,Porcentaje de hombres de 20 a 24 años,2020,3.74541213519848,Porcentaje
09,Ciudad de México,017,Venustiano Carranza,6200240521,Población de 5 años y más hablante de Zoque,2020,4,Personas
09,Ciudad de México,017,Venustiano Carranza,6200240522,Tasa de monolingüismo de la población de 5 años y más hablante de Purépecha (Tarasco),2020,0,Porcentaje
09,Ciudad de México,017,Venustiano Carranza,6200240532,Porcentaje de hombres de 45 a 49 años,2020,3.34228911612966,Porcentaje
09,Ciudad de México,017,Venustiano Carranza,6200240533,Porcentaje de hombres de 50 a 54 años,2020,3.15054061797157,Porcentaje
09,Ciudad de México,017,Venustiano Carranza,6200240534,Tasa de monolingüismo de la población de 5 años y más hablante de Resto de lenguas,2020,0.64724919093851,Porcentaje
09,Ciudad de México,017,Venustiano Carranza,6200240535,Población de 5 años y más hablante de Mazateco,2020,764,Personas
09,Ciudad de México,017,Venustiano Carranza,6200240536,Tasa de monolingüismo de la población de 5 años y más hablante de Tlapaneco,2020,0,Porcentaje
09,Ciudad de México,017,Venustiano Carranza,6200240537,Tasa de monolingüismo de la población de 5 años y más hablante de Tzeltal (Tseltal),2020,1.42045454545454,Porcentaje
09,Ciudad de México,017,Venustiano Carranza,6200240538,Población de 5 años y más hablante del Resto de lenguas,2020,309,Personas
09,Ciudad de México,017,Venustiano Carranza,6200240539,Tasa de monolingüismo de la población de 5 años y más hablante de Lenguas chinantecas,2020,0,Porcentaje
09,Ciudad de México,017,Venustiano Carranza,6200240540,Porcentaje de la población con discapacidad por enfermedad,2020,41.3416049272516,Porcentaje
09,Ciudad de México,017,Venustiano Carranza,6200240548,Porcentaje de mujeres de 25 a 29 años,2020,3.99130138577768,Porcentaje
09,Ciudad de México,017,Venustiano Carranza,6200240549,Porcentaje de mujeres de 30 a 34 años,2020,3.99964808510926,Porcentaje
09,Ciudad de México,017,Venustiano Carranza,6205370864,Porcentaje de población que se considera afrodescendiente,2020,2.3581036005986,Porcentaje
09,Ciudad de México,017,Venustiano Carranza,6207019007,Porcentaje de la población de 12 años y más viuda,2020,6.31429909892934,Porcentaje
09,Ciudad de México,017,Venustiano Carranza,6207019009,Porcentaje de la población de 12 años y más casada,2020,27.6439998848472,Porcentaje
09,Ciudad de México,017,Venustiano Carranza,6207019010,Porcentaje de población de 25 años y más alfabeta,2020,98.5925889148172,Porcentaje
09,Ciudad de México,017,Venustiano Carranza,6207019011,Porcentaje de la población de 12 años y más soltera,2020,39.0501464272535,Porcentaje
09,Ciudad de México,017,Venustiano Carranza,6207019012,Porcentaje de la población de 12 años y más separada,2020,6.63201614232886,Porcentaje
09,Ciudad de México,017,Venustiano Carranza,6207019016,Porcentaje de la población de 12 años y más divorciada,2020,3.37659414657381,Porcentaje
09,Ciudad de México,017,Venustiano Carranza,6207019017,Porcentaje de población afiliada a otra institución,2020,0.829052726998036,Porcentaje
09,Ciudad de México,017,Venustiano Carranza,6207019018,Porcentaje de población afiliada a servicios de salud,2020,71.6044930854804,Porcentaje
09,Ciudad de México,017,Venustiano Carranza,6207019019,Porcentaje de la población de 12 años y más en unión libre,2020,16.905739581943,Porcentaje
09,Ciudad de México,017,Venustiano Carranza,6207019020,Porcentaje de población de 15 años y más sin escolaridad,2020,1.25681803246369,Porcentaje
09,Ciudad de México,017,Venustiano Carranza,6207019022,Porcentaje de viviendas particulares habitadas propias,2020,53.6646377672209,Porcentaje
09,Ciudad de México,017,Venustiano Carranza,6207019023,Porcentaje de hijos fallecidos de las mujeres de 15 a 49 años,2020,2.97759956197562,Porcentaje
09,Ciudad de México,017,Venustiano Carranza,6207019024,Porcentaje de la población de 3 a 5 años que asiste a la escuela,2020,75.0953303744452,Porcentaje
09,Ciudad de México,017,Venustiano Carranza,6207019026,Porcentaje de la población de 6 a 11 años que asiste a la escuela,2020,94.7352197768325,Porcentaje
09,Ciudad de México,017,Venustiano Carranza,6207019028,Porcentaje de la población de 12 a 14 años que asiste a la escuela,2020,93.0562955070147,Porcentaje
09,Ciudad de México,017,Venustiano Carranza,6207019029,Porcentaje de la población de 15 a 24 años que asiste a la escuela,2020,54.5337834625077,Porcentaje
09,Ciudad de México,017,Venustiano Carranza,6207019030,Porcentaje de población de 12 años y más económicamente activa,2020,64.7661220462653,Porcentaje
09,Ciudad de México,017,Venustiano Carranza,6207019031,Porcentaje de población de 15 años y más con escolaridad básica,2020,35.0466035793301,Porcentaje
09,Ciudad de México,017,Venustiano Carranza,6207019034,Porcentaje de población de 3 años y más hablante de lengua indígena,2020,1.15459655316579,Porcentaje
09,Ciudad de México,017,Venustiano Carranza,6207019035,Porcentaje de la población de 12 años y más No Económicamente Activa,2020,35.0415204356963,Porcentaje
09,Ciudad de México,017,Venustiano Carranza,6207019036,Promedio de hijos nacidos vivos de las mujeres de 15 a 49 años EI2015,2020,1.05942561775518,Promedio
09,Ciudad de México,017,Venustiano Carranza,6207019039,Porcentaje de la población de 12 años y más económicamente activa ocupada,2020,97.7011540699554,Porcentaje
09,Ciudad de México,017,Venustiano Carranza,6207019040,Porcentaje de la población femenina de 12 años y más económicamente activa,2020,45.9938902178832,Porcentaje
09,Ciudad de México,017,Venustiano Carranza,6207019042,Porcentaje de viviendas particulares habitadas que disponen de Internet,2020,75.3104466592839,Porcentaje
09,Ciudad de México,017,Venustiano Carranza,6207019043,Porcentaje de la población masculina de 12 años y más económicamente activa,2020,54.0061097821168,Porcentaje
09,Ciudad de México,017,Venustiano Carranza,6207019046,Porcentaje de viviendas particulares habitadas que disponen de computadora,2020,58.6467331118494,Porcentaje
09,Ciudad de México,017,Venustiano Carranza,6207019047,Porcentaje de la población de 12 años y más no económicamente activa que estudia,2020,35.3869478841472,Porcentaje
09,Ciudad de México,017,Venustiano Carranza,6207019050,Porcentaje de viviendas particulares habitadas que disponen de teléfono fijo,2020,68.5537098560354,Porcentaje
09,Ciudad de México,017,Venustiano Carranza,6207019051,Porcentaje de la población de 12 años y más sin especificar su situación conyugal,2020,0.0772047181242656,Porcentaje
09,Ciudad de México,017,Venustiano Carranza,6207019054,Porcentaje de la población femenina de 12 años y más económicamente activa ocupada,2020,98.068914621075,Porcentaje
09,Ciudad de México,017,Venustiano Carranza,6207019055,Porcentaje de viviendas particulares habitadas que disponen de teléfono celular,2020,91.7268364710225,Porcentaje
09,Ciudad de México,017,Venustiano Carranza,6207019056,Porcentaje de la población masculina de 12 años y más económicamente activa ocupada,2020,97.3879536101758,Porcentaje
09,Ciudad de México,017,Venustiano Carranza,6207019057,Porcentaje de viviendas particulares habitadas que disponen de televisión de paga,2020,45.9896640826873,Porcentaje
09,Ciudad de México,017,Venustiano Carranza,6207019058,Porcentaje de población de 3 años y más hablante de lengua indígena que no habla español,2020,0.824783745725206,Porcentaje
09,Ciudad de México,017,Venustiano Carranza,6207019059,Porcentaje de población de 12 años con condición de actividad económica no especificada,2020,0.192357518038424,Porcentaje
09,Ciudad de México,017,Venustiano Carranza,6207019060,Porcentaje de la población de 12 años y más no económicamente activa que es pensionada o jubilada,2020,18.4175541846535,Porcentaje
09,Ciudad de México,017,Venustiano Carranza,6207019063,Porcentaje de superficie en el ámbito geográfico de referencia respecto a la unidad geográfica superior,2020,2.26614633841578,Porcentaje
09,Ciudad de México,017,Venustiano Carranza,6207019064,Porcentaje de la población de 12 años y más no económicamente activa que se dedica a los quehaceres del hogar,2020,34.6863937144308,Porcentaje
09,Ciudad de México,017,Venustiano Carranza,6207019065,Porcentaje de la población de 12 años y más no económicamente activa que realiza otras actividades no económicas,2020,8.79875125098959,Porcentaje
09,Ciudad de México,017,Venustiano Carranza,6207019070,Porcentaje de la población de 12 años y más no económicamente activa con alguna limitación física o mental que les impide trabajar,2020,2.7103529657789,Porcentaje
09,Ciudad de México,017,Venustiano Carranza,6207020032,Porcentaje de hombres,2020,47.3554441699872,Porcentaje
09,Ciudad de México,017,Venustiano Carranza,6207020033,Porcentaje de mujeres,2020,52.6445558300128,Porcentaje
09,Ciudad de México,017,Venustiano Carranza,6207020035,Promedio de ocupantes por cuarto (Índice de hacinamiento),2020,0.819162509504293,Promedio
09,Ciudad de México,017,Venustiano Carranza,6207049066,Población de 6 a 14 años que sabe leer y escribir,2020,45766,Porcentaje
09,Ciudad de México,017,Venustiano Carranza,6207049067,Población de 6 a 14 años que no sabe leer y escribir,2020,3160,Porcentaje
09,Ciudad de México,017,Venustiano Carranza,6207049068,Porcentaje de la población de 3 años y más que asiste a la escuela,2020,24.1629116922934,Porcentaje
09,Ciudad de México,017,Venustiano Carranza,6207049069,Porcentaje de la población de 3 años y más que no asiste a la escuela,2020,75.7458075904678,Porcentaje
09,Ciudad de México,017,Venustiano Carranza,6207049070,Población de 6 a 14 años que no especificó si sabe o no leer y escribir,2020,409,Porcentaje
09,Ciudad de México,017,Venustiano Carranza,6207049071,Porcentaje de la población de 3 años y más que no especificó si asiste o no a la escuela,2020,0.0912807172388164,Porcentaje
09,Ciudad de México,017,Venustiano Carranza,6207051593,Porcentaje de población de 6 a 14 años que no asiste a la escuela,2020,5.772778,Porcentaje
09,Ciudad de México,017,Venustiano Carranza,6207068394,Porcentaje de viviendas con agua entubada dentro de la vivienda,2020,96.156515319306,Porcentaje
09,Ciudad de México,017,Venustiano Carranza,6207129629,Porcentaje de la población nacional/estatal que representa,2020,4.81766230066111,Porcentaje
09,Ciudad de México,017,Venustiano Carranza,6207129630,Promedio de ocupantes por dormitorio,2020,1.61355002264791,Promedio
09,Ciudad de México,017,Venustiano Carranza,6207129631,Porcentaje de viviendas particulares habitadas que disponen de tinaco,2020,91.8058324104836,Porcentaje
09,Ciudad de México,017,Venustiano Carranza,6207129632,Porcentaje de viviendas particulares habitadas que disponen de cisterna o aljibe,2020,78.8468069398302,Porcentaje
09,Ciudad de México,017,Venustiano Carranza,6207129635,Porcentaje de viviendas particulares habitadas que disponen de Automóvil o camioneta,2020,40.6688815060908,Porcentaje
09,Ciudad de México,017,Venustiano Carranza,6207129636,Porcentaje de viviendas particulares habitadas que disponen de motocicleta o motoneta,2020,7.50092284976006,Porcentaje
09,Ciudad de México,017,Venustiano Carranza,6207129637,Porcentaje de viviendas particulares habitadas que disponen de bicicleta como medio de transporte,2020,21.3968253968254,Porcentaje
09,Ciudad de México,017,Venustiano Carranza,6207129638,Porcentaje de la población con algún tipo de  discapacidad,2020,5.74121486396336,Porcentaje
09,Ciudad de México,017,Venustiano Carranza,6207129639,Porcentaje de la población entre 0 y 17 años con algún tipo de  discapacidad,2020,1.84196504132145,Porcentaje
09,Ciudad de México,017,Venustiano Carranza,6207129640,Porcentaje de la población entre 18 y 29 años con algún tipo de  discapacidad,2020,1.9370249188241,Porcentaje
09,Ciudad de México,017,Venustiano Carranza,6207129641,Porcentaje de la población entre 30 y 59 años con algún tipo de  discapacidad,2020,3.81924337648953,Porcentaje
09,Ciudad de México,017,Venustiano Carranza,6207129642,Porcentaje de la población de 60 años y más con algún tipo de  discapacidad,2020,18.9516741806393,Porcentaje
09,Ciudad de México,017,Venustiano Carranza,6207129643,Porcentaje de la población de 5 y más años migrante según causa: Trabajo,2020,25.0665090156666,Porcentaje
09,Ciudad de México,017,Venustiano Carranza,6207129644,Porcentaje de la población de 5 y más años migrante según causa: Familiar,2020,40.8217558380136,Porcentaje
09,Ciudad de México,017,Venustiano Carranza,6207129645,Porcentaje de la población de 5 y más años migrante según causa: Educativa,2020,6.17794856636122,Porcentaje
09,Ciudad de México,017,Venustiano Carranza,6207129646,Porcentaje de la población de 5 y más años migrante según causa: Inseguridad delictiva o violencia,2020,4.95286891976221,Porcentaje
09,Ciudad de México,017,Venustiano Carranza,6207129647,Porcentaje de la población de 5 y más años migrante según causa: Otra causa,2020,19.965842283312,Porcentaje
09,Ciudad de México,017,Venustiano Carranza,6207129648,Promedio de hijos nacidos vivos por grupo de edad: 15-19,2020,0.0572639795437723,Promedio
09,Ciudad de México,017,Venustiano Carranza,6207129649,Promedio de hijos nacidos vivos por grupo de edad: 20-24,2020,0.354629855851454,Promedio
09,Ciudad de México,017,Venustiano Carranza,6207129650,Promedio de hijos nacidos vivos por grupo de edad: 25-29,2020,0.749660633484163,Promedio
09,Ciudad de México,017,Venustiano Carranza,6207129651,Promedio de hijos nacidos vivos por grupo de edad: 30-34,2020,1.13149277326107,Promedio
09,Ciudad de México,017,Venustiano Carranza,6207129652,Promedio de hijos nacidos vivos por grupo de edad: 35-39,2020,1.46335586247429,Promedio
09,Ciudad de México,017,Venustiano Carranza,6207129653,Promedio de hijos nacidos vivos por grupo de edad: 40-44,2020,1.68697593050612,Promedio
09,Ciudad de México,017,Venustiano Carranza,6207129654,Promedio de hijos nacidos vivos por grupo de edad: 45-49,2020,1.84408412642463,Promedio
09,Ciudad de México,017,Venustiano Carranza,6207129812,Porcentaje de viviendas particulares habitadas que disponen de refrigerador,2020,94.7397563676633,Porcentaje
09,Ciudad de México,017,Venustiano Carranza,6207129813,Porcentaje de viviendas particulares habitadas que disponen de lavadora,2020,83.2905131044666,Porcentaje
09,Ciudad de México,017,Venustiano Carranza,6207129818,Porcentaje de la población derechohabiente en Instituto de Salud para el Bienestar (IMSS-PROSPERA o IMSS-BIENESTAR),2020,0.326710983532256,Porcentaje
09,Ciudad de México,017,Venustiano Carranza,6207129822,Ubicación geográfica con la mayor cantidad de pobladores. Primer lugar,2020,90170001,No aplica
09,Ciudad de México,017,Venustiano Carranza,6207129825,Población de la ubicación geográfica con la mayor cantidad de pobladores. Primer lugar,2020,443704,Personas
09,Ciudad de México,017,Venustiano Carranza,6207129828,Lengua indígena más frecuente. Descripción. Primer lugar,2020,211,No aplica
09,Ciudad de México,017,Venustiano Carranza,6207129830,Lengua indígena más frecuente. Porcentaje. Primer lugar,2020,22.7254098360656,Porcentaje
09,Ciudad de México,017,Venustiano Carranza,6207129840,Total de áreas geográficas,2020,1,Municipios

